; generated by PrusaSlicer 2.9.4 on 2026-05-23 at 18:18:55 UTC

; 

; external perimeters extrusion width = 0.45mm
; perimeters extrusion width = 0.45mm
; infill extrusion width = 0.45mm
; solid infill extrusion width = 0.45mm
; top infill extrusion width = 0.40mm
; first layer extrusion width = 0.50mm

M73 P0 R29
M73 Q0 S29

; printing object Lil Dick.stl id:0 copy 0
; stop printing object Lil Dick.stl id:0 copy 0

M190 S40 ; set bed temperature and wait for it to be reached
M104 S200 ; set temperature
;TYPE:Custom
G28 ; home all axes
G1 Z5 F5000 ; lift nozzle
M109 S200 ; set temperature and wait for it to be reached
G21 ; set units to millimeters
G90 ; use absolute coordinates
M82 ; use absolute distances for extrusion
G92 E0
; Filament gcode
M107
;LAYER_CHANGE
;Z:0.55
;HEIGHT:0.55
; printing object Lil Dick.stl id:0 copy 0
G92 E0
G1 X106.196 Y109.794 F7800
G1 Z.55
;TYPE:External perimeter
;WIDTH:0.499999
;HEIGHT:0.25
G1 F645.235
G1 X106.049 Y109.925 E.0106
;WIDTH:0.494249
G1 F653.656
G1 X105.689 Y110.116 E.03225
;WIDTH:0.467799
G1 F695.402
G1 X105.096 Y110.27 E.06284
;WIDTH:0.485147
G1 F667.444
G1 X104.554 Y110.258 E.09104
;WIDTH:0.499999
G1 F645.235
G1 X104.053 Y110.11 E.11915
G1 X103.716 Y109.901 E.14049
G1 X103.46 Y109.658 E.15949
G1 X103.26 Y109.372 E.17827
G1 X103.123 Y109.053 E.19695
G1 X103.056 Y108.715 E.21549
G1 X103.061 Y108.371 E.234
G1 X103.138 Y108.035 E.25255
G1 X103.283 Y107.722 E.27111
G1 X103.49 Y107.441 E.28989
G1 X103.914 Y107.104 E.31904
G1 X104.376 Y106.899 E.34624
G1 X104.826 Y106.835 E.3707
G1 X105.395 Y106.895 E.40149
G1 X105.785 Y107.041 E.4239
G1 X106.084 Y107.231 E.44296
G1 X106.34 Y107.475 E.46199
G1 X106.54 Y107.761 E.48077
G1 X106.677 Y108.079 E.4994
G1 X106.744 Y108.418 E.518
G1 X106.739 Y108.762 E.53651
G1 X106.662 Y109.097 E.55501
G1 X106.517 Y109.412 E.57367
G1 X106.29 Y109.71 E.59383
G1 X106.241 Y109.754 E.59737
G1 X105.915 Y109.987 F7800
G92 E0
G1 X104.835 Y98.689
;TYPE:Perimeter
G1 F645.235
G1 X105.33 Y98.61 E.02698
G1 X105.647 Y98.492 E.04518
G1 X106.166 Y98.203 E.07715
G1 X107.028 Y97.556 E.13515
G1 X107.711 Y97.206 E.17645
G1 X108.885 Y96.847 E.24252
G1 X109.606 Y96.821 E.28135
G1 X110.308 Y96.946 E.31972
G1 X111.023 Y97.251 E.36155
G1 X111.462 Y97.742 E.39699
G1 X111.945 Y98.517 E.44613
G1 X112.246 Y99.236 E.48808
G1 X112.416 Y99.715 E.51543
G1 X112.472 Y100.047 E.53355
G1 X112.474 Y100.337 E.54916
G1 X112.433 Y100.639 E.56556
G1 X112.291 Y100.905 E.58179
G1 X111.946 Y101.328 E.61117
G1 X111.19 Y101.971 E.66458
G1 X110.373 Y102.597 E.71997
G1 X109.908 Y102.978 E.75232
G1 X109.263 Y103.702 E.8045
G1 X109.091 Y103.958 E.8211
G1 X108.847 Y104.463 E.85128
G1 X108.718 Y104.859 E.87369
G1 X108.144 Y107.064 E.99631
G1 X107.866 Y107.681 E1.03273
G1 X107.601 Y108.133 E1.06093
G1 X107.549 Y107.891 E1.07425
G1 X107.355 Y107.397 E1.10281
G1 X107.065 Y106.954 E1.1313
G1 X106.692 Y106.577 E1.15984
G1 X106.255 Y106.282 E1.18821
G1 X105.774 Y106.075 E1.21639
G1 X105.343 Y105.991 E1.24002
G1 X104.777 Y105.941 E1.2706
G1 X104.252 Y106.015 E1.29913
G1 X103.731 Y106.189 E1.32869
G1 X103.28 Y106.446 E1.35662
G1 X102.882 Y106.787 E1.38482
G1 X102.558 Y107.201 E1.41311
G1 X102.323 Y107.67 E1.44134
G1 X102.188 Y108.184 E1.46994
G1 X102.163 Y108.715 E1.49855
G1 X102.232 Y109.156 E1.52257
G1 X102.061 Y109.006 E1.53481
G1 X101.638 Y108.391 E1.57498
G1 X101.179 Y107.024 E1.65258
G1 X100.779 Y105.223 E1.75186
G1 X100.418 Y104.148 E1.81289
G1 X100.193 Y103.641 E1.84274
G1 X99.936 Y103.184 E1.87096
G1 X99.697 Y102.89 E1.89135
G1 X98.765 Y102.079 E1.95784
G1 X98.303 Y101.75 E1.98836
G1 X98.146 Y101.562 E2.00154
G1 X97.862 Y101.121 E2.02977
G1 X97.665 Y100.644 E2.05754
G1 X97.544 Y100.093 E2.0879
G1 X97.561 Y99.381 E2.12623
G1 X97.741 Y98.738 E2.16216
G1 X98.067 Y98.167 E2.19754
G1 X98.85 Y97.449 E2.25471
G1 X99.11 Y97.264 E2.27188
M73 P0 R28
G1 X99.467 Y97.128 E2.29244
G1 X100.096 Y97.009 E2.32689
G1 X100.636 Y97.007 E2.35595
G1 X101.372 Y97.167 E2.39648
G1 X102.271 Y97.625 E2.45078
G1 X103.459 Y98.329 E2.5251
G1 X103.943 Y98.552 E2.55378
G1 X104.243 Y98.641 E2.57062
G1 X104.744 Y98.703 E2.59779
G1 X104.776 Y98.698 E2.59953
G1 X104.804 Y98.24 F7800
G1 F645.235
G1 X104.933 Y98.236 E2.60648
G1 X105.43 Y98.102 E2.63418
G1 X105.893 Y97.845 E2.66268
G1 X106.796 Y97.173 E2.72326
G1 X107.543 Y96.791 E2.76841
G1 X108.811 Y96.403 E2.83977
G1 X109.637 Y96.373 E2.88425
G1 X110.434 Y96.515 E2.92782
G1 X111.162 Y96.816 E2.97021
G1 X111.36 Y96.958 E2.98332
G1 X111.81 Y97.457 E3.01948
G1 X112.343 Y98.311 E3.07365
G1 X112.688 Y99.137 E3.12182
G1 X112.878 Y99.686 E3.15308
G1 X112.922 Y100.481 E3.19593
G1 X112.78 Y100.992 E3.22447
G1 X112.247 Y101.658 E3.27038
G1 X111.471 Y102.318 E3.3252
G1 X110.241 Y103.275 E3.40907
G1 X109.496 Y104.148 E3.47083
G1 X109.248 Y104.658 E3.50135
G1 X108.961 Y105.652 E3.55703
G1 X108.602 Y107.102 E3.63742
G1 X108.4 Y107.618 E3.66724
G1 X108.111 Y108.155 E3.70006
G1 X107.779 Y108.625 E3.73103
G1 X107.452 Y109.005 E3.75801
G1 X107.003 Y109.43 E3.79128
G1 X107.07 Y109.278 E3.80022
G1 X107.176 Y108.856 E3.82364
G1 X107.191 Y108.418 E3.84722
G1 X107.113 Y107.985 E3.8709
G1 X106.947 Y107.579 E3.8945
G1 X106.702 Y107.214 E3.91816
G1 X106.388 Y106.904 E3.94191
G1 X105.908 Y106.606 E3.97231
G1 X105.442 Y106.451 E3.99874
G1 X104.873 Y106.391 E4.02953
G1 X104.38 Y106.446 E4.05623
G1 X103.892 Y106.606 E4.08387
G1 X103.515 Y106.826 E4.10736
G1 X103.186 Y107.114 E4.13089
G1 X102.92 Y107.461 E4.15442
G1 X102.73 Y107.853 E4.17786
G1 X102.624 Y108.277 E4.20138
G1 X102.609 Y108.715 E4.22496
G1 X102.687 Y109.147 E4.24858
G1 X102.852 Y109.553 E4.27216
G1 X103.098 Y109.919 E4.29589
G1 X103.286 Y110.112 E4.31039
G1 X102.704 Y109.997 E4.34232
G1 X102.467 Y109.906 E4.35598
G1 X101.818 Y109.398 E4.40033
G1 X101.547 Y109.051 E4.42402
G1 X101.221 Y108.55 E4.45619
G1 X100.749 Y107.144 E4.536
G1 X100.385 Y105.508 E4.62619
G1 X100.197 Y104.876 E4.66167
G1 X100.007 Y104.324 E4.69309
G1 X99.804 Y103.86 E4.72035
G1 X99.547 Y103.403 E4.74857
G1 X99.403 Y103.227 E4.76081
G1 X98.488 Y102.43 E4.82611
G1 X97.998 Y102.081 E4.85848
G1 X97.649 Y101.664 E4.88774
G1 X97.339 Y101.091 E4.9228
G1 X97.24 Y100.781 E4.94031
G1 X97.097 Y100.127 E4.97634
G1 X97.116 Y99.315 E5.02005
G1 X97.324 Y98.572 E5.06157
G1 X97.581 Y98.083 E5.0913
M73 Q0 S28
G1 X97.751 Y97.851 E5.10678
G1 X98.708 Y96.974 E5.17664
G1 X98.899 Y96.871 E5.18832
G1 X99.511 Y96.646 E5.22341
G1 X100.062 Y96.563 E5.2534
G1 X100.683 Y96.561 E5.28682
G1 X101.522 Y96.743 E5.33302
G1 X102.398 Y97.181 E5.38573
G1 X103.649 Y97.922 E5.46398
G1 X104.129 Y98.146 E5.49249
G1 X104.63 Y98.245 E5.51997
G1 X104.744 Y98.242 E5.52611
G1 X104.775 Y97.799 F7800
;TYPE:External perimeter
G1 F645.235
G1 X105.213 Y97.712 E5.55014
G1 X105.765 Y97.401 E5.58424
G1 X106.151 Y97.083 E5.61115
G1 X106.564 Y96.79 E5.6384
G1 X107.374 Y96.376 E5.68735
G1 X108.736 Y95.959 E5.764
G1 X109.668 Y95.925 E5.81419
G1 X110.56 Y96.084 E5.86295
G1 X111.585 Y96.537 E5.92326
G1 X112.159 Y97.172 E5.96932
G1 X112.741 Y98.106 E6.02854
G1 X113.106 Y98.978 E6.07941
G1 X113.312 Y99.576 E6.11345
G1 X113.367 Y100.331 E6.15419
G1 X113.329 Y100.714 E6.1749
G1 X113.179 Y101.203 E6.20243
G1 X112.892 Y101.595 E6.22858
G1 X112.548 Y101.988 E6.25669
G1 X111.751 Y102.666 E6.313
G1 X110.574 Y103.572 E6.39293
G1 X109.896 Y104.346 E6.4483
G1 X109.65 Y104.853 E6.47863
G1 X109.394 Y105.759 E6.5293
G1 X108.991 Y107.347 E6.61747
G1 X108.797 Y107.822 E6.64508
G1 X108.492 Y108.388 E6.67968
G1 X108.126 Y108.905 E6.71377
G1 X107.771 Y109.317 E6.74304
G1 X107.19 Y109.857 E6.78573
G1 X106.761 Y110.128 E6.81304
G1 X105.81 Y110.511 E6.86821
;WIDTH:0.467799
G1 F695.402
G1 X105.176 Y110.662 E6.90075
;WIDTH:0.464132
G1 F701.614
G1 X104.748 Y110.689 E6.92197
;WIDTH:0.494862
G1 F652.747
G1 X104.248 Y110.66 E6.94861
;WIDTH:0.499999
G1 F645.235
G1 X103.588 Y110.603 E6.98426
G1 X103.012 Y110.525 E7.01554
G1 X102.513 Y110.41 E7.0431
G1 X102.222 Y110.281 E7.06023
G1 X101.431 Y109.663 E7.11425
G1 X101.011 Y109.065 E7.15358
G1 X100.803 Y108.709 E7.17577
G1 X100.318 Y107.264 E7.2578
G1 X99.901 Y105.394 E7.36091
G1 X99.672 Y104.719 E7.39927
G1 X99.415 Y104.079 E7.43639
G1 X99.11 Y103.563 E7.46865
G1 X98.212 Y102.781 E7.53273
G1 X97.693 Y102.411 E7.56703
G1 X97.278 Y101.917 E7.60175
G1 X96.927 Y101.267 E7.6415
G1 X96.747 Y100.706 E7.67321
G1 X96.65 Y100.162 E7.70295
G1 X96.671 Y99.249 E7.7521
G1 X96.907 Y98.406 E7.79921
G1 X97.271 Y97.713 E7.84134
G1 X97.436 Y97.535 E7.8544
G1 X98.448 Y96.607 E7.92829
G1 X98.867 Y96.381 E7.95391
G1 X99.41 Y96.209 E7.98456
G1 X100.028 Y96.117 E8.01818
G1 X100.73 Y96.114 E8.05596
G1 X101.672 Y96.318 E8.10783
G1 X102.612 Y96.789 E8.16441
G1 X103.587 Y97.367 E8.22541
M73 P1 R28
M73 Q1 S28
G1 X104.314 Y97.74 E8.26938
G1 X104.716 Y97.806 E8.2913
G1 X105.109 Y97.732 F7800
G92 E0
G1 X111.757 Y98.468
;TYPE:Solid infill
;WIDTH:0.512872
G1 F627.148
G1 X110.801 Y97.512 E.07486
G1 X110.214 Y97.269 E.11004
G1 X109.843 Y97.203 E.1309
G1 X111.889 Y99.249 E.2911
G1 X112.118 Y99.88 E.32827
G1 X112.138 Y100.148 E.34315
G1 X109.162 Y97.172 E.57618
G1 X108.941 Y97.18 E.58842
G1 X108.619 Y97.278 E.60706
G1 X112.032 Y100.692 E.87434
G1 X111.82 Y100.982 E.89423
G1 X111.746 Y101.055 E.89999
G1 X108.122 Y97.43 E1.18379
G1 X107.837 Y97.518 E1.2003
G1 X107.653 Y97.612 E1.21174
G1 X111.397 Y101.355 E1.50486
G1 X111.046 Y101.654 E1.53039
G1 X107.224 Y97.831 E1.8297
G1 X106.844 Y98.102 E1.85554
G1 X110.683 Y101.94 E2.1561
G1 X110.316 Y102.222 E2.18173
G1 X106.485 Y98.391 E2.4817
G1 X106.077 Y98.633 E2.50796
G1 X109.949 Y102.505 E2.81114
G1 X109.76 Y102.651 E2.82436
G1 X109.612 Y102.817 E2.83667
G1 X105.649 Y98.854 E3.14698
G1 X105.535 Y98.903 E3.15385
G1 X105.132 Y98.986 E3.17663
G1 X109.306 Y103.161 E3.5035
G1 X109 Y103.504 E3.52895
G1 X104.513 Y99.017 E3.88029
G1 X104.102 Y98.956 E3.9033
G1 X103.866 Y98.883 E3.91698
G1 X103.614 Y98.768 E3.93232
G1 X108.749 Y103.903 E4.3344
G1 X108.544 Y104.347 E4.36148
G1 X102.123 Y97.926 E4.86425
G1 X101.26 Y97.485 E4.91791
G1 X100.97 Y97.422 E4.93434
G1 X108.379 Y104.831 E5.51448
G1 X108.237 Y105.339 E5.54368
G1 X100.242 Y97.344 E6.1697
G1 X100.122 Y97.344 E6.17634
G1 X99.665 Y97.416 E6.20196
G1 X108.106 Y105.858 E6.86294
G1 X107.979 Y106.379 E6.89263
G1 X99.197 Y97.598 E7.58023
G1 X98.853 Y97.903 E7.60568
G1 X107.847 Y106.897 E8.30992
G1 X107.764 Y107.146 E8.32445
G1 X107.68 Y107.31 E8.33465
G1 X107.516 Y107.008 E8.35368
G1 X107.333 Y106.754 E8.37101
G1 X107.15 Y106.546 E8.38635
G1 X106.916 Y106.328 E8.40406
G1 X106.702 Y106.165 E8.41895
G1 X106.427 Y105.995 E8.43685
G1 X106.171 Y105.87 E8.45262
G1 X98.515 Y98.215 E9.05206
G1 X98.281 Y98.43 E9.06965
G1 X98.212 Y98.561 E9.07785
G1 X105.306 Y105.655 E9.63332
G1 X104.918 Y105.61 E9.65495
G1 X104.622 Y105.62 E9.67135
G1 X98.012 Y99.011 E10.18888
G1 X97.895 Y99.431 E10.21302
M73 P2 R28
M73 Q2 S28
G1 X97.892 Y99.54 E10.21906
G1 X104.066 Y105.714 E10.70249
G1 X103.595 Y105.892 E10.73037
G1 X97.904 Y100.201 E11.17598
G1 X97.941 Y100.41 E11.18773
G1 X98.061 Y100.784 E11.20948
G1 X98.298 Y101.223 E11.2371
G1 X98.413 Y101.36 E11.247
G1 X103.173 Y106.12 E11.61971
G1 X102.805 Y106.402 E11.64538
G1 X100.888 Y104.484 E11.79552
G1 X101.065 Y105.006 E11.82604
G1 X101.155 Y105.401 E11.84847
G1 X102.486 Y106.732 E11.95269
G1 X102.221 Y107.116 E11.97852
G1 X101.345 Y106.24 E12.04711
G1 X101.502 Y106.934 E12.08651
G1 X101.559 Y107.104 E12.09644
G1 X102.169 Y107.714 E12.1442
;LAYER_CHANGE
;Z:0.75
;HEIGHT:0.2
G92 E0
G1 Z.75 F7800
M104 S190 ; set temperature
M140 S30 ; set bed temperature
G1 X106.294 Y109.811
;TYPE:External perimeter
;WIDTH:0.449999
G1 F884.349
G1 X106.035 Y110.067 E.0143
;WIDTH:0.444068
G1 F897.424
G1 X105.732 Y110.236 E.02772
;WIDTH:0.418054
G1 F900
G1 X105.323 Y110.368 E.04327
;WIDTH:0.407246
G1 X105.076 Y110.408 E.05206
;WIDTH:0.428811
G1 X104.638 Y110.409 E.06836
;WIDTH:0.443885
G1 F897.834
G1 X104.357 Y110.361 E.07939
;WIDTH:0.449999
G1 F884.349
G1 X104.028 Y110.234 E.09324
G1 X103.733 Y110.046 E.10698
G1 X103.48 Y109.807 E.12065
G1 X103.282 Y109.525 E.13418
G1 X103.148 Y109.211 E.14758
G1 X103.081 Y108.855 E.1618
G1 X103.086 Y108.536 E.17433
G1 X103.161 Y108.208 E.18754
G1 X103.303 Y107.9 E.20086
G1 X103.507 Y107.623 E.21437
G1 X103.764 Y107.39 E.22799
G1 X104.062 Y107.209 E.24168
G1 X104.51 Y107.066 E.26014
G1 X104.829 Y107.023 E.27278
G1 X105.392 Y107.083 E.29501
G1 X105.772 Y107.226 E.31095
G1 X106.068 Y107.414 E.32472
G1 X106.341 Y107.683 E.33977
G1 X106.517 Y107.935 E.35184
G1 X106.68 Y108.377 E.37034
G1 X106.719 Y108.878 E.39007
G1 X106.59 Y109.361 E.4097
G1 X106.37 Y109.737 E.4268
G1 X106.337 Y109.769 E.4286
G1 X106.047 Y110.044 F7800
G92 E0
G1 X104.95 Y98.328
;TYPE:Perimeter
G1 F884.349
G1 X105.167 Y98.305 E.00857
G1 X105.543 Y98.179 E.02414
G1 X106.237 Y97.726 E.05668
G1 X106.982 Y97.189 E.09274
G1 X107.459 Y96.913 E.11438
G1 X108.214 Y96.663 E.14561
G1 X108.776 Y96.537 E.16822
G1 X109.406 Y96.496 E.19301
G1 X110.191 Y96.575 E.22399
G1 X110.814 Y96.773 E.24966
G1 X111.312 Y97.049 E.27202
G1 X111.671 Y97.42 E.29229
G1 X112.182 Y98.219 E.32953
G1 X112.504 Y98.929 E.36014
G1 X112.69 Y99.413 E.3805
G1 X112.848 Y100.246 E.41379
G1 X112.814 Y100.483 E.42319
G1 X112.698 Y100.921 E.44098
G1 X112.487 Y101.249 E.45629
G1 X112.058 Y101.678 E.48011
G1 X111.496 Y102.142 E.50873
G1 X110.111 Y103.112 E.57512
G1 X109.879 Y103.322 E.58741
G1 X109.375 Y103.864 E.61647
G1 X109.107 Y104.326 E.63744
G1 X108.879 Y104.851 E.65991
G1 X108.695 Y105.482 E.68572
G1 X108.521 Y106.262 E.7171
G1 X108.321 Y107.021 E.74792
G1 X108.069 Y107.625 E.77362
G1 X107.787 Y108.133 E.79643
G1 X107.522 Y108.469 E.81323
G1 X107.511 Y108.368 E.81722
G1 X107.382 Y107.876 E.83719
G1 X107.158 Y107.424 E.857
G1 X106.847 Y107.026 E.87683
G1 X106.465 Y106.698 E.8966
G1 X106.031 Y106.449 E.91625
G1 X105.479 Y106.273 E.939
G1 X104.872 Y106.21 E.96296
G1 X104.27 Y106.28 E.98676
G1 X103.769 Y106.449 E1.00752
G1 X103.335 Y106.698 E1.02717
G1 X102.953 Y107.026 E1.04694
G1 X102.642 Y107.424 E1.06677
G1 X102.418 Y107.876 E1.08658
G1 X102.289 Y108.369 E1.10659
G1 X102.266 Y108.878 E1.1266
G1 X102.369 Y109.435 E1.14884
G1 X101.846 Y109.001 E1.17553
G1 X101.537 Y108.497 E1.19874
G1 X101.365 Y108.108 E1.21544
G1 X101.106 Y107.342 E1.24719
G1 X100.547 Y105.156 E1.33578
G1 X100.357 Y104.58 E1.3596
G1 X100.119 Y103.988 E1.38465
G1 X99.838 Y103.39 E1.41059
G1 X99.545 Y103.059 E1.42795
G1 X99.057 Y102.639 E1.45323
G1 X98.606 Y102.423 E1.47286
G1 X98.071 Y102.013 E1.49933
G1 X97.689 Y101.552 E1.52284
G1 X97.475 Y101.17 E1.54003
G1 X97.263 Y100.531 E1.56646
G1 X97.172 Y99.967 E1.58889
G1 X97.201 Y99.406 E1.61095
G1 X97.323 Y98.918 E1.6307
G1 X97.48 Y98.429 E1.65087
G1 X97.815 Y97.909 E1.67516
G1 X98.678 Y97.113 E1.72126
G1 X99.174 Y96.865 E1.74303
G1 X99.646 Y96.728 E1.76233
G1 X100.148 Y96.654 E1.78225
G1 X100.725 Y96.667 E1.80491
G1 X101.264 Y96.764 E1.82641
G1 X101.757 Y96.934 E1.84689
G1 X102.308 Y97.242 E1.87168
G1 X103.72 Y98.109 E1.93674
G1 X104.203 Y98.298 E1.95711
G1 X104.576 Y98.367 E1.972
G1 X104.89 Y98.334 E1.9844
G1 X104.9 Y97.925 F7800
G1 F884.349
G1 X105.11 Y97.902 E1.99269
G1 X105.342 Y97.826 E2.00228
G1 X105.995 Y97.399 E2.03291
G1 X106.759 Y96.848 E2.0699
G1 X107.304 Y96.536 E2.09456
G1 X108.105 Y96.27 E2.1277
G1 X108.718 Y96.133 E2.15236
G1 X109.414 Y96.087 E2.17975
G1 X110.275 Y96.175 E2.21373
G1 X110.976 Y96.398 E2.24261
G1 X111.562 Y96.722 E2.2689
G1 X111.992 Y97.166 E2.29317
G1 X112.541 Y98.024 E2.33317
G1 X112.875 Y98.761 E2.36494
G1 X113.084 Y99.303 E2.38775
G1 X113.261 Y100.237 E2.42508
G1 X113.217 Y100.541 E2.43714
G1 X113.071 Y101.094 E2.4596
G1 X112.806 Y101.506 E2.47883
G1 X112.332 Y101.98 E2.50515
G1 X111.743 Y102.466 E2.53513
G1 X110.264 Y103.512 E2.60626
G1 X109.889 Y103.885 E2.62703
G1 X109.577 Y104.305 E2.64757
G1 X109.32 Y104.817 E2.67006
G1 X109.148 Y105.336 E2.69153
G1 X108.705 Y107.157 E2.76512
G1 X108.431 Y107.811 E2.79296
G1 X108.069 Y108.456 E2.822
G1 X107.366 Y109.245 E2.86349
G1 X106.924 Y109.613 E2.88607
G1 X107.096 Y109.084 E2.90791
G1 X107.126 Y108.582 E2.92766
G1 X107.078 Y108.292 E2.9392
G1 X106.889 Y107.769 E2.96104
G1 X106.672 Y107.446 E2.97632
G1 X106.345 Y107.115 E2.99459
G1 X105.952 Y106.86 E3.01298
G1 X105.435 Y106.678 E3.0345
G1 X104.873 Y106.618 E3.05669
G1 X104.446 Y106.664 E3.07355
G1 X103.915 Y106.829 E3.09538
G1 X103.549 Y107.044 E3.11205
G1 X103.23 Y107.325 E3.12874
G1 X102.973 Y107.662 E3.14538
G1 X102.789 Y108.042 E3.16196
G1 X102.688 Y108.451 E3.1785
G1 X102.674 Y108.878 E3.19527
G1 X102.789 Y109.416 E3.21687
G1 X103.026 Y109.873 E3.23708
G1 X103.34 Y110.238 E3.25599
G1 X102.848 Y110.169 E3.2755
G1 X102.527 Y110.061 E3.2888
G1 X101.842 Y109.549 E3.32238
G1 X101.524 Y109.255 E3.33938
G1 X101.19 Y108.71 E3.36448
G1 X100.984 Y108.254 E3.38413
G1 X100.715 Y107.457 E3.41716
G1 X100.16 Y105.283 E3.50526
G1 X99.971 Y104.706 E3.5291
G1 X99.75 Y104.158 E3.5523
G1 X99.5 Y103.62 E3.57559
G1 X99.271 Y103.359 E3.58922
G1 X98.847 Y102.988 E3.61134
G1 X98.394 Y102.773 E3.63103
G1 X97.787 Y102.308 E3.66105
G1 X97.352 Y101.783 E3.68782
G1 X97.101 Y101.335 E3.70798
G1 X96.866 Y100.628 E3.73723
G1 X96.763 Y99.989 E3.76264
G1 X96.796 Y99.345 E3.78796
G1 X96.936 Y98.786 E3.81059
G1 X97.112 Y98.249 E3.83278
G1 X97.501 Y97.645 E3.86099
G1 X98.445 Y96.775 E3.9114
G1 X99.025 Y96.485 E3.93686
G1 X99.559 Y96.33 E3.95869
G1 X100.123 Y96.246 E3.98108
G1 X100.753 Y96.261 E4.00582
G1 X101.368 Y96.37 E4.03034
G1 X101.925 Y96.563 E4.05349
G1 X102.518 Y96.893 E4.08014
G1 X103.868 Y97.73 E4.14251
G1 X104.351 Y97.918 E4.16286
G1 X104.575 Y97.96 E4.17181
G1 X104.84 Y97.931 E4.18228
G1 X104.858 Y97.638 F7800
;TYPE:External perimeter
G1 F884.349
G1 X105.023 Y97.674 E4.18891
G1 X105.377 Y97.128 E4.21446
G1 X106.021 Y96.895 E4.24135
G1 X106.672 Y96.576 E4.26982
G1 X107.06 Y96.287 E4.28882
G1 X107.718 Y95.965 E4.31758
G1 X108.365 Y95.711 E4.34487
G1 X109.007 Y95.682 E4.3701
G1 X109.692 Y95.565 E4.39739
G1 X110.281 Y95.801 E4.4223
G1 X110.948 Y95.763 E4.44853
G1 X111.501 Y96.227 E4.47687
G1 X112.031 Y96.574 E4.50174
G1 X112.276 Y97.209 E4.52846
G1 X112.69 Y97.788 E4.55641
G1 X113.179 Y98.33 E4.58507
G1 X113.464 Y98.926 E4.61101
G1 X113.485 Y99.39 E4.62925
G1 X113.563 Y99.975 E4.65242
G1 X113.776 Y100.62 E4.67909
G1 X113.539 Y100.999 E4.69664
G1 X113.412 Y101.663 E4.72318
G1 X112.822 Y101.894 E4.74806
G1 X112.677 Y102.425 E4.76967
G1 X112.166 Y102.712 E4.79268
G1 X111.616 Y102.817 E4.81467
G1 X111.195 Y103.401 E4.84294
G1 X110.366 Y103.984 E4.88273
G1 X110.143 Y104.446 E4.90287
G1 X109.379 Y105.383 E4.95034
G1 X109.224 Y105.952 E4.9735
G1 X109.263 Y107.058 E5.01695
G1 X108.852 Y107.489 E5.04033
G1 X108.896 Y108.219 E5.06905
G1 X108.521 Y108.756 E5.09477
G1 X107.591 Y109.746 E5.1481
G1 X107.15 Y110.181 E5.17242
G1 X106.503 Y110.16 E5.19784
G1 X105.99 Y110.38 E5.21976
;WIDTH:0.444068
G1 F897.424
G1 X105.608 Y110.833 E5.24269
G1 X105.003 Y110.713 E5.26655
;WIDTH:0.428811
G1 F932.906
G1 X104.553 Y110.744 E5.28334
;WIDTH:0.449999
G1 F884.349
G1 X103.781 Y110.885 E5.31415
G1 X103.144 Y110.437 E5.34473
G1 X102.414 Y110.518 E5.37357
G1 X101.851 Y110.039 E5.40259
G1 X101.424 Y109.718 E5.42357
G1 X101.118 Y109.201 E5.44716
G1 X100.565 Y108.683 E5.47691
G1 X100.302 Y108.114 E5.50152
G1 X100.44 Y107.538 E5.52478
G1 X100.037 Y106.899 E5.55444
G1 X99.858 Y105.675 E5.60301
G1 X99.894 Y105.15 E5.62367
G1 X99.566 Y104.467 E5.65342
G1 X99.309 Y104.079 E5.67169
G1 X99.018 Y103.442 E5.69919
G1 X98.459 Y103.093 E5.72507
G1 X97.888 Y102.682 E5.75269
G1 X97.3 Y102.617 E5.77592
G1 X97.22 Y102.007 E5.80008
G1 X96.884 Y101.663 E5.81896
G1 X96.543 Y101.019 E5.84757
G1 X96.242 Y100.358 E5.87609
G1 X96.338 Y99.857 E5.89612
G1 X96.205 Y99.387 E5.9153
G1 X96.375 Y98.762 E5.94073
G1 X96.791 Y98.168 E5.9692
G1 X96.925 Y97.596 E5.99227
G1 X97.422 Y97.109 E6.01959
G1 X97.817 Y96.587 E6.04529
G1 X98.447 Y96.163 E6.07511
G1 X99.032 Y95.872 E6.10076
G1 X100.133 Y95.877 E6.14399
G1 X100.659 Y96.044 E6.16566
G1 X101.269 Y95.767 E6.19197
G1 X101.723 Y95.92 E6.21078
G1 X102.158 Y96.449 E6.23767
G1 X102.715 Y96.496 E6.25962
G1 X103.321 Y96.831 E6.28681
G1 X103.931 Y97.1 E6.31299
G1 X104.463 Y97.552 E6.3404
G1 X104.8 Y97.625 E6.35394
G1 X105.169 Y97.472 F7800
G92 E0
G1 X98.78 Y97.265
;TYPE:Solid infill
;WIDTH:0.38292
G1 F1058.823
G1 X97.972 Y98.041 E.03674
G1 X97.357 Y99.429 F7800
G1 F1058.823
G1 X97.485 Y98.916 E.05408
;WIDTH:0.41646
G1 F963.754
G1 X97.587 Y98.836 E.05875
;WIDTH:0.449999
G1 F884.349
G1 X97.689 Y98.755 E.06386
G1 X99.297 Y97.148 E.15312
G1 X99.458 Y96.945 E.16329
;WIDTH:0.38292
G1 F1058.823
G1 X99.942 Y96.838 E.17955
;WIDTH:0.41646
G1 F963.754
G1 X99.992 Y96.908 E.18265
;WIDTH:0.449999
G1 F884.349
G1 X100.042 Y96.978 E.18603
G1 X97.501 Y99.52 E.32716
G1 X97.502 Y100.094 E.3497
G1 X100.625 Y96.971 E.52312
G1 X101.128 Y97.043 E.54307
G1 X97.599 Y100.573 E.73906
G1 X97.742 Y101.005 E.75693
M73 P3 R28
M73 Q3 S28
G1 X101.561 Y97.186 E.96899
G1 X101.944 Y97.379 E.98583
G1 X97.943 Y101.38 E1.208
G1 X98.204 Y101.695 E1.22406
G1 X102.303 Y97.596 E1.45167
G1 X102.662 Y97.812 E1.46812
G1 X98.51 Y101.965 E1.6987
G1 X98.85 Y102.2 E1.71493
G1 X103.018 Y98.032 E1.94637
G1 X103.367 Y98.259 E1.96272
G1 X99.231 Y102.395 E2.19239
G1 X99.55 Y102.652 E2.20847
G1 X103.756 Y98.445 E2.44205
G1 X104.17 Y98.607 E2.45951
G1 X99.848 Y102.929 E2.6995
G1 X100.107 Y103.246 E2.71557
G1 X104.692 Y98.661 E2.97017
G1 X105.356 Y98.572 E2.99647
G1 X100.29 Y103.638 E3.27778
G92 E0
G1 X105.644 Y98.388 F7800
;WIDTH:0.38292
G1 F1058.823
G1 X105.992 Y98.121 E.01438
G1 X105.692 Y98.351 E.02678
G1 X107.187 Y97.4 F7800
G1 F1058.823
G1 X107.116 Y97.381 E.02919
G1 X107.135 Y97.453 E.03163
G1 X107.176 Y97.442 E.03302
;WIDTH:0.41646
G1 F963.754
G1 X107.017 Y97.544 E.03983
;WIDTH:0.449999
G1 F884.349
G1 X106.858 Y97.646 E.04725
G1 X100.473 Y104.031 E.4018
G1 X100.633 Y104.447 E.4193
G1 X108.037 Y97.043 E.83043
G1 X108.197 Y96.84 E.84058
;WIDTH:0.38292
G1 F1058.823
G1 X108.762 Y96.697 E.85969
;WIDTH:0.41646
G1 F963.754
G1 X108.788 Y96.769 E.86245
;WIDTH:0.449999
G1 F884.349
G1 X108.814 Y96.841 E.86546
G1 X100.777 Y104.879 E1.31177
G1 X100.905 Y105.326 E1.33003
G1 X109.427 Y96.805 E1.80322
G1 X109.949 Y96.858 E1.82382
G1 X101.022 Y105.785 E2.31952
G1 X101.14 Y106.243 E2.33809
G1 X110.416 Y96.967 E2.85317
G1 X110.828 Y97.13 E2.87057
G1 X101.257 Y106.701 E3.40203
G1 X101.375 Y107.16 E3.42064
G1 X111.181 Y97.353 E3.96518
G1 X111.458 Y97.652 E3.98118
G1 X101.514 Y107.596 E4.53336
G1 X102.186 Y107.49 E4.56007
;WIDTH:0.436147
G1 F915.503
G1 X101.862 Y107.802 E4.57713
;WIDTH:0.419551
G1 F955.843
G1 X101.653 Y108.011 E4.58787
G1 X101.786 Y108.348 E4.60103
G1 X101.928 Y108.58 E4.61091
G1 X101.988 Y108.539 E4.61355
G1 X102.073 Y107.997 E4.63348
;WIDTH:0.441034
G1 F904.264
G1 X102.313 Y107.386 E4.65869
;WIDTH:0.443656
G1 F898.347
G1 X102.337 Y107.343 E4.66059
;WIDTH:0.442498
G1 F900.95
G1 X102.55 Y107.099 E4.67307
;WIDTH:0.412709
G1 F973.528
G1 X102.763 Y106.854 E4.68465
;WIDTH:0.390512
G1 F1035.697
G1 X103.079 Y106.564 E4.69903
;WIDTH:0.420256
G1 F954.058
G1 X103.223 Y106.441 E4.70592
;WIDTH:0.449999
G1 F884.349
G1 X103.367 Y106.319 E4.71333
G1 X111.682 Y98.003 E5.17508
G1 X111.907 Y98.355 E5.19148
G1 X104.293 Y105.968 E5.61425
G1 X104.171 Y106.05 E5.62002
;WIDTH:0.41646
G1 F963.754
G1 X104.049 Y106.132 E5.62532
;WIDTH:0.38292
G1 F1058.823
G1 X103.978 Y106.113 E5.62773
G1 X103.997 Y106.185 E5.63017
G1 X104.038 Y106.174 E5.63156
G1 X104.919 Y105.918 F7800
;WIDTH:0.449999
G1 F884.349
G1 X112.088 Y98.749 E6.02964
G1 X112.266 Y99.147 E6.04676
M73 P3 R27
G1 X105.448 Y105.964 E6.42533
G1 X105.91 Y106.079 E6.44402
G1 X112.411 Y99.578 E6.80501
G1 X112.502 Y100.062 E6.82435
G1 X106.316 Y106.248 E7.16785
G1 X106.669 Y106.47 E7.18422
G1 X108.717 Y104.423 E7.29791
G1 X108.823 Y104.279 E7.30493
;WIDTH:0.41646
G1 F963.754
G1 X108.929 Y104.135 E7.31137
;WIDTH:0.38292
G1 F1058.823
G1 X109.459 Y103.495 E7.33862
G1 X109.929 Y103.029 E7.36033
;WIDTH:0.422006
G1 F949.654
G1 X110.385 Y102.646 E7.3821
;WIDTH:0.461091
G1 F860.892
G1 X110.84 Y102.263 E7.40609
;WIDTH:0.500176
G1 F787.305
M73 P4 R27
G1 X111.296 Y101.879 E7.43238
;WIDTH:0.533416
G1 F733.951
M73 Q4 S28
G1 X111.554 Y101.644 E7.44889
;WIDTH:0.566656
G1 F687.369
G1 X112.202 Y101.019 E7.49437
G92 E0
G1 X108.64 Y104.984 F7800
;WIDTH:0.38292
G1 F1058.823
G1 X108.569 Y104.965 E.00241
G1 X108.588 Y105.036 E.00482
G1 X108.629 Y105.025 E.00621
;WIDTH:0.41646
G1 F963.754
G1 X108.531 Y105.154 E.01205
;WIDTH:0.449999
G1 F884.349
G1 X108.432 Y105.283 E.01843
G1 X106.981 Y106.734 E.099
G1 X108.024 Y106.341 F7800
;WIDTH:0.555243
G1 F702.682
G1 X107.321 Y107.044 E.14813
G1 X107.66 Y107.619 E.18111
G1 X107.891 Y107.164 E.20633
G1 X108.168 Y106.197 E.25604
;LAYER_CHANGE
;Z:0.95
;HEIGHT:0.2
G92 E0
G1 Z.95 F7800
G1 X106.407 Y109.828
;TYPE:External perimeter
;WIDTH:0.449999
G1 F884.349
G1 X106.293 Y109.982 E.00752
;WIDTH:0.448741
G1 F887.091
G1 X105.997 Y110.22 E.02239
;WIDTH:0.415749
G1 F900
G1 X105.712 Y110.344 E.03357
;WIDTH:0.387966
G1 X105.428 Y110.468 E.04388
;WIDTH:0.368781
G1 X104.996 Y110.54 E.05765
;WIDTH:0.397169
G1 X104.397 Y110.494 E.07818
;WIDTH:0.423584
G1 X104.212 Y110.437 E.08529
;WIDTH:0.449999
G1 F884.349
G1 X104.028 Y110.379 E.09287
G1 X103.733 Y110.192 E.10658
G1 X103.384 Y109.818 E.12667
G1 X103.148 Y109.357 E.147
G1 X103.081 Y108.872 E.16622
G1 X103.148 Y108.393 E.18521
G1 X103.303 Y108.045 E.20017
G1 X103.507 Y107.769 E.21365
G1 X103.764 Y107.535 E.2273
G1 X104.062 Y107.354 E.24099
G1 X104.545 Y107.207 E.26081
G1 X104.834 Y107.168 E.27226
G1 X105.392 Y107.228 E.2943
G1 X105.772 Y107.371 E.31024
G1 X106.068 Y107.559 E.32401
G1 X106.32 Y107.799 E.33767
G1 X106.517 Y108.081 E.35118
G1 X106.686 Y108.549 E.37072
G1 X106.719 Y109.024 E.38942
G1 X106.639 Y109.396 E.40436
G1 X106.497 Y109.707 E.41778
G1 X106.443 Y109.78 E.42135
G1 X106.169 Y110.071 F7800
G92 E0
G1 X105.084 Y98.103
;TYPE:Perimeter
G1 F884.349
G1 X105.242 Y98.087 E.00624
G1 X105.532 Y97.951 E.01882
G1 X106.358 Y97.386 E.05811
G1 X107.31 Y96.766 E.10272
G1 X108.516 Y96.41 E.15209
M73 Q4 S27
G1 X109.077 Y96.333 E.17432
G1 X110.046 Y96.367 E.21239
G1 X110.898 Y96.629 E.24739
G1 X111.509 Y96.969 E.27484
G1 X111.778 Y97.219 E.28926
G1 X112.091 Y97.626 E.30942
G1 X112.386 Y98.143 E.33279
G1 X112.601 Y98.636 E.35391
G1 X112.861 Y99.318 E.38257
G1 X113.019 Y99.949 E.40811
G1 X113 Y100.342 E.42356
G1 X112.889 Y100.882 E.44521
G1 X112.732 Y101.248 E.46085
G1 X112.252 Y101.75 E.48812
G1 X111.664 Y102.22 E.51768
G1 X109.933 Y103.42 E.60038
G1 X109.305 Y104.124 E.63742
G1 X108.983 Y104.711 E.66371
G1 X108.77 Y105.31 E.68867
G1 X108.56 Y106.278 E.72756
G1 X108.384 Y106.943 E.75457
G1 X108.184 Y107.45 E.77597
G1 X107.88 Y108.068 E.80301
G1 X107.514 Y108.547 E.82668
G1 X107.448 Y108.223 E.83966
G1 X107.261 Y107.749 E.85967
G1 X106.981 Y107.324 E.87965
G1 X106.622 Y106.963 E.89964
G1 X106.201 Y106.679 E.91958
G1 X105.814 Y106.511 E.93615
G1 X105.428 Y106.413 E.95179
G1 X104.829 Y106.353 E.97543
G1 X104.272 Y106.425 E.99748
G1 X103.769 Y106.595 E1.01833
G1 X103.335 Y106.843 E1.03796
G1 X102.953 Y107.172 E1.05776
G1 X102.642 Y107.57 E1.07759
G1 X102.418 Y108.021 E1.09736
G1 X102.289 Y108.514 E1.11737
G1 X102.266 Y109.024 E1.13742
G1 X102.33 Y109.425 E1.15336
G1 X101.976 Y109.144 E1.17111
G1 X101.76 Y108.872 E1.18475
G1 X101.417 Y108.308 E1.21067
G1 X101.16 Y107.665 E1.23786
G1 X100.942 Y106.95 E1.26721
G1 X100.76 Y106.184 E1.29812
G1 X100.312 Y104.651 E1.36083
G1 X100.132 Y104.144 E1.38195
G1 X99.849 Y103.551 E1.40775
G1 X99.626 Y103.246 E1.42259
G1 X99.185 Y102.878 E1.44514
G1 X98.244 Y102.385 E1.48685
G1 X97.892 Y102.107 E1.50446
G1 X97.551 Y101.671 E1.52619
G1 X97.208 Y101.043 E1.55429
G1 X97.043 Y100.557 E1.57444
G1 X96.959 Y99.88 E1.60123
G1 X96.978 Y99.6 E1.61225
G1 X97.092 Y98.934 E1.63878
G1 X97.326 Y98.324 E1.66443
G1 X97.747 Y97.66 E1.6953
G1 X98.291 Y97.141 E1.72482
G1 X98.639 Y96.912 E1.74118
G1 X99.174 Y96.648 E1.7646
G1 X99.502 Y96.567 E1.77787
G1 X100.103 Y96.476 E1.80174
G1 X100.766 Y96.468 E1.82777
G1 X101.217 Y96.563 E1.84587
G1 X101.735 Y96.708 E1.86699
G1 X102.24 Y96.957 E1.8891
G1 X103.744 Y97.922 E1.95926
G1 X104.25 Y98.11 E1.98045
G1 X104.618 Y98.152 E1.99499
G1 X105.025 Y98.11 E2.01106
G1 X105 Y97.717 F7800
G1 F884.349
G1 X105.035 Y97.715 E2.01244
G1 X105.304 Y97.614 E2.02372
G1 X106.132 Y97.047 E2.06312
G1 X107.155 Y96.387 E2.11092
G1 X108.43 Y96.011 E2.16311
G1 X109.056 Y95.925 E2.18792
G1 X110.114 Y95.962 E2.22949
G1 X111.058 Y96.252 E2.26827
G1 X111.751 Y96.637 E2.2994
G1 X112.08 Y96.944 E2.31707
G1 X112.43 Y97.4 E2.33964
G1 X112.751 Y97.96 E2.36498
G1 X113.097 Y98.755 E2.39902
G1 X113.255 Y99.218 E2.41823
G1 X113.42 Y99.881 E2.44506
G1 X113.406 Y100.376 E2.4645
G1 X113.282 Y100.986 E2.48894
G1 X113.069 Y101.485 E2.51024
G1 X112.528 Y102.051 E2.54098
G1 X111.91 Y102.544 E2.57202
G1 X111.344 Y102.95 E2.59937
G1 X110.228 Y103.701 E2.65219
G1 X109.658 Y104.326 E2.6854
G1 X109.364 Y104.855 E2.70916
G1 X109.168 Y105.396 E2.73175
G1 X108.956 Y106.373 E2.771
G1 X108.757 Y107.126 E2.80158
G1 X108.467 Y107.833 E2.83158
G1 X108.214 Y108.299 E2.8524
G1 X107.834 Y108.801 E2.87712
G1 X107.474 Y109.177 E2.89756
G1 X107.015 Y109.563 E2.92111
G1 X107.113 Y109.152 E2.9377
G1 X107.126 Y108.728 E2.95436
G1 X107.05 Y108.308 E2.97112
G1 X106.889 Y107.915 E2.9878
G1 X106.65 Y107.561 E3.00457
G1 X106.322 Y107.241 E3.02256
G1 X105.885 Y106.975 E3.04265
G1 X105.384 Y106.818 E3.06326
G1 X104.871 Y106.763 E3.08352
G1 X104.335 Y106.828 E3.10472
G1 X103.915 Y106.975 E3.12219
G1 X103.549 Y107.189 E3.13884
G1 X103.23 Y107.47 E3.15553
G1 X102.973 Y107.808 E3.1722
G1 X102.789 Y108.187 E3.18874
G1 X102.687 Y108.599 E3.20541
G1 X102.674 Y109.024 E3.22211
G1 X102.75 Y109.442 E3.23879
G1 X102.915 Y109.845 E3.25589
G1 X103.226 Y110.276 E3.27676
G1 X102.62 Y110.13 E3.30124
G1 X101.938 Y109.647 E3.33405
G1 X101.581 Y109.324 E3.35295
G1 X101.414 Y109.086 E3.36437
G1 X101.043 Y108.469 E3.39264
G1 X100.771 Y107.785 E3.42154
G1 X100.546 Y107.043 E3.45198
G1 X100.369 Y106.298 E3.48205
G1 X99.927 Y104.783 E3.54402
G1 X99.728 Y104.242 E3.56665
G1 X99.388 Y103.585 E3.5957
G1 X98.989 Y103.235 E3.61654
G1 X98.026 Y102.732 E3.6592
G1 X97.601 Y102.396 E3.68047
G1 X97.21 Y101.896 E3.70539
G1 X96.833 Y101.207 E3.73623
G1 X96.644 Y100.648 E3.7594
G1 X96.55 Y99.891 E3.78935
G1 X96.588 Y99.331 E3.81139
G1 X96.701 Y98.817 E3.83205
G1 X96.96 Y98.14 E3.86051
G1 X97.43 Y97.4 E3.89493
G1 X98.036 Y96.821 E3.92784
G1 X98.436 Y96.558 E3.94664
G1 X99.033 Y96.263 E3.97279
G1 X99.647 Y96.112 E3.99762
G1 X100.278 Y96.049 E4.02252
G1 X100.814 Y96.062 E4.04357
G1 X101.3 Y96.164 E4.06307
G1 X101.885 Y96.329 E4.08694
G1 X102.445 Y96.605 E4.11145
G1 X103.97 Y97.575 E4.18241
G1 X104.512 Y97.746 E4.20473
G1 X104.94 Y97.721 E4.22156
G1 X104.884 Y97.184 F7800
;TYPE:External perimeter
G1 F884.349
G1 X105.03 Y97.196 E4.22731
G1 X105.611 Y96.878 E4.25332
G1 X106.116 Y96.667 E4.27481
G1 X106.436 Y96.13 E4.29935
G1 X106.829 Y95.888 E4.31747
G1 X107.515 Y96.053 E4.34517
G1 X107.895 Y95.639 E4.36724
G1 X108.424 Y95.796 E4.38891
G1 X108.856 Y95.462 E4.41035
G1 X109.316 Y95.505 E4.42849
G1 X109.993 Y95.671 E4.45586
G1 X110.58 Y95.778 E4.47929
G1 X111.105 Y95.785 E4.49991
G1 X111.653 Y96.016 E4.52326
G1 X112.062 Y96.28 E4.54237
G1 X112.541 Y96.728 E4.56812
G1 X112.7 Y97.349 E4.59329
G1 X113.248 Y98.424 E4.64067
G1 X113.772 Y98.866 E4.66759
G1 X113.696 Y99.474 E4.69165
G1 X113.95 Y99.943 E4.71259
G1 X113.877 Y100.152 E4.72128
G1 X113.743 Y100.64 E4.74115
G1 X113.745 Y101.306 E4.7673
G1 X113.213 Y101.664 E4.79248
G1 X113.065 Y102.167 E4.81307
G1 X112.072 Y102.73 E4.85789
G1 X111.698 Y103.303 E4.88476
G1 X110.943 Y103.473 E4.91515
G1 X110.463 Y103.831 E4.93866
G1 X110.179 Y104.581 E4.97015
G1 X109.677 Y104.874 E4.99297
G1 X109.513 Y105.359 E5.01307
G1 X109.462 Y105.894 E5.03417
G1 X109.259 Y106.551 E5.06117
G1 X109.18 Y107.001 E5.07911
G1 X109.176 Y107.684 E5.10593
G1 X108.702 Y108.19 E5.13315
G1 X108.281 Y108.721 E5.15976
G1 X107.952 Y109.273 E5.18499
G1 X107.24 Y110.118 E5.22838
G1 X106.586 Y110.455 E5.25727
;WIDTH:0.448741
G1 F887.091
G1 X106.141 Y110.702 E5.27719
G1 X105.862 Y110.668 E5.28819
;WIDTH:0.410849
G1 F978.45
G1 X105.582 Y110.634 E5.2982
;WIDTH:0.372957
G1 F1090.787
G1 X104.953 Y110.79 E5.31883
;WIDTH:0.384179
G1 F1054.917
G1 X104.304 Y110.902 E5.34051
;WIDTH:0.417089
G1 F962.132
G1 X103.949 Y110.745 E5.35452
;WIDTH:0.449999
G1 F884.349
G1 X103.594 Y110.588 E5.36976
G1 X102.792 Y110.807 E5.4024
G1 X102.241 Y110.387 E5.4296
G1 X101.705 Y110.063 E5.45419
G1 X101.117 Y109.582 E5.48402
G1 X100.938 Y109.152 E5.50231
G1 X100.508 Y108.561 E5.53101
G1 X100.486 Y107.976 E5.554
G1 X100.167 Y107.399 E5.57989
G1 X99.948 Y106.709 E5.60831
G1 X99.909 Y106.053 E5.63411
G1 X99.902 Y105.48 E5.65661
G1 X99.547 Y104.918 E5.68271
G1 X99.42 Y104.152 E5.7132
G1 X98.935 Y103.895 E5.73475
G1 X98.521 Y103.266 E5.76432
G1 X97.992 Y103.095 E5.78615
G1 X97.419 Y102.949 E5.80937
G1 X97.036 Y102.374 E5.8365
G1 X96.836 Y101.936 E5.85541
G1 X96.482 Y101.563 E5.8756
G1 X96.431 Y100.871 E5.90284
G1 X96.283 Y100.44 E5.92073
G1 X95.958 Y99.795 E5.94909
G1 X96.153 Y99.139 E5.97596
G1 X96.423 Y98.502 E6.00313
G1 X96.483 Y97.774 E6.03181
G1 X96.846 Y97.429 E6.05147
G1 X97.394 Y97.018 E6.07837
G1 X97.818 Y96.392 E6.10806
G1 X98.423 Y96.092 E6.13458
G1 X98.818 Y95.759 E6.15487
G1 X99.587 Y95.748 E6.18507
G1 X100.208 Y95.45 E6.21212
G1 X100.756 Y95.706 E6.23587
G1 X101.24 Y95.716 E6.25488
G1 X101.803 Y95.976 E6.27923
G1 X102.343 Y96.138 E6.30137
G1 X102.869 Y96.386 E6.3242
G1 X103.349 Y96.696 E6.34664
G1 X104.016 Y96.907 E6.37411
G1 X104.413 Y97.142 E6.39222
G1 X104.824 Y97.178 E6.40842
G1 X105.213 Y97.084 F7800
G92 E0
G1 X97.688 Y101.584
;TYPE:Solid infill
;WIDTH:0.38292
G1 F1058.823
G1 X98.03 Y101.97 E.01691
G1 X98.332 Y102.24 E.03019
G1 X97.392 Y100.798 F7800
G1 F1058.823
G1 X97.373 Y100.869 E.0326
G1 X97.444 Y100.85 E.03501
G1 X97.433 Y100.809 E.0364
;WIDTH:0.41646
G1 F963.754
G1 X97.517 Y100.967 E.04285
;WIDTH:0.449999
G1 F884.349
G1 X97.6 Y101.124 E.04982
G1 X98.787 Y102.311 E.11573
G1 X98.931 Y102.419 E.1228
;WIDTH:0.41646
G1 F963.754
G1 X99.074 Y102.528 E.12928
;WIDTH:0.38292
G1 F1058.823
G1 X99.369 Y102.751 E.14141
G1 X99.97 Y103.35 E.16924
;WIDTH:0.449999
G1 F884.349
G1 X100.329 Y103.853 E.1935
G1 X103.111 Y106.635 E.34798
G1 X103.006 Y106.708 E.353
G1 X102.564 Y107.156 E.37771
G1 X102.255 Y107.638 E.40019
G1 X102.063 Y108.126 E.42078
G1 X101.993 Y108.592 E.43928
G1 X101.941 Y108.584 E.44135
G1 X101.674 Y108.133 E.46193
G1 X101.423 Y107.481 E.48936
G1 X101.221 Y106.803 E.51714
G1 X101.052 Y106.096 E.54568
G1 X100.611 Y104.582 E.6076
G1 X100.402 Y104.043 E.6303
G92 E0
G1 X103.468 Y106.417 F7800
G1 F884.349
G1 X97.314 Y100.263 E.34172
G1 X97.28 Y99.653 E.36571
G1 X103.863 Y106.236 E.73125
G1 X104.315 Y106.112 E.74965
G1 X97.357 Y99.154 E1.13602
G1 X97.5 Y98.722 E1.15389
G1 X104.835 Y106.056 E1.56116
G1 X105.793 Y106.242 F7800
;WIDTH:0.38292
G1 F1058.823
G1 X105.804 Y106.283 E1.56255
G1 X105.733 Y106.302 E1.56496
G1 X105.752 Y106.231 E1.56737
;WIDTH:0.41646
G1 F963.754
G1 X105.614 Y106.176 E1.57272
;WIDTH:0.449999
G1 F884.349
G1 X105.475 Y106.121 E1.57859
G1 X97.684 Y98.33 E2.01121
G1 X97.907 Y97.977 E2.0276
M73 P5 R27
M73 Q5 S27
G1 X106.347 Y106.418 E2.49629
G1 X106.491 Y106.531 E2.50348
;WIDTH:0.41646
G1 F963.754
G1 X106.635 Y106.645 E2.5101
;WIDTH:0.38292
G1 F1058.823
G1 X107.005 Y106.987 E2.52662
;WIDTH:0.408595
G1 F984.481
G1 X107.248 Y107.269 E2.53975
;WIDTH:0.43427
G1 F919.893
G1 X107.491 Y107.55 E2.55377
;WIDTH:0.483817
G1 F816.517
G1 X107.567 Y107.661 E2.55949
;WIDTH:0.533364
G1 F734.029
G1 X107.642 Y107.771 E2.56579
;WIDTH:0.449999
G1 F884.349
G1 X107.883 Y107.378 E2.58389
G1 X98.177 Y97.671 E3.12288
G1 X98.472 Y97.39 E3.13888
G1 X108.051 Y106.97 E3.67082
G1 X108.18 Y106.523 E3.68909
G1 X98.82 Y97.163 E4.20884
G1 X99.205 Y96.973 E4.2257
G1 X108.295 Y106.062 E4.73043
G1 X108.399 Y105.59 E4.74941
G1 X99.653 Y96.844 E5.23506
G1 X100.161 Y96.777 E5.25518
G1 X108.506 Y105.122 E5.71857
G1 X108.661 Y104.702 E5.73615
G1 X100.733 Y96.773 E6.17641
G1 X101.464 Y96.929 E6.20576
G1 X108.847 Y104.312 E6.61573
G1 X109.06 Y103.949 E6.63226
G1 X102.641 Y97.528 E6.98875
;WIDTH:0.41646
G1 F963.754
G1 X102.512 Y97.397 E6.99537
;WIDTH:0.38292
G1 F1058.823
G1 X102.523 Y97.438 E6.99676
G1 X102.452 Y97.457 E6.99917
G1 X102.471 Y97.386 E7.00158
G1 X103.747 Y98.133 F7800
G1 F1058.823
G1 X103.728 Y98.204 E7.00399
G1 X103.799 Y98.185 E7.0064
G1 X103.788 Y98.144 E7.00779
;WIDTH:0.41646
G1 F963.754
G1 X103.917 Y98.251 E7.01383
;WIDTH:0.449999
G1 F884.349
G1 X104.046 Y98.359 E7.02044
G1 X109.32 Y103.633 E7.3133
G1 X109.598 Y103.335 E7.3293
G1 X104.711 Y98.448 E7.60067
G1 X105.232 Y98.393 E7.62124
G1 X109.893 Y103.054 E7.88006
G1 X110.238 Y102.825 E7.89632
G1 X105.648 Y98.234 E8.15122
G1 X105.997 Y98.008 E8.16755
G1 X110.587 Y102.597 E8.4224
G1 X110.933 Y102.368 E8.43869
G1 X106.343 Y97.777 E8.69359
G1 X106.688 Y97.547 E8.70987
G1 X111.268 Y102.127 E8.96419
G1 X111.598 Y101.881 E8.98035
G1 X107.033 Y97.317 E9.23381
G1 X107.379 Y97.086 E9.25015
G1 X111.918 Y101.626 E9.50222
G1 X112.215 Y101.347 E9.51822
G1 X107.806 Y96.938 E9.76305
G1 X108.251 Y96.807 E9.78126
G1 X112.491 Y101.047 E10.0167
G1 X112.642 Y100.622 E10.03441
G1 X108.711 Y96.692 E10.25266
G1 X109.24 Y96.645 E10.27351
G1 X112.706 Y100.111 E10.46597
G1 X112.782 Y100.041 E10.47003
;WIDTH:0.41646
G1 F963.754
G1 X112.857 Y99.97 E10.47375
;WIDTH:0.38292
G1 F1058.823
G1 X112.764 Y99.555 E10.4877
;WIDTH:0.449999
G1 F884.349
G1 X112.565 Y99.394 E10.49775
G1 X109.836 Y96.665 E10.64929
G1 X110.018 Y96.534 E10.65809
;WIDTH:0.38292
G1 F1058.823
G1 X110.444 Y96.653 E10.6726
;WIDTH:0.449999
G1 F884.349
G1 X110.605 Y96.858 E10.68283
G1 X112.18 Y98.433 E10.77029
G1 X112.272 Y98.556 E10.77632
;WIDTH:0.41646
G1 F963.754
G1 X112.365 Y98.68 E10.7819
;WIDTH:0.38292
G1 F1058.823
G1 X112.346 Y98.751 E10.78431
G1 X112.417 Y98.732 E10.78672
G1 X112.406 Y98.691 E10.78811
G1 X111.92 Y97.74 F7800
G1 F1058.823
G1 X111.376 Y97.159 E10.81421
G92 E0
G1 X101.262 Y105.362 F7800
;WIDTH:0.449999
G1 F884.349
G1 X102.519 Y106.619 E.0698
G1 X102.223 Y106.934 E.08677
G1 X101.862 Y107.524 E.11393
G1 X101.617 Y106.709 E.14735
G1 X101.443 Y105.982 E.1767
G1 X101.319 Y105.558 E.19405
;LAYER_CHANGE
;Z:1.15
;HEIGHT:0.2
G92 E0
G1 Z1.15 F7800
G1 X105.818 Y110.599
;TYPE:External perimeter
;WIDTH:0.624112
G1 F619.417
G1 X105.602 Y110.576 E.01218
;WIDTH:0.584028
G1 F665.302
G1 X105.17 Y110.896 E.04024
;WIDTH:0.610931
G1 F633.791
G1 X104.907 Y110.825 E.05516
;WIDTH:0.637834
G1 F605.129
G1 X104.645 Y110.754 E.07074
G1 X105.043 Y110.72 F7800
G92 E0
G1 X105.145 Y97.902
;TYPE:Perimeter
;WIDTH:0.449999
G1 F884.349
G1 X105.193 Y97.898 E.00189
G1 X105.524 Y97.742 E.01626
G1 X106.726 Y96.954 E.07269
G1 X107.29 Y96.637 E.09809
G1 X108.136 Y96.356 E.13309
G1 X108.739 Y96.196 E.15759
G1 X109.162 Y96.165 E.17424
G1 X109.679 Y96.192 E.19457
G1 X110.194 Y96.242 E.21489
G1 X110.962 Y96.477 E.24643
G1 X111.654 Y96.89 E.27807
G1 X112.054 Y97.265 E.2996
G1 X112.421 Y97.726 E.32274
G1 X112.589 Y98.062 E.33749
G1 X112.944 Y98.926 E.37417
G1 X113.183 Y99.808 E.41005
M73 P6 R27
G1 X113.173 Y100.381 E.43255
M73 Q6 S27
G1 X113.083 Y100.814 E.44991
G1 X112.896 Y101.327 E.47135
G1 X112.45 Y101.818 E.4974
G1 X111.175 Y102.744 E.55927
G1 X110.722 Y103.031 E.58033
G1 X109.913 Y103.592 E.61899
G1 X109.345 Y104.222 E.6523
G1 X109.012 Y104.803 E.67859
G1 X108.807 Y105.331 E.70083
G1 X108.599 Y106.281 E.73901
G1 X108.4 Y107.031 E.76948
G1 X108.185 Y107.567 E.79216
G1 X107.977 Y107.963 E.80972
G1 X107.498 Y108.599 E.84098
G1 X107.448 Y108.368 E.85026
G1 X107.261 Y107.894 E.87027
G1 X106.981 Y107.469 E.89025
G1 X106.532 Y107.034 E.9148
G1 X106.061 Y106.752 E.93635
G1 X105.586 Y106.582 E.95616
G1 X105.041 Y106.517 E.97771
G1 X104.624 Y106.516 E.99408
G1 X104.063 Y106.627 E1.01653
G1 X103.599 Y106.825 E1.03634
G1 X103.178 Y107.108 E1.05626
G1 X102.819 Y107.469 E1.07625
G1 X102.539 Y107.894 E1.09623
G1 X102.352 Y108.368 E1.11624
G1 X102.266 Y108.912 E1.13787
G1 X102.302 Y109.444 E1.15881
G1 X101.874 Y109.049 E1.18168
G1 X101.345 Y108.216 E1.22043
G1 X101.07 Y107.567 E1.24811
G1 X100.847 Y106.796 E1.27962
G1 X100.73 Y106.308 E1.29932
G1 X100.287 Y104.79 E1.36141
G1 X100.013 Y104.019 E1.39354
G1 X99.692 Y103.435 E1.41971
G1 X99.402 Y103.191 E1.43459
G1 X97.954 Y102.365 E1.50005
G1 X97.412 Y101.788 E1.53113
G1 X97.027 Y101.068 E1.56319
G1 X96.827 Y100.368 E1.59178
G1 X96.77 Y99.881 E1.61103
G1 X96.78 Y99.416 E1.62929
G1 X96.938 Y98.811 E1.65384
G1 X97.164 Y98.264 E1.67708
G1 X97.518 Y97.713 E1.7028
G1 X98.058 Y97.123 E1.7342
G1 X98.778 Y96.634 E1.76837
G1 X99.145 Y96.489 E1.78386
G1 X99.853 Y96.323 E1.81241
G1 X100.241 Y96.295 E1.82768
G1 X100.926 Y96.316 E1.85459
G1 X101.745 Y96.499 E1.88754
G1 X102.15 Y96.686 E1.90506
G1 X103.5 Y97.559 E1.96818
G1 X104.204 Y97.891 E1.99874
G1 X104.581 Y97.948 E2.01371
G1 X105.086 Y97.907 E2.0336
G1 X105.04 Y97.511 F7800
G1 F884.349
G1 X105.306 Y97.398 E2.04495
G1 X106.68 Y96.494 E2.10953
G1 X107.132 Y96.26 E2.12951
G1 X108.02 Y95.966 E2.16624
G1 X108.672 Y95.792 E2.19274
G1 X109.158 Y95.757 E2.21187
G1 X109.7 Y95.786 E2.23318
G1 X110.284 Y95.844 E2.25622
G1 X111.128 Y96.103 E2.29088
G1 X111.9 Y96.563 E2.32617
G1 X112.354 Y96.989 E2.35061
G1 X112.766 Y97.506 E2.37657
G1 X112.959 Y97.893 E2.39355
G1 X113.33 Y98.794 E2.43181
G1 X113.591 Y99.758 E2.47102
G1 X113.58 Y100.427 E2.49729
G1 X113.451 Y101.044 E2.52204
G1 X113.223 Y101.571 E2.54459
G1 X112.725 Y102.12 E2.57369
G1 X111.816 Y102.801 E2.61829
G1 X110.206 Y103.875 E2.69428
G1 X109.695 Y104.43 E2.7239
G1 X109.401 Y104.931 E2.74671
G1 X109.205 Y105.419 E2.76736
G1 X108.995 Y106.376 E2.80583
G1 X108.841 Y106.958 E2.82947
G1 X108.665 Y107.464 E2.85051
G1 X108.384 Y108.091 E2.87749
G1 X107.995 Y108.646 E2.9041
G1 X107.594 Y109.072 E2.92707
G1 X107.057 Y109.555 E2.95543
G1 X107.088 Y109.411 E2.96121
G1 X107.126 Y108.873 E2.98239
G1 X107.073 Y108.559 E2.99489
G1 X106.889 Y108.06 E3.01577
G1 X106.65 Y107.707 E3.03251
G1 X106.345 Y107.406 E3.04934
G1 X105.902 Y107.127 E3.0699
G1 X105.437 Y106.969 E3.08918
G1 X104.853 Y106.906 E3.11224
G1 X104.336 Y106.973 E3.13271
G1 X103.915 Y107.12 E3.15022
G1 X103.549 Y107.335 E3.16689
G1 X103.23 Y107.616 E3.18358
G1 X102.973 Y107.953 E3.20022
G1 X102.789 Y108.333 E3.2168
G1 X102.687 Y108.745 E3.23347
G1 X102.674 Y109.169 E3.25013
G1 X102.75 Y109.588 E3.26685
G1 X102.907 Y109.974 E3.28321
G1 X103.137 Y110.317 E3.29943
G1 X102.859 Y110.246 E3.3107
G1 X102.459 Y110.06 E3.32802
G1 X101.932 Y109.679 E3.35355
G1 X101.553 Y109.304 E3.37448
G1 X100.983 Y108.406 E3.41624
G1 X100.686 Y107.703 E3.44621
G1 X100.464 Y106.938 E3.47749
G1 X100.339 Y106.422 E3.49834
G1 X99.901 Y104.922 E3.5597
G1 X99.65 Y104.202 E3.58964
G1 X99.416 Y103.747 E3.60973
G1 X99.202 Y103.546 E3.62126
G1 X97.701 Y102.689 E3.68913
G1 X97.067 Y102.007 E3.72569
G1 X96.647 Y101.221 E3.76068
G1 X96.427 Y100.448 E3.79224
G1 X96.34 Y99.711 E3.82138
G1 X96.378 Y99.343 E3.83591
G1 X96.551 Y98.681 E3.86278
G1 X96.802 Y98.075 E3.88853
G1 X97.194 Y97.464 E3.91703
G1 X97.789 Y96.813 E3.95166
G1 X98.586 Y96.272 E3.98948
G1 X99.024 Y96.1 E4.00796
G1 X99.792 Y95.92 E4.03893
G1 X100.481 Y95.87 E4.06605
G1 X100.988 Y95.913 E4.08603
G1 X101.876 Y96.111 E4.12175
G1 X102.348 Y96.329 E4.14216
G1 X103.677 Y97.193 E4.2044
G1 X104.276 Y97.481 E4.2305
G1 X104.521 Y97.541 E4.2404
G1 X104.982 Y97.521 E4.25852
G1 X104.957 Y97.221 F7800
;TYPE:External perimeter
G1 F884.349
G1 X105.153 Y97.177 E4.26641
G1 X105.668 Y96.706 E4.29381
G1 X106.225 Y96.265 E4.32171
G1 X106.861 Y95.869 E4.35113
G1 X107.476 Y95.917 E4.37535
G1 X108.039 Y95.41 E4.4051
G1 X108.614 Y95.218 E4.4289
G1 X109.1 Y95.442 E4.44991
G1 X109.805 Y95.423 E4.4776
G1 X110.538 Y95.482 E4.50647
G1 X111.006 Y95.541 E4.52499
G1 X111.667 Y95.771 E4.55247
G1 X112.241 Y96.271 E4.58236
G1 X112.805 Y96.65 E4.60904
G1 X112.951 Y97.362 E4.63758
G1 X113.489 Y97.741 E4.66342
G1 X113.78 Y98.856 E4.70867
G1 X114.04 Y99.307 E4.72911
G1 X114.004 Y99.961 E4.75483
G1 X114.077 Y100.436 E4.7737
G1 X113.727 Y100.914 E4.79696
G1 X113.53 Y101.572 E4.82393
G1 X113.135 Y102.05 E4.84828
G1 X112.85 Y102.635 E4.87383
G1 X112.519 Y102.987 E4.8928
G1 X112.016 Y103.369 E4.9176
G1 X111.405 Y103.603 E4.94329
G1 X110.983 Y103.871 E4.96292
G1 X110.492 Y104.226 E4.98671
G1 X110.047 Y104.662 E5.01117
G1 X109.728 Y105.287 E5.03872
G1 X109.504 Y105.912 E5.06479
G1 X109.193 Y106.516 E5.09146
G1 X109.354 Y107.185 E5.11848
G1 X108.923 Y107.567 E5.14109
G1 X108.608 Y108.165 E5.16763
G1 X108.431 Y108.715 E5.19032
G1 X108.074 Y109.122 E5.21158
G1 X107.716 Y109.408 E5.22957
G1 X107.197 Y109.729 E5.25353
G1 X106.894 Y110.172 E5.2746
G1 X106.406 Y110.354 E5.29505
;WIDTH:0.493528
G1 F798.922
G1 X106.249 Y110.373 E5.30192
;WIDTH:0.537056
G1 F728.545
G1 X106.092 Y110.392 E5.30946
;WIDTH:0.580584
G1 F669.563
G1 X105.935 Y110.411 E5.31766
;WIDTH:0.624112
G1 F619.417
G1 X105.778 Y110.43 E5.32653
G1 X105.877 Y110.366 E5.33314
;WIDTH:0.583294
G1 F666.205
G1 X105.976 Y110.303 E5.33926
;WIDTH:0.542476
G1 F720.64
G1 X106.075 Y110.24 E5.34491
;WIDTH:0.501658
G1 F784.762
G1 X106.174 Y110.177 E5.3501
;WIDTH:0.46084
G1 F861.409
G1 X106.617 Y109.615 E5.37895
;WIDTH:0.449999
G1 F884.349
G1 X106.856 Y109.043 E5.40329
G1 X106.482 Y108.452 E5.43075
G1 X106.296 Y107.739 E5.45968
G1 X105.81 Y107.393 E5.4831
G1 X105.057 Y107.279 E5.513
G1 X104.435 Y107.383 E5.53776
G1 X103.191 Y108.058 E5.59333
G1 X103.231 Y108.667 E5.61729
G1 X103.211 Y109.143 E5.636
G1 X103.121 Y109.782 E5.66134
G1 X103.683 Y110.009 E5.68514
G1 X104.139 Y110.559 E5.71319
;WIDTH:0.49224
G1 F801.211
G1 X104.147 Y110.628 E5.7162
;WIDTH:0.534481
G1 F732.362
G1 X104.154 Y110.696 E5.71944
;WIDTH:0.576721
G1 F674.409
G1 X104.162 Y110.764 E5.72297
;WIDTH:0.618962
G1 F624.955
G1 X104.17 Y110.833 E5.72683
;WIDTH:0.661202
G1 F582.259
G1 X104.177 Y110.901 E5.73091
G1 X104.086 Y110.875 E5.73655
;WIDTH:0.618962
G1 F624.955
G1 X103.995 Y110.85 E5.74179
;WIDTH:0.576721
G1 F674.409
G1 X103.904 Y110.824 E5.74666
;WIDTH:0.534481
G1 F732.362
G1 X103.813 Y110.798 E5.75115
;WIDTH:0.49224
G1 F801.211
G1 X103.721 Y110.773 E5.75528
;WIDTH:0.449999
G1 F884.349
G1 X103.092 Y110.89 E5.7804
G1 X102.503 Y110.626 E5.80574
G1 X101.961 Y110.229 E5.83212
G1 X101.09 Y109.187 E5.88544
G1 X100.936 Y108.726 E5.90452
G1 X100.406 Y108.401 E5.92893
G1 X100.233 Y107.95 E5.9479
G1 X99.881 Y106.798 E5.9952
G1 X99.855 Y106.076 E6.02357
G1 X99.582 Y105.584 E6.04566
G1 X99.329 Y104.992 E6.07094
G1 X99.278 Y104.379 E6.09509
G1 X98.953 Y104.043 E6.11344
G1 X98.648 Y103.647 E6.13307
G1 X98.124 Y103.193 E6.16029
G1 X97.612 Y103.141 E6.1805
G1 X97.095 Y102.898 E6.20293
G1 X96.722 Y102.39 E6.22768
G1 X96.619 Y101.649 E6.25705
G1 X96.367 Y101.251 E6.27555
G1 X95.947 Y100.659 E6.30405
G1 X96.018 Y100.134 E6.32485
G1 X95.889 Y99.601 E6.34638
G1 X96.044 Y98.975 E6.3717
G1 X96.091 Y98.392 E6.39467
G1 X96.824 Y97.467 E6.44101
G1 X97.121 Y96.922 E6.46538
G1 X97.534 Y96.637 E6.48508
G1 X97.882 Y96.284 E6.50454
G1 X98.44 Y95.829 E6.53281
G1 X98.89 Y95.691 E6.55129
G1 X99.456 Y95.719 E6.57354
G1 X100.943 Y95.391 E6.63333
G1 X101.676 Y95.53 E6.66262
G1 X102.396 Y95.788 E6.69265
G1 X103.01 Y96.077 E6.7193
G1 X103.404 Y96.533 E6.74296
G1 X103.845 Y96.959 E6.76704
G1 X104.583 Y97.305 E6.79904
G1 X104.899 Y97.234 E6.81176
G1 X105.26 Y97.062 F7800
G92 E0
G1 X99.284 Y102.813
;TYPE:Solid infill
;WIDTH:0.404728
G1 F995.003
G1 X98.634 Y102.429 E.02635
;WIDTH:0.440446
G1 F905.601
G1 X98.394 Y102.271 E.03737
;WIDTH:0.476164
G1 F830.941
G1 X98.153 Y102.112 E.04944
;WIDTH:0.492822
G1 F800.174
G1 X97.685 Y101.606 E.07935
;WIDTH:0.521096
G1 F752.861
G1 X97.345 Y100.939 E.11388
;WIDTH:0.532644
G1 F735.108
G1 X97.168 Y100.3 E.1452
;WIDTH:0.563714
G1 F691.252
G1 X97.114 Y99.706 E.17516
G1 X97.153 Y99.358 E.19275
;WIDTH:0.532714
G1 F735.003
G1 X97.433 Y98.461 E.23714
;WIDTH:0.48664
G1 F811.322
G1 X97.767 Y97.921 E.26431
;WIDTH:0.512571
G1 F766.527
G1 X98.028 Y97.656 E.28116
;WIDTH:0.54059
G1 F723.371
G1 X98.288 Y97.39 E.29902
G1 X98.484 Y97.238 E.31093
;WIDTH:0.507382
G1 F775.09
G1 X98.679 Y97.085 E.32203
;WIDTH:0.491258
G1 F802.966
G1 X99.134 Y96.844 E.3443
G1 X99.62 Y96.705 E.36616
;WIDTH:0.481304
G1 F821.198
G1 X100.12 Y96.626 E.38756
;WIDTH:0.49633
G1 F793.983
G1 X100.721 Y96.628 E.41384
;WIDTH:0.498084
G1 F790.924
G1 X101.415 Y96.763 E.44488
;WIDTH:0.51813
G1 F757.56
G1 X102.018 Y97.007 E.4747
G1 X103.086 Y97.673 E.53239
;WIDTH:0.531394
G1 F736.989
G1 X103.653 Y98.014 E.56356
G1 X104.124 Y98.213 E.58765
;WIDTH:0.54175
G1 F721.689
G1 X104.601 Y98.298 E.61096
G1 X105.104 Y98.259 E.63523
;WIDTH:0.519688
G1 F755.084
G1 X105.471 Y98.153 E.6528
;WIDTH:0.51269
G1 F766.332
G1 X106.288 Y97.642 E.69646
;WIDTH:0.489018
G1 F806.997
G1 X106.802 Y97.279 E.72354
;WIDTH:0.46405
G1 F854.843
G1 X107.41 Y96.92 E.75222
;WIDTH:0.452366
G1 F879.237
G1 X108.197 Y96.654 E.78503
;WIDTH:0.466902
G1 F849.093
G1 X108.75 Y96.518 E.80832
G1 X109.323 Y96.482 E.8318
;WIDTH:0.471196
G1 F840.579
G1 X109.923 Y96.521 E.85664
G1 X110.205 Y96.565 E.86843
;WIDTH:0.454476
G1 F874.729
G1 X110.794 Y96.747 E.8929
G1 X111.282 Y97.019 E.91508
;WIDTH:0.471651
G1 F839.687
G1 X111.482 Y97.194 E.92607
;WIDTH:0.50166
G1 F784.758
G1 X111.681 Y97.37 E.93782
;WIDTH:0.547408
G1 F713.595
G1 X111.889 Y97.647 E.95468
;WIDTH:0.593156
G1 F654.265
G1 X112.097 Y97.924 E.97306
G1 X112.606 Y99.043 E1.0383
;WIDTH:0.552754
G1 F706.112
G1 X112.833 Y99.852 E1.07962
;WIDTH:0.53903
G1 F725.645
G1 X112.845 Y100.099 E1.09145
;WIDTH:0.505365
G1 F778.471
G1 X112.858 Y100.345 E1.10244
;WIDTH:0.478202
G1 F827.05
G1 X112.751 Y100.839 E1.12366
;WIDTH:0.512398
G1 F766.809
G1 X112.628 Y101.114 E1.1373
G1 X112.225 Y101.571 E1.16489
;WIDTH:0.503564
G1 F781.515
G1 X111.815 Y101.901 E1.18827
;WIDTH:0.476899
G1 F829.533
G1 X111.404 Y102.231 E1.21033
;WIDTH:0.450234
G1 F883.839
G1 X110.332 Y102.954 E1.26113
;LAYER_CHANGE
;Z:1.35
;HEIGHT:0.2
G92 E0
G1 Z1.35 F7800
G1 X104.483 Y111.064
;TYPE:External perimeter
;WIDTH:0.54951
G1 F710.634
G1 X104.976 Y110.697 E.03003
;WIDTH:0.52794
G1 F742.237
G1 X105.434 Y110.653 E.05155
;WIDTH:0.4863
G1 F811.945
G1 X105.905 Y110.601 E.07182
;WIDTH:0.521773
G1 F751.797
G1 X105.985 Y110.576 E.07569
;WIDTH:0.557246
G1 F699.945
G1 X106.065 Y110.552 E.07983
G1 X105.674 Y110.637 F7800
G92 E0
G1 X104.907 Y97.757
;TYPE:Perimeter
;WIDTH:0.449999
G1 F884.349
G1 X105.248 Y97.693 E.01362
G1 X105.569 Y97.547 E.02747
G1 X106.511 Y96.901 E.07232
G1 X107.218 Y96.537 E.10354
G1 X107.989 Y96.284 E.1354
G1 X108.486 Y96.143 E.15568
G1 X109.083 Y96.041 E.17946
G1 X109.618 Y96.047 E.20047
G1 X110.429 Y96.149 E.23256
G1 X111.121 Y96.414 E.26166
G1 X111.812 Y96.823 E.29319
G1 X112.069 Y97.066 E.30708
G1 X112.595 Y97.675 E.33868
G1 X112.806 Y98.046 E.35544
G1 X113.083 Y98.751 E.38518
G1 X113.309 Y99.473 E.41489
G1 X113.32 Y100.248 E.44532
G1 X113.174 Y101.092 E.47895
G1 X112.915 Y101.546 E.49947
G1 X112.676 Y101.803 E.51325
G1 X112.187 Y102.217 E.53841
G1 X111.669 Y102.592 E.56352
G1 X110.63 Y103.178 E.61036
G1 X109.93 Y103.698 E.6446
G1 X109.567 Y104.064 E.66484
G1 X109.402 Y104.284 E.67564
G1 X109.043 Y104.926 E.70452
G1 X108.851 Y105.396 E.72445
G1 X108.433 Y107.056 E.79166
G1 X108.127 Y107.758 E.82173
G1 X107.91 Y108.096 E.8375
G1 X107.479 Y108.658 E.86531
G1 X107.382 Y108.312 E.87942
G1 X107.158 Y107.861 E.89919
G1 X106.847 Y107.463 E.91902
G1 X106.465 Y107.134 E.93882
G1 X105.999 Y106.873 E.95979
G1 X105.482 Y106.71 E.98107
G1 X104.77 Y106.645 E1.00914
G1 X104.246 Y106.721 E1.02993
G1 X103.769 Y106.886 E1.04975
G1 X103.335 Y107.134 E1.06938
G1 X102.953 Y107.463 E1.08918
G1 X102.642 Y107.861 E1.10901
G1 X102.418 Y108.312 E1.12878
G1 X102.268 Y108.962 E1.15497
G1 X102.278 Y109.455 E1.17433
G1 X101.897 Y109.081 E1.19529
G1 X101.265 Y108.1 E1.24111
G1 X100.949 Y107.296 E1.27503
G1 X100.274 Y104.971 E1.37009
G1 X99.948 Y104.03 E1.40919
G1 X99.637 Y103.518 E1.43271
G1 X99.321 Y103.257 E1.4488
G1 X98.281 Y102.695 E1.49522
G1 X97.737 Y102.373 E1.52004
G1 X97.251 Y101.835 E1.54851
G1 X96.932 Y101.238 E1.57509
G1 X96.656 Y100.283 E1.61412
G1 X96.603 Y99.759 E1.6348
G1 X96.641 Y99.41 E1.64858
G1 X96.791 Y98.775 E1.6742
G1 X97.038 Y98.154 E1.70044
G1 X97.421 Y97.605 E1.72672
G1 X97.759 Y97.227 E1.74663
G1 X98.199 Y96.85 E1.76938
G1 X98.626 Y96.554 E1.78978
G1 X99.17 Y96.327 E1.81292
G1 X100.003 Y96.139 E1.84645
G1 X100.579 Y96.114 E1.86909
G1 X101.464 Y96.259 E1.9043
G1 X102.021 Y96.405 E1.92691
G1 X103.436 Y97.355 E1.99383
G1 X104.298 Y97.753 E2.03111
M73 P7 R27
M73 Q7 S27
G1 X104.782 Y97.78 E2.05014
G1 X104.848 Y97.768 E2.05277
G1 X104.855 Y97.356 F7800
G1 F884.349
G1 X104.932 Y97.354 E2.05579
G1 X105.339 Y97.211 E2.07273
G1 X106.302 Y96.55 E2.11859
G1 X107.06 Y96.161 E2.15204
G1 X107.962 Y95.864 E2.18933
G1 X108.542 Y95.712 E2.21287
G1 X109.065 Y95.634 E2.23363
G1 X109.646 Y95.64 E2.25644
G1 X110.528 Y95.751 E2.29134
G1 X111.299 Y96.046 E2.32375
G1 X112.058 Y96.496 E2.3584
G1 X112.363 Y96.784 E2.37487
G1 X112.93 Y97.439 E2.40889
G1 X113.175 Y97.871 E2.42839
G1 X113.467 Y98.615 E2.45977
G1 X113.715 Y99.408 E2.49239
G1 X113.728 Y100.279 E2.52659
G1 X113.563 Y101.232 E2.56457
G1 X113.245 Y101.789 E2.58975
G1 X112.82 Y102.245 E2.61423
G1 X111.882 Y102.938 E2.66002
G1 X110.868 Y103.508 E2.70569
G1 X110.22 Y103.984 E2.73726
G1 X109.757 Y104.483 E2.76399
G1 X109.438 Y105.053 E2.78964
G1 X109.245 Y105.496 E2.80861
G1 X108.819 Y107.187 E2.87708
G1 X108.5 Y107.92 E2.90847
G1 X108.247 Y108.324 E2.92719
G1 X107.883 Y108.813 E2.95113
G1 X107.514 Y109.195 E2.97198
G1 X107.092 Y109.541 E2.99341
G1 X107.126 Y109.019 E3.01395
G1 X107.05 Y108.599 E3.03071
G1 X106.889 Y108.206 E3.04739
G1 X106.65 Y107.852 E3.06416
G1 X106.345 Y107.552 E3.08096
G1 X105.885 Y107.266 E3.10223
G1 X105.437 Y107.115 E3.12079
G1 X104.852 Y107.051 E3.1439
G1 X104.336 Y107.118 E3.16433
G1 X104.069 Y107.207 E3.17538
G1 X103.549 Y107.48 E3.19844
G1 X103.23 Y107.761 E3.21513
G1 X102.973 Y108.098 E3.23177
G1 X102.789 Y108.478 E3.24835
G1 X102.687 Y108.89 E3.26502
G1 X102.674 Y109.315 E3.28172
G1 X102.789 Y109.853 E3.30332
G1 X103.042 Y110.331 E3.32456
G1 X102.797 Y110.261 E3.33456
G1 X102.412 Y110.046 E3.35187
G1 X101.972 Y109.737 E3.37298
G1 X101.578 Y109.337 E3.39503
G1 X100.9 Y108.287 E3.44411
G1 X100.563 Y107.428 E3.48034
G1 X99.887 Y105.097 E3.57564
G1 X99.632 Y104.316 E3.6079
G1 X99.377 Y103.845 E3.62893
G1 X99.083 Y103.59 E3.64421
G1 X97.891 Y102.938 E3.69756
G1 X97.463 Y102.677 E3.71724
G1 X96.916 Y102.071 E3.74929
G1 X96.553 Y101.392 E3.77952
G1 X96.255 Y100.361 E3.82166
G1 X96.194 Y99.758 E3.84546
G1 X96.239 Y99.341 E3.86193
G1 X96.402 Y98.652 E3.88973
G1 X96.675 Y97.965 E3.91876
G1 X96.869 Y97.67 E3.93262
G1 X97.247 Y97.164 E3.95742
G1 X97.69 Y96.718 E3.9821
G1 X98.433 Y96.193 E4.01782
G1 X99.047 Y95.938 E4.04392
G1 X99.948 Y95.734 E4.08019
G1 X100.604 Y95.706 E4.10597
G1 X101.549 Y95.86 E4.14356
G1 X102.188 Y96.028 E4.1695
G1 X103.617 Y96.991 E4.23716
G1 X104.435 Y97.366 E4.27249
G1 X104.795 Y97.357 E4.28663
G1 X104.804 Y96.957 F7800
;TYPE:External perimeter
G1 F884.349
G1 X105.027 Y96.956 E4.29539
G1 X105.457 Y96.61 E4.31706
G1 X106.07 Y96.265 E4.34468
G1 X106.477 Y95.926 E4.36548
G1 X107.189 Y95.826 E4.39371
G1 X107.803 Y95.45 E4.42198
G1 X108.288 Y95.466 E4.44103
G1 X108.729 Y95.268 E4.46001
G1 X109.245 Y95.113 E4.48116
G1 X109.782 Y95.138 E4.50227
G1 X110.405 Y95.316 E4.52771
G1 X110.973 Y95.307 E4.55002
G1 X111.399 Y95.694 E4.57262
G1 X112.136 Y95.898 E4.60265
G1 X112.431 Y96.286 E4.62179
G1 X113.291 Y97.107 E4.66847
G1 X113.58 Y97.559 E4.68954
G1 X113.875 Y98.185 E4.71671
G1 X114.106 Y98.871 E4.74513
G1 X114.199 Y99.519 E4.77083
M73 P7 R26
G1 X114.012 Y100.117 E4.79543
G1 X114.138 Y100.326 E4.80501
G1 X114.16 Y100.924 E4.82851
G1 X113.938 Y101.393 E4.84888
G1 X113.667 Y101.79 E4.86775
G1 X113.272 Y102.162 E4.88905
G1 X112.888 Y102.479 E4.9086
G1 X112.485 Y102.968 E4.93348
G1 X111.937 Y103.208 E4.95697
G1 X111.448 Y103.791 E4.98685
G1 X110.862 Y103.872 E5.01008
G1 X110.489 Y104.286 E5.03196
G1 X110.019 Y104.617 E5.05453
G1 X109.971 Y105.381 E5.08459
G1 X109.726 Y106.029 E5.11179
G1 X109.225 Y106.665 E5.14358
G1 X109.404 Y107.186 E5.16521
G1 X109.016 Y107.646 E5.18884
G1 X108.877 Y108.334 E5.2164
G1 X108.604 Y108.771 E5.23663
G1 X108.006 Y109.177 E5.26501
G1 X107.566 Y109.652 E5.29043
G1 X107.035 Y110.121 E5.31825
G1 X106.495 Y110.494 E5.34402
;WIDTH:0.496923
G1 F792.946
G1 X106.291 Y110.416 E5.35358
;WIDTH:0.543847
G1 F718.668
G1 X106.087 Y110.338 E5.36413
G1 X106.372 Y110.114 E5.38164
;WIDTH:0.496923
G1 F792.946
G1 X106.658 Y109.891 E5.39752
;WIDTH:0.449999
G1 F884.349
G1 X106.844 Y109.291 E5.42218
G1 X106.783 Y108.6 E5.44942
G1 X106.2 Y108.103 E5.4795
G1 X105.735 Y107.537 E5.50826
G1 X105.124 Y107.323 E5.53368
G1 X104.356 Y107.498 E5.56461
G1 X103.813 Y107.677 E5.58706
G1 X103.613 Y108.173 E5.60806
G1 X103.235 Y108.601 E5.63048
G1 X103.205 Y109.264 E5.65654
G1 X103.108 Y109.777 E5.67704
G1 X103.518 Y110.39 E5.706
G1 X104.1 Y110.709 E5.73206
;WIDTH:0.499755
G1 F788.032
G1 X104.105 Y110.849 E5.73823
;WIDTH:0.54951
G1 F710.634
G1 X104.109 Y110.989 E5.74507
G1 X103.8 Y110.816 E5.76237
;WIDTH:0.499755
G1 F788.032
G1 X103.492 Y110.642 E5.77796
;WIDTH:0.449999
G1 F884.349
G1 X102.86 Y110.792 E5.80346
G1 X102.202 Y110.505 E5.83165
G1 X101.613 Y110.214 E5.85745
G1 X101.327 Y109.59 E5.8844
G1 X101 Y109.143 E5.90615
G1 X100.839 Y108.701 E5.92462
G1 X100.526 Y108.252 E5.94611
G1 X100.313 Y107.672 E5.97037
G1 X100.067 Y107.223 E5.99047
G1 X99.788 Y106.602 E6.0172
G1 X99.875 Y105.958 E6.04272
G1 X99.632 Y105.268 E6.07144
G1 X99.557 Y104.8 E6.09005
G1 X99.113 Y104.247 E6.1179
G1 X98.742 Y104.021 E6.13496
G1 X98.293 Y103.62 E6.1586
G1 X97.742 Y103.343 E6.18281
G1 X97.357 Y102.935 E6.20484
G1 X96.79 Y102.782 E6.2279
G1 X96.576 Y102.053 E6.25773
G1 X96.214 Y101.622 E6.27983
G1 X96.099 Y101.127 E6.29978
G1 X95.734 Y100.735 E6.32081
G1 X95.903 Y99.993 E6.35069
G1 X95.941 Y99.341 E6.37633
G1 X96.093 Y98.635 E6.40469
G1 X96.129 Y98.026 E6.42864
G1 X96.288 Y97.454 E6.45195
G1 X96.747 Y96.864 E6.4813
G1 X97.155 Y96.511 E6.50248
G1 X98.301 Y95.766 E6.55615
G1 X98.905 Y95.401 E6.58386
G1 X99.453 Y95.615 E6.60696
G1 X100.615 Y95.38 E6.65351
G1 X101.123 Y95.18 E6.67495
G1 X101.705 Y95.441 E6.69999
G1 X102.896 Y95.822 E6.74909
G1 X103.352 Y96.294 E6.77486
G1 X103.781 Y96.642 E6.79655
G1 X104.283 Y96.958 E6.81984
G1 X104.744 Y96.957 E6.83794
G1 X105.13 Y96.854 F7800
G92 E0
G1 X108.257 Y96.499
;TYPE:Solid infill
;WIDTH:0.426576
G1 F938.341
G1 X108.837 Y96.362 E.02205
;WIDTH:0.433032
G1 F922.812
G1 X109.602 Y96.344 E.05084
;WIDTH:0.449128
G1 F886.245
G1 X110.354 Y96.447 E.08058
G1 X110.869 Y96.623 E.1019
;WIDTH:0.411018
G1 F978
G1 X111.478 Y96.956 E.12654
;WIDTH:0.424226
G1 F944.124
G1 X111.784 Y97.224 E.1415
;WIDTH:0.467918
G1 F847.063
G1 X112.11 Y97.61 E.16221
;WIDTH:0.504686
G1 F779.616
G1 X112.271 Y97.855 E.17527
;WIDTH:0.541454
G1 F722.117
G1 X112.433 Y98.099 E.18935
G1 X112.759 Y98.865 E.22938
;WIDTH:0.524898
G1 F746.922
G1 X112.968 Y99.528 E.2617
;WIDTH:0.523022
G1 F749.841
G1 X112.995 Y99.749 E.27201
;WIDTH:0.475405
G1 F832.399
G1 X113.022 Y99.97 E.2813
;WIDTH:0.427788
G1 F935.386
G1 X112.987 Y100.483 E.30039
;WIDTH:0.455506
G1 F872.545
G1 X112.88 Y100.986 E.32086
;WIDTH:0.470226
G1 F842.488
G1 X112.659 Y101.358 E.33869
G1 X112.282 Y101.752 E.36117
;WIDTH:0.462596
G1 F857.805
G1 X111.678 Y102.226 E.39225
;WIDTH:0.444484
G1 F896.495
G1 X111.212 Y102.538 E.41397
;WIDTH:0.4088
G1 F983.929
G1 X111.158 Y102.572 E.41622
G92 E0
G1 X112.269 Y100.865 F7800
;TYPE:Internal infill
;WIDTH:0.45
;HEIGHT:0.4
G1 F494.289
G1 X112.416 Y100.507 E.02719
G1 X112.452 Y100.255 E.04507
G1 X112.312 Y99.518 E.09777
G1 X111.905 Y98.553 E.17134
M73 Q7 S26
G1 X111.452 Y98.301 E.20776
G1 X111.015 Y97.917 E.24863
G1 X110.419 Y97.058 E.32208
G1 X110.112 Y96.96 E.34472
G1 X109.399 Y96.888 E.39506
G1 X108.831 Y96.925 E.43505
G1 X107.608 Y97.275 E.52441
G1 X107.39 Y97.389 E.54169
G1 X106.647 Y98.459 E.6332
G1 X106.21 Y98.772 E.67096
G1 X105.774 Y98.797 E.70164
G1 X105.323 Y98.669 E.73457
G1 X104.599 Y98.757 E.7858
G1 X104.165 Y98.697 E.81658
G1 X103.438 Y98.408 E.87154
G1 X101.595 Y97.291 E1.02293
G1 X100.967 Y97.089 E1.06927
G1 X100.695 Y97.058 E1.0885
G1 X100.532 Y97.201 E1.10373
G1 X99.659 Y98.459 E1.2113
G1 X99.222 Y98.772 E1.24906
G1 X98.785 Y98.797 E1.27981
G1 X97.88 Y98.531 E1.34608
G1 X97.834 Y98.602 E1.35202
G1 X97.589 Y99.463 E1.41491
G1 X97.565 Y99.946 E1.44888
G1 X97.644 Y100.438 E1.48389
G1 X97.834 Y101.011 E1.5263
G1 X98.013 Y101.33 E1.552
G1 X98.386 Y101.762 E1.59209
G1 X98.785 Y101.411 E1.62942
G1 X99.659 Y100.152 E1.73709
G1 X100.095 Y99.839 E1.77479
G1 X100.532 Y99.814 E1.80554
G1 X101.406 Y100.063 E1.86938
G1 X101.843 Y100.311 E1.90468
G1 X102.279 Y100.695 E1.94549
G1 X103.153 Y101.954 E2.05316
G1 X103.59 Y102.266 E2.09088
G1 X104.026 Y102.292 E2.12156
G1 X104.9 Y102.043 E2.1854
G1 X105.337 Y101.795 E2.2207
G1 X105.774 Y101.411 E2.26157
G1 X106.647 Y100.152 E2.3692
G1 X107.084 Y99.839 E2.40696
G1 X107.521 Y99.814 E2.43771
G1 X108.394 Y100.063 E2.50148
G1 X108.831 Y100.311 E2.53678
G1 X109.268 Y100.695 E2.57765
G1 X110.141 Y101.954 E2.68528
G1 X110.636 Y102.27 E2.72654
G1 X109.803 Y102.856 E2.79809
G1 X109.996 Y103.143 E2.82239
G1 X109.727 Y103.35 E2.84623
G1 X109.268 Y103.308 E2.87861
G1 X108.394 Y103.557 E2.94245
G1 X107.957 Y103.805 E2.97775
G1 X107.521 Y104.189 E3.01856
G1 X106.647 Y105.448 E3.12623
G1 X106.21 Y105.761 E3.16399
G1 X105.774 Y105.786 E3.19467
G1 X104.9 Y105.537 E3.25851
G1 X104.463 Y105.289 E3.29381
G1 X104.026 Y104.905 E3.33468
G1 X103.153 Y103.646 E3.44231
G1 X102.716 Y103.334 E3.48003
G1 X102.279 Y103.308 E3.51078
G1 X101.406 Y103.557 E3.57455
G1 X100.969 Y103.805 E3.60985
G1 X100.446 Y104.313 E3.66107
G1 X101.224 Y107 E3.85758
G1 X101.843 Y107.299 E3.90587
G1 X102.299 Y107.712 E3.94909
G1 X102.7 Y107.137 E3.99834
G1 X103.172 Y106.73 E4.04212
G1 X103.653 Y106.457 E4.08097
G1 X104.177 Y106.277 E4.11989
G1 X104.618 Y106.208 E4.15125
G1 X105.652 Y106.283 E4.22408
G1 X106.183 Y106.472 E4.26367
G1 X106.906 Y106.955 E4.32475
G1 X107.084 Y106.828 E4.34011
G1 X107.521 Y106.803 E4.37086
G1 X108.097 Y106.967 E4.41293
G1 X108.519 Y105.223 E4.53898
G1 X108.763 Y104.624 E4.58442
G92 E0
G1 X98.121 Y102.276 F7800
;TYPE:Solid infill
;WIDTH:0.42519
;HEIGHT:0.2
G1 F941.743
M73 P8 R26
G1 X97.884 Y102.099 E.01091
;WIDTH:0.459348
G1 F864.495
G1 X97.549 Y101.703 E.03174
;WIDTH:0.463616
G1 F855.725
M73 Q8 S26
G1 X97.223 Y101.119 E.05888
G1 X97.048 Y100.585 E.08168
;WIDTH:0.47052
G1 F841.908
G1 X96.936 Y99.91 E.1099
G1 X96.965 Y99.408 E.13064
;WIDTH:0.46975
G1 F843.427
G1 X97.076 Y98.92 E.15124
;WIDTH:0.460116
G1 F862.904
G1 X97.297 Y98.342 E.17614
;WIDTH:0.459038
G1 F865.139
G1 X97.728 Y97.688 E.20758
;WIDTH:0.441364
G1 F903.515
G1 X98.153 Y97.257 E.23084
G1 X98.62 Y96.915 E.25309
;WIDTH:0.433578
G1 F921.522
G1 X99.145 Y96.657 E.27513
;WIDTH:0.431388
G1 F926.717
G1 X99.695 Y96.512 E.29644
;WIDTH:0.459012
G1 F865.193
G1 X100.274 Y96.438 E.31987
G1 X100.779 Y96.456 E.34015
;WIDTH:0.47784
G1 F827.738
G1 X101.398 Y96.571 E.36656
;WIDTH:0.503897
G1 F780.95
G1 X101.638 Y96.648 E.37777
;WIDTH:0.529954
G1 F739.168
G1 X101.878 Y96.725 E.38961
G1 X102.22 Y96.93 E.40834
;WIDTH:0.498069
G1 F790.95
G1 X102.562 Y97.135 E.42584
;WIDTH:0.466184
G1 F850.533
G1 X103.171 Y97.545 E.45581
;WIDTH:0.463884
G1 F855.18
G1 X103.464 Y97.713 E.46952
;WIDTH:0.497754
G1 F791.498
G1 X103.757 Y97.88 E.48432
G1 X104.243 Y98.067 E.50717
;WIDTH:0.490518
G1 F804.293
G1 X104.77 Y98.103 E.52998
;WIDTH:0.500272
G1 F787.14
G1 X105.339 Y98.005 E.55545
G1 X105.62 Y97.871 E.56918
;WIDTH:0.458746
G1 F865.747
G1 X106.67 Y97.167 E.61988
G1 X106.89 Y97.038 E.63011
;WIDTH:0.429918
G1 F930.237
G1 X107.11 Y96.908 E.63965
;LAYER_CHANGE
;Z:1.55
;HEIGHT:0.2
G92 E0
G1 Z1.55 F7800
G1 X105.027 Y110.769
;TYPE:External perimeter
;WIDTH:0.38292
G1 F900
G1 X105.483 Y110.685 E.01521
G1 X105.735 Y110.772 E.02395
G92 E0
G1 X104.817 Y97.603 F7800
;TYPE:Perimeter
;WIDTH:0.449999
G1 F884.349
G1 X105.314 Y97.484 E.02007
G1 X105.622 Y97.347 E.03331
G1 X106.461 Y96.791 E.07283
G1 X107.022 Y96.506 E.09754
G1 X108.24 Y96.085 E.14814
G1 X108.805 Y95.956 E.1709
G1 X109.717 Y95.922 E.20673
G1 X110.545 Y96.063 E.23971
G1 X111.291 Y96.368 E.27135
G1 X111.927 Y96.759 E.30066
G1 X112.391 Y97.213 E.32615
G1 X112.747 Y97.635 E.34783
G1 X112.901 Y97.907 E.3601
G1 X113.164 Y98.467 E.38439
G1 X113.399 Y99.237 E.416
G1 X113.431 Y100.329 E.4589
G1 X113.371 Y100.734 E.47498
G1 X113.247 Y101.264 E.49635
G1 X112.96 Y101.726 E.51771
G1 X112.448 Y102.213 E.54546
G1 X112 Y102.54 E.56724
G1 X111.419 Y102.864 E.59336
G1 X110.867 Y103.126 E.61735
G1 X110.395 Y103.412 E.63902
G1 X109.956 Y103.769 E.66124
G1 X109.522 Y104.239 E.68636
G1 X109.205 Y104.768 E.71057
G1 X108.891 Y105.476 E.74098
G1 X108.478 Y107.014 E.80351
G1 X108.224 Y107.619 E.82927
G1 X108.011 Y107.987 E.84597
G1 X107.661 Y108.487 E.86993
G1 X107.457 Y108.7 E.88151
G1 X107.261 Y108.185 E.90315
G1 X106.981 Y107.76 E.92313
G1 X106.622 Y107.399 E.94312
G1 X106.201 Y107.116 E.96304
G1 X105.737 Y106.918 E.98285
G1 X105.345 Y106.84 E.99854
G1 X104.774 Y106.79 E1.02105
G1 X104.275 Y106.861 E1.04084
G1 X103.769 Y107.031 E1.0618
G1 X103.334 Y107.28 E1.08148
G1 X102.953 Y107.608 E1.10122
G1 X102.642 Y108.006 E1.12105
G1 X102.418 Y108.458 E1.14086
G1 X102.289 Y108.95 E1.16083
G1 X102.262 Y109.44 E1.1801
G1 X101.886 Y109.037 E1.20174
G1 X101.162 Y107.886 E1.25513
G1 X100.824 Y107.014 E1.29185
G1 X100.262 Y105.095 E1.37036
G1 X99.969 Y104.244 E1.4057
G1 X99.601 Y103.645 E1.4333
G1 X99.112 Y103.258 E1.45779
G1 X98.097 Y102.722 E1.50286
G1 X97.516 Y102.338 E1.53021
G1 X97.129 Y101.89 E1.55345
G1 X96.82 Y101.366 E1.57734
G1 X96.59 Y100.609 E1.6084
G1 X96.503 Y100.04 E1.631
G1 X96.498 Y99.462 E1.6537
G1 X96.64 Y98.76 E1.68182
G1 X97.01 Y97.921 E1.71782
G1 X97.469 Y97.316 E1.74764
G1 X97.854 Y96.937 E1.76885
G1 X98.449 Y96.503 E1.79777
G1 X99.109 Y96.199 E1.8263
G1 X99.931 Y96.026 E1.85928
G1 X100.562 Y95.991 E1.88409
G1 X101.181 Y96.061 E1.90855
G1 X101.617 Y96.146 E1.92599
G1 X102.131 Y96.336 E1.94751
G1 X103.506 Y97.238 E2.01208
G1 X104.322 Y97.592 E2.047
G1 X104.757 Y97.605 E2.06409
G1 X104.764 Y97.195 F7800
G1 F884.349
G1 X105.212 Y97.09 E2.08216
G1 X105.397 Y97.008 E2.09011
G1 X106.256 Y96.438 E2.13059
G1 X106.863 Y96.13 E2.15732
G1 X108.128 Y95.693 E2.20987
G1 X108.751 Y95.551 E2.23496
G1 X109.739 Y95.514 E2.27378
G1 X110.676 Y95.677 E2.31112
G1 X111.476 Y96.004 E2.34505
G1 X111.815 Y96.212 E2.36067
G1 X112.32 Y96.56 E2.38475
G1 X112.688 Y96.935 E2.40538
G1 X113.084 Y97.403 E2.42945
G1 X113.256 Y97.707 E2.44316
G1 X113.547 Y98.327 E2.47005
G1 X113.803 Y99.167 E2.50453
G1 X113.837 Y99.845 E2.53118
G1 X113.837 Y100.36 E2.5514
G1 X113.769 Y100.819 E2.56962
G1 X113.616 Y101.443 E2.59485
G1 X113.281 Y101.98 E2.6197
G1 X112.707 Y102.528 E2.65086
G1 X112.209 Y102.889 E2.67501
G1 X111.59 Y103.234 E2.70283
G1 X111.077 Y103.475 E2.72508
G1 X110.643 Y103.737 E2.74499
G1 X110.249 Y104.052 E2.7648
G1 X109.859 Y104.468 E2.78719
G1 X109.574 Y104.94 E2.80884
G1 X109.284 Y105.582 E2.8365
G1 X108.864 Y107.146 E2.90009
G1 X108.538 Y107.922 E2.93314
G1 X108.237 Y108.385 E2.95482
G1 X107.935 Y108.802 E2.97504
G1 X107.541 Y109.174 E2.99632
G1 X107.118 Y109.539 E3.01826
G1 X107.126 Y109.164 E3.03299
G1 X107.05 Y108.745 E3.04971
G1 X106.889 Y108.351 E3.06642
G1 X106.685 Y108.046 E3.08083
G1 X106.412 Y107.76 E3.09635
G1 X105.987 Y107.462 E3.11673
G1 X105.438 Y107.26 E3.1397
G1 X104.846 Y107.196 E3.16308
G1 X104.337 Y107.264 E3.18324
G1 X103.915 Y107.411 E3.20079
G1 X103.549 Y107.626 E3.21746
G1 X103.278 Y107.862 E3.23157
G1 X102.976 Y108.239 E3.25054
G1 X102.789 Y108.624 E3.26735
G1 X102.687 Y109.036 E3.28402
G1 X102.674 Y109.44 E3.29989
G1 X102.75 Y109.879 E3.31738
G1 X102.906 Y110.274 E3.33406
G1 X102.325 Y109.992 E3.35942
G1 X101.972 Y109.732 E3.37663
G1 X101.551 Y109.269 E3.4012
G1 X100.797 Y108.07 E3.45681
G1 X100.439 Y107.145 E3.49576
G1 X99.874 Y105.219 E3.57457
G1 X99.614 Y104.442 E3.60674
G1 X99.303 Y103.922 E3.63053
G1 X98.922 Y103.618 E3.64967
G1 X97.889 Y103.072 E3.69555
G1 X97.244 Y102.647 E3.72588
G1 X96.797 Y102.128 E3.75277
G1 X96.448 Y101.537 E3.77972
G1 X96.267 Y101.009 E3.80164
G1 X96.119 Y100.389 E3.82667
G1 X96.097 Y100.066 E3.83938
G1 X96.093 Y99.41 E3.86514
G1 X96.25 Y98.636 E3.89615
G1 X96.656 Y97.713 E3.93574
G1 X97.163 Y97.046 E3.96864
G1 X97.59 Y96.626 E3.99216
G1 X98.242 Y96.151 E4.02383
G1 X98.98 Y95.81 E4.05575
G1 X99.877 Y95.621 E4.09174
G1 X100.573 Y95.583 E4.11911
G1 X101.481 Y95.685 E4.15499
G1 X102.028 Y95.84 E4.17731
G1 X102.584 Y96.147 E4.20225
G1 X103.68 Y96.87 E4.2538
G1 X104.337 Y97.176 E4.28226
G1 X104.705 Y97.204 E4.29675
G1 X104.691 Y96.639 F7800
;TYPE:External perimeter
G1 F884.349
G1 X104.856 Y96.656 E4.30326
G1 X105.324 Y96.604 E4.32175
G1 X105.613 Y96.178 E4.34196
G1 X106.005 Y95.913 E4.36054
G1 X106.677 Y95.647 E4.38892
G1 X107.404 Y95.589 E4.41756
G1 X108.036 Y95.149 E4.4478
G1 X108.601 Y95.001 E4.47073
G1 X109.258 Y95.273 E4.49865
G1 X109.931 Y95.05 E4.52649
G1 X110.431 Y95.165 E4.54663
G1 X110.998 Y95.326 E4.56977
G1 X111.392 Y95.744 E4.59232
G1 X112.033 Y95.817 E4.61765
G1 X112.383 Y96.343 E4.64246
G1 X112.938 Y96.529 E4.66544
G1 X113.427 Y96.899 E4.68952
G1 X113.694 Y97.6 E4.71897
G1 X113.991 Y98.255 E4.74721
G1 X114.085 Y98.998 E4.77662
G1 X114.038 Y99.528 E4.79751
G1 X114.248 Y100.183 E4.82452
G1 X114.171 Y100.735 E4.8464
G1 X113.868 Y101.325 E4.87244
G1 X113.846 Y101.968 E4.8977
G1 X113.357 Y102.298 E4.92086
G1 X112.969 Y102.6 E4.94017
G1 X112.586 Y103.115 E4.96537
G1 X112.121 Y103.45 E4.98787
G1 X111.657 Y103.588 E5.00688
G1 X111.131 Y104.14 E5.03682
G1 X110.515 Y104.48 E5.06445
G1 X110.054 Y104.926 E5.08964
G1 X109.975 Y105.463 E5.11095
G1 X109.504 Y105.907 E5.13637
G1 X109.677 Y106.42 E5.15763
G1 X109.375 Y107.035 E5.18453
G1 X109.119 Y107.635 E5.21014
G1 X109.003 Y108.275 E5.23568
G1 X108.399 Y108.669 E5.264
G1 X108.141 Y109.15 E5.28543
G1 X107.5 Y109.51 E5.3143
G1 X107.246 Y110.068 E5.33837
G1 X106.729 Y110.388 E5.36224
G1 X106.128 Y110.485 E5.38614
G1 X106.514 Y110.308 E5.40281
G1 X106.676 Y109.73 E5.42638
G1 X106.607 Y109.182 E5.44807
G1 X106.603 Y108.401 E5.47874
G1 X105.883 Y108.126 E5.509
G1 X105.429 Y107.589 E5.53661
G1 X104.703 Y107.616 E5.56514
G1 X104.255 Y107.74 E5.58339
G1 X103.657 Y107.862 E5.60735
G1 X103.222 Y108.38 E5.63391
G1 X103.09 Y108.943 E5.65662
G1 X102.976 Y109.673 E5.68563
G1 X103.223 Y110.32 E5.71282
G1 X103.866 Y110.604 E5.74042
G1 X104.268 Y110.93 E5.76074
;WIDTH:0.448401
G1 F887.834
G1 X103.716 Y110.947 E5.78234
;WIDTH:0.449999
G1 F884.349
G1 X103.019 Y110.878 E5.80984
G1 X102.492 Y110.398 E5.83783
G1 X101.858 Y110.059 E5.86606
G1 X101.265 Y109.777 E5.89184
G1 X101.04 Y109.056 E5.9215
G1 X100.726 Y108.565 E5.94438
G1 X100.18 Y108.098 E5.97259
G1 X100.199 Y107.455 E5.99785
G1 X99.796 Y106.809 E6.02775
G1 X99.91 Y106.179 E6.05289
G1 X99.567 Y105.627 E6.07841
G1 X99.263 Y105.231 E6.09801
G1 X99.121 Y104.575 E6.12436
G1 X98.902 Y103.864 E6.15357
G1 X98.112 Y103.694 E6.1853
G1 X97.578 Y103.289 E6.21162
G1 X96.988 Y103.135 E6.23556
G1 X96.662 Y102.707 E6.25668
G1 X95.927 Y101.434 E6.3144
G1 X95.691 Y100.717 E6.34404
G1 X95.588 Y100.1 E6.3686
G1 X95.881 Y99.642 E6.38995
G1 X95.731 Y98.983 E6.41649
G1 X95.807 Y98.232 E6.44613
G1 X96.622 Y97.235 E6.49669
G1 X97.141 Y96.725 E6.52526
G1 X97.593 Y96.355 E6.5482
G1 X97.78 Y95.782 E6.57187
G1 X98.403 Y95.491 E6.59887
G1 X99.153 Y95.468 E6.62833
G1 X99.793 Y95.392 E6.65364
G1 X100.24 Y95.313 E6.67146
G1 X100.721 Y95.334 E6.69036
G1 X101.259 Y95.077 E6.71377
G1 X101.774 Y95.178 E6.73438
G1 X102.122 Y95.609 E6.75613
G1 X102.62 Y95.688 E6.77593
G1 X102.985 Y96.155 E6.7992
G1 X103.602 Y96.523 E6.82741
G1 X104.631 Y96.632 E6.86804
G1 X105.031 Y96.631 F7800
G92 E0
G1 X102.393 Y96.851
;TYPE:Solid infill
;WIDTH:0.440056
G1 F906.49
G1 X101.781 Y96.505 E.02693
G1 X100.932 Y96.321 E.06021
;WIDTH:0.41204
G1 F975.293
G1 X100.458 Y96.283 E.07714
;WIDTH:0.410896
G1 F978.325
G1 X99.862 Y96.33 E.09836
;WIDTH:0.419484
G1 F956.013
G1 X99.2 Y96.476 E.12298
;WIDTH:0.421106
G1 F951.913
G1 X98.597 Y96.755 E.14722
G1 X98.073 Y97.125 E.17062
;WIDTH:0.432336
G1 F924.461
G1 X97.693 Y97.512 E.19099
;WIDTH:0.442774
G1 F900.329
G1 X97.271 Y98.075 E.21813
G1 X96.939 Y98.804 E.24902
;WIDTH:0.422112
G1 F949.387
G1 X96.775 Y99.543 E.27671
;WIDTH:0.425672
G1 F940.557
G1 X96.814 Y100.284 E.3041
;WIDTH:0.436844
G1 F913.882
G1 X96.945 Y100.812 E.32477
;WIDTH:0.451134
G1 F881.89
G1 X97.099 Y101.237 E.34257
G1 X97.37 Y101.717 E.36427
;WIDTH:0.430064
G1 F929.887
G1 X97.711 Y102.115 E.38384
;LAYER_CHANGE
;Z:1.75
;HEIGHT:0.2
G92 E0
G1 Z1.75 F7800
G1 X105.693 Y110.839
;TYPE:External perimeter
;WIDTH:0.38292
G1 F900
G1 X105.499 Y110.954 E.0074
G1 X104.867 Y110.866 E.02833
G92 E0
G1 X104.548 Y97.431 F7800
;TYPE:Perimeter
;WIDTH:0.449999
G1 F884.349
G1 X104.695 Y97.431 E.00577
G1 X105.355 Y97.314 E.03209
G1 X105.652 Y97.181 E.04487
G1 X106.255 Y96.787 E.07315
G1 X106.823 Y96.477 E.09856
G1 X108.239 Y95.973 E.15758
G1 X108.918 Y95.829 E.18483
G1 X109.661 Y95.813 E.21401
G1 X110.221 Y95.881 E.23616
G1 X110.708 Y96.014 E.25598
G1 X111.174 Y96.22 E.27599
G1 X111.755 Y96.541 E.30205
G1 X112.168 Y96.851 E.32233
G1 X112.524 Y97.212 E.34224
G1 X112.858 Y97.638 E.36349
G1 X113.148 Y98.08 E.38425
G1 X113.489 Y99.076 E.42559
G1 X113.558 Y99.78 E.45336
G1 X113.519 Y100.485 E.48108
G1 X113.41 Y101.041 E.50333
G1 X113.248 Y101.52 E.52318
G1 X112.883 Y101.989 E.54651
G1 X112.451 Y102.381 E.56941
G1 X111.984 Y102.69 E.5914
G1 X111 Y103.148 E.63402
G1 X110.191 Y103.665 E.67172
G1 X109.595 Y104.27 E.70507
G1 X109.225 Y104.851 E.73212
G1 X108.954 Y105.485 E.75919
G1 X108.622 Y106.605 E.80506
G1 X108.43 Y107.148 E.82767
G1 X108.098 Y107.85 E.85816
G1 X107.769 Y108.378 E.88259
G1 X107.421 Y108.721 E.90178
G1 X107.261 Y108.331 E.91833
G1 X106.981 Y107.906 E.93831
G1 X106.622 Y107.544 E.95833
G1 X106.201 Y107.261 E.97825
G1 X105.744 Y107.066 E.99776
G1 X105.461 Y106.999 E1.00918
G1 X104.809 Y106.934 E1.03491
G1 X104.276 Y107.007 E1.05603
G1 X103.769 Y107.177 E1.07703
G1 X103.334 Y107.425 E1.09669
G1 X102.953 Y107.754 E1.11646
G1 X102.642 Y108.152 E1.13629
G1 X102.418 Y108.603 E1.15606
G1 X102.293 Y109.078 E1.17535
G1 X102.266 Y109.415 E1.18862
G1 X102.009 Y109.145 E1.20326
G1 X101.533 Y108.433 E1.23689
G1 X101.059 Y107.67 E1.27216
G1 X100.699 Y106.729 E1.31172
G1 X100.236 Y105.189 E1.37486
G1 X99.99 Y104.459 E1.40511
G1 X99.652 Y103.875 E1.4316
G1 X99.361 Y103.596 E1.44743
G1 X98.953 Y103.287 E1.46753
G1 X97.777 Y102.669 E1.51969
G1 X97.332 Y102.343 E1.54135
G1 X97.03 Y101.973 E1.5601
G1 X96.75 Y101.473 E1.5826
M73 P9 R26
G1 X96.518 Y100.886 E1.60738
M73 Q9 S26
G1 X96.407 Y100.379 E1.62776
G1 X96.381 Y99.948 E1.64471
G1 X96.4 Y99.345 E1.6684
G1 X96.532 Y98.738 E1.69279
G1 X96.881 Y97.922 E1.72764
G1 X97.396 Y97.188 E1.76285
G1 X97.748 Y96.85 E1.78201
G1 X98.298 Y96.456 E1.80857
G1 X98.752 Y96.241 E1.82829
G1 X99.312 Y96.014 E1.85202
G1 X99.822 Y95.923 E1.87236
G1 X100.53 Y95.869 E1.90024
G1 X100.95 Y95.911 E1.91681
G1 X101.618 Y96.013 E1.94334
G1 X102.318 Y96.322 E1.97338
G1 X103.286 Y96.971 E2.01914
G1 X103.572 Y97.115 E2.03171
G1 X104.346 Y97.431 E2.06454
G1 X104.488 Y97.431 E2.07012
G1 X104.565 Y97.027 F7800
G1 F884.349
G1 X104.623 Y97.031 E2.0724
G1 X105.199 Y96.932 E2.09535
G1 X105.43 Y96.841 E2.1051
G1 X106.032 Y96.446 E2.13337
G1 X106.664 Y96.101 E2.16164
G1 X108.128 Y95.581 E2.22264
G1 X108.871 Y95.422 E2.25247
G1 X109.681 Y95.406 E2.28428
G1 X110.299 Y95.481 E2.30872
G1 X110.845 Y95.629 E2.33093
G1 X111.622 Y95.974 E2.36431
G1 X111.974 Y96.197 E2.38067
G1 X112.438 Y96.546 E2.40347
G1 X112.824 Y96.938 E2.42507
G1 X113.217 Y97.444 E2.45023
G1 X113.526 Y97.925 E2.47268
G1 X113.887 Y98.983 E2.51657
G1 X113.974 Y100.01 E2.55704
G1 X113.924 Y100.524 E2.57732
G1 X113.804 Y101.142 E2.60204
G1 X113.611 Y101.712 E2.62567
G1 X113.411 Y101.991 E2.63915
G1 X113.091 Y102.361 E2.65836
G1 X112.613 Y102.768 E2.68301
G1 X112.192 Y103.039 E2.70267
G1 X111.726 Y103.273 E2.72314
G1 X111.21 Y103.497 E2.74523
G1 X110.474 Y103.957 E2.77931
G1 X109.932 Y104.5 E2.80943
G1 X109.598 Y105.016 E2.83356
G1 X109.344 Y105.601 E2.8586
G1 X108.926 Y107.013 E2.91642
G1 X108.689 Y107.588 E2.94084
G1 X108.45 Y108.054 E2.9614
G1 X108.061 Y108.671 E2.99004
G1 X107.644 Y109.072 E3.01276
G1 X107.126 Y109.531 E3.03994
G1 X107.126 Y109.391 E3.04544
G1 X107.05 Y108.89 E3.06534
G1 X106.891 Y108.502 E3.0818
G1 X106.65 Y108.143 E3.09878
G1 X106.345 Y107.843 E3.11558
G1 X105.885 Y107.557 E3.13685
G1 X105.415 Y107.403 E3.15627
G1 X104.866 Y107.342 E3.17796
G1 X104.338 Y107.409 E3.19886
G1 X103.915 Y107.557 E3.21646
G1 X103.549 Y107.771 E3.23311
G1 X103.23 Y108.052 E3.2498
G1 X102.973 Y108.389 E3.26644
G1 X102.789 Y108.769 E3.28302
G1 X102.687 Y109.181 E3.29969
G1 X102.687 Y109.734 E3.3214
G1 X102.815 Y110.202 E3.34045
G1 X102.075 Y109.804 E3.37344
G1 X101.69 Y109.401 E3.39532
G1 X101.191 Y108.653 E3.43063
G1 X100.693 Y107.851 E3.4677
G1 X100.313 Y106.86 E3.50937
G1 X99.636 Y104.659 E3.59979
G1 X99.364 Y104.178 E3.62149
G1 X99.221 Y104.007 E3.63024
G1 X98.764 Y103.647 E3.65308
G1 X97.561 Y103.015 E3.70644
G1 X97.049 Y102.641 E3.73134
G1 X96.693 Y102.203 E3.7535
G1 X96.381 Y101.648 E3.7785
G1 X96.128 Y101.005 E3.80563
G1 X96.003 Y100.435 E3.82854
G1 X95.974 Y99.973 E3.84672
G1 X95.996 Y99.285 E3.87375
G1 X96.142 Y98.614 E3.90071
G1 X96.523 Y97.723 E3.93876
G1 X97.086 Y96.922 E3.9772
G1 X97.488 Y96.536 E3.99908
G1 X98.091 Y96.104 E4.02821
G1 X98.816 Y95.76 E4.05972
G1 X99.221 Y95.617 E4.07658
G1 X99.771 Y95.519 E4.09852
G1 X100.535 Y95.461 E4.1286
G1 X101.171 Y95.524 E4.15369
G1 X101.74 Y95.622 E4.17636
G1 X102.515 Y95.964 E4.20962
G1 X103.106 Y96.36 E4.23755
G1 X103.74 Y96.744 E4.26665
G1 X104.345 Y97.013 E4.29265
G1 X104.505 Y97.023 E4.29894
G1 X104.583 Y96.553 F7800
;TYPE:External perimeter
G1 F884.349
G1 X105.056 Y96.706 E4.31846
G1 X105.574 Y96.261 E4.34527
G1 X105.892 Y95.845 E4.36583
G1 X106.437 Y95.869 E4.38725
G1 X106.779 Y95.509 E4.40675
G1 X107.525 Y95.471 E4.43608
G1 X107.924 Y95.203 E4.45495
G1 X108.613 Y95.033 E4.48281
G1 X109.167 Y95.026 E4.50456
G1 X109.872 Y94.868 E4.53293
G1 X110.312 Y95.134 E4.55312
G1 X110.942 Y95.434 E4.58052
G1 X111.517 Y95.654 E4.60469
G1 X112.004 Y95.777 E4.62441
G1 X112.533 Y95.855 E4.64541
G1 X112.997 Y96.283 E4.6702
G1 X113.21 Y96.767 E4.69096
G1 X113.572 Y97.412 E4.72
G1 X113.962 Y97.94 E4.74577
G1 X114.298 Y98.573 E4.77391
G1 X114.444 Y99.226 E4.80018
G1 X114.243 Y99.866 E4.82652
G1 X114.241 Y100.357 E4.8458
G1 X114.131 Y100.883 E4.8669
G1 X114.032 Y101.575 E4.89435
G1 X113.901 Y102.236 E4.92081
G1 X113.41 Y102.521 E4.9431
G1 X113.211 Y103.067 E4.96592
G1 X112.457 Y103.202 E4.996
G1 X112.139 Y103.711 E5.01957
G1 X111.481 Y103.965 E5.04726
G1 X110.813 Y104.139 E5.07436
G1 X110.376 Y104.533 E5.09746
G1 X110.177 Y105.036 E5.1187
G1 X109.653 Y105.514 E5.14655
G1 X109.461 Y106.015 E5.16762
G1 X109.271 Y106.681 E5.19481
G1 X109.368 Y107.495 E5.227
G1 X108.801 Y107.879 E5.25389
G1 X108.649 Y108.439 E5.27667
G1 X108.422 Y108.828 E5.29435
G1 X107.895 Y109.242 E5.32066
G1 X107.659 Y109.733 E5.34205
G1 X107.193 Y110.125 E5.36596
G1 X106.554 Y110.318 E5.39217
G1 X106.511 Y109.814 E5.41203
G1 X106.594 Y108.575 E5.46079
G1 X106.001 Y108.19 E5.48855
G1 X105.531 Y108.058 E5.50772
G1 X105.065 Y107.711 E5.53053
G1 X104.421 Y108.003 E5.55829
G1 X103.915 Y108.149 E5.57897
G1 X103.21 Y108.433 E5.60881
G1 X103.064 Y109.188 E5.639
G1 X103.274 Y109.747 E5.66245
G1 X103.353 Y110.229 E5.68163
G1 X103.652 Y111.029 E5.71516
G1 X103.145 Y110.835 E5.73647
G1 X102.783 Y110.451 E5.75719
G1 X102.047 Y110.339 E5.78642
G1 X101.578 Y109.981 E5.80959
G1 X101.329 Y109.242 E5.84021
G1 X100.814 Y108.762 E5.86785
G1 X100.622 Y108.302 E5.88742
G1 X100.435 Y107.761 E5.9099
G1 X99.943 Y107.215 E5.93876
G1 X99.856 Y106.745 E5.95753
G1 X99.546 Y106.159 E5.98356
G1 X99.663 Y105.565 E6.00733
G1 X99.299 Y105.058 E6.03184
G1 X99.135 Y104.649 E6.04914
G1 X98.703 Y104.107 E6.07635
G1 X98.211 Y103.742 E6.1004
G1 X97.632 Y103.667 E6.12332
G1 X97.119 Y103.365 E6.14669
G1 X96.515 Y102.319 E6.19412
G1 X96.102 Y101.99 E6.21485
G1 X95.893 Y101.487 E6.23624
G1 X95.647 Y100.785 E6.26545
G1 X95.676 Y100.229 E6.28731
G1 X95.377 Y99.724 E6.31035
G1 X95.441 Y99.178 E6.33194
G1 X95.707 Y98.705 E6.35325
G1 X95.996 Y98.129 E6.37855
G1 X96.063 Y97.495 E6.40358
G1 X96.528 Y97.201 E6.42518
G1 X96.787 Y96.574 E6.45182
G1 X97.279 Y96.009 E6.48124
G1 X97.849 Y95.823 E6.50478
G1 X98.294 Y95.57 E6.52488
G1 X99.008 Y95.399 E6.55371
G1 X99.578 Y95.06 E6.57975
G1 X100.123 Y95.046 E6.60116
G1 X100.647 Y95.131 E6.622
G1 X101.19 Y95.095 E6.64337
G1 X101.699 Y95.199 E6.66377
G1 X102.195 Y95.399 E6.68477
G1 X102.902 Y95.579 E6.71342
G1 X103.452 Y95.871 E6.73787
G1 X103.877 Y96.496 E6.76755
G1 X104.379 Y96.487 E6.78726
G1 X104.526 Y96.535 E6.79333
G1 X104.907 Y96.658 F7800
G92 E0
G1 X99.4 Y96.831
;TYPE:Internal infill
;WIDTH:0.45
;HEIGHT:0.4
G1 F494.289
G1 X98.961 Y96.982 E.03261
G1 X98.315 Y97.421 E.08748
G1 X97.828 Y97.952 E.1381
G1 X97.572 Y98.353 E.17152
G1 X97.912 Y98.452 E.1964
G1 X98.348 Y98.493 E.22716
G1 X98.785 Y98.437 E.25811
G1 X99.222 Y98.243 E.2917
G1 X100.532 Y97.029 E.41717
G1 X101.099 Y96.755 E.46141
G1 X101.619 Y96.871 E.49884
G1 X102.506 Y97.381 E.57072
G1 X102.702 Y97.082 E.59584
G1 X103.474 Y97.558 E.65955
G1 X104.026 Y98.088 E.71331
G1 X104.463 Y98.324 E.7482
G1 X104.9 Y98.452 E.78019
G1 X105.337 Y98.493 E.81102
G1 X105.774 Y98.437 E.84197
G1 X106.21 Y98.243 E.87549
G1 X107.521 Y97.029 E1.00101
G1 X107.957 Y96.793 E1.03584
G1 X108.394 Y96.665 E1.06783
G1 X108.831 Y96.625 E1.09866
G1 X109.268 Y96.681 E1.12961
G1 X109.705 Y96.875 E1.1632
G1 X111.015 Y98.088 E1.28862
G1 X111.452 Y98.324 E1.32351
G1 X111.888 Y98.452 E1.35543
G1 X112.325 Y98.493 E1.38626
G1 X112.809 Y98.416 E1.42069
G1 X113.096 Y99.29 E1.48531
G1 X113.139 Y100.151 E1.54587
G1 X112.968 Y101.135 E1.61603
G1 X112.719 Y101.535 E1.64913
G1 X112.325 Y101.818 E1.68321
G1 X111.888 Y101.947 E1.71522
G1 X111.452 Y101.987 E1.74598
G1 X111.015 Y101.931 E1.77693
G1 X110.578 Y101.737 E1.81052
G1 X109.268 Y100.524 E1.93594
G1 X108.831 Y100.287 E1.97086
G1 X108.394 Y100.159 E2.00285
G1 X107.957 Y100.119 E2.03368
G1 X107.521 Y100.175 E2.06456
G1 X107.084 Y100.369 E2.09815
G1 X105.774 Y101.582 E2.22357
G1 X105.337 Y101.818 E2.25846
G1 X104.9 Y101.947 E2.29047
G1 X104.463 Y101.987 E2.3213
G1 X104.026 Y101.931 E2.35225
G1 X103.59 Y101.737 E2.38577
G1 X102.279 Y100.524 E2.51124
G1 X101.843 Y100.287 E2.5461
G1 X101.406 Y100.159 E2.57809
G1 X100.969 Y100.119 E2.60892
G1 X100.532 Y100.175 E2.63987
G1 X100.095 Y100.369 E2.67346
G1 X98.785 Y101.582 E2.79888
G1 X98.348 Y101.818 E2.83377
G1 X98.056 Y101.904 E2.85515
G1 X97.737 Y101.568 E2.8877
G1 X97.391 Y100.92 E2.9393
G1 X97.211 Y100.291 E2.98526
G1 X97.143 Y99.704 E3.02677
G92 E0
G1 X104.531 Y106.514 F7800
G1 F494.289
G1 X104.157 Y106.572 E.02659
G1 X103.653 Y106.748 E.06409
G1 X103.171 Y107.022 E.10304
G1 X102.741 Y107.388 E.14271
G1 X102.482 Y107.706 E.17152
G1 X102.279 Y107.512 E.19125
G1 X101.843 Y107.276 E.22608
G1 X101.196 Y107.128 E.27271
G1 X100.301 Y104.24 E.48511
G1 X100.532 Y104.018 E.50762
G1 X100.969 Y103.782 E.54251
G1 X101.406 Y103.653 E.57452
G1 X101.843 Y103.613 E.60535
G1 X102.279 Y103.669 E.63623
G1 X102.716 Y103.863 E.66982
G1 X104.026 Y105.076 E.79524
G1 X104.463 Y105.313 E.83016
G1 X104.9 Y105.441 E.86215
G1 X105.337 Y105.481 E.89298
G1 X105.774 Y105.425 E.92393
G1 X106.21 Y105.231 E.95745
G1 X107.521 Y104.018 E1.08292
G1 X107.957 Y103.782 E1.11775
G1 X108.394 Y103.653 E1.14976
G1 X108.831 Y103.613 E1.18059
G1 X109.268 Y103.669 E1.21154
G1 X109.523 Y103.782 E1.23113
G1 X109.035 Y104.419 E1.2875
G1 X108.645 Y105.249 E1.35192
G1 X108.102 Y107.121 E1.48885
G1 X107.521 Y107.163 E1.52977
G1 X107.054 Y107.383 E1.56603
G1 X106.631 Y107.023 E1.60505
G1 X106.145 Y106.748 E1.64428
G1 X105.698 Y106.585 E1.6777
M73 P10 R26
G1 X104.852 Y106.49 E1.7375
M73 Q10 S26
;LAYER_CHANGE
;Z:1.95
;HEIGHT:0.2
G92 E0
G1 Z1.95 F7800
G1 X104.385 Y97.277
;TYPE:Perimeter
;WIDTH:0.449999
G1 F884.349
G1 X104.556 Y97.296 E.00676
G1 X105.259 Y97.252 E.03442
G1 X105.601 Y97.117 E.04886
G1 X106.707 Y96.427 E.10004
G1 X108.233 Y95.901 E.16342
G1 X108.962 Y95.733 E.19279
G1 X109.598 Y95.708 E.21778
G1 X110.203 Y95.795 E.24178
G1 X110.877 Y95.968 E.2691
G1 X111.578 Y96.306 E.29966
G1 X112.017 Y96.598 E.32036
G1 X112.337 Y96.886 E.33726
G1 X112.723 Y97.281 E.35895
G1 X113.088 Y97.796 E.38373
G1 X113.329 Y98.291 E.40535
G1 X113.562 Y99.047 E.43641
G1 X113.599 Y99.378 E.44949
G1 X113.619 Y100.318 E.48641
G1 X113.514 Y100.988 E.51304
G1 X113.244 Y101.696 E.54279
G1 X113.012 Y102.032 E.55882
G1 X112.627 Y102.409 E.57998
G1 X111.975 Y102.831 E.61047
G1 X111.122 Y103.176 E.6466
G1 X110.685 Y103.415 E.66616
G1 X110.121 Y103.812 E.69324
G1 X109.759 Y104.194 E.7139
G1 X109.282 Y104.871 E.74642
G1 X109.073 Y105.33 E.76622
G1 X108.643 Y106.626 E.81983
G1 X108.438 Y107.152 E.842
G1 X108.155 Y107.729 E.86723
G1 X107.78 Y108.357 E.89595
G1 X107.384 Y108.761 E.91816
G1 X107.281 Y108.517 E.92856
G1 X107.013 Y108.092 E.94829
G1 X106.624 Y107.696 E.97009
G1 X105.985 Y107.306 E.99948
G1 X105.336 Y107.112 E1.02608
G1 X104.809 Y107.081 E1.04681
G1 X104.306 Y107.144 E1.06671
G1 X103.828 Y107.297 E1.08642
G1 X103.342 Y107.57 E1.10831
G1 X102.819 Y108.052 E1.13624
G1 X102.539 Y108.476 E1.15619
G1 X102.352 Y108.95 E1.1762
G1 X102.274 Y109.376 E1.1932
G1 X102.115 Y109.204 E1.2024
G1 X101.548 Y108.399 E1.24106
G1 X100.954 Y107.448 E1.28509
G1 X100.575 Y106.448 E1.32708
G1 X100.263 Y105.398 E1.37009
G1 X100.127 Y104.873 E1.39138
G1 X99.966 Y104.508 E1.40704
G1 X99.665 Y103.969 E1.43128
G1 X99.426 Y103.739 E1.4443
G1 X98.811 Y103.322 E1.47348
G1 X97.7 Y102.726 E1.52298
G1 X97.239 Y102.371 E1.54583
G1 X97.074 Y102.176 E1.55586
G1 X96.776 Y101.734 E1.57679
G1 X96.546 Y101.246 E1.59797
G1 X96.358 Y100.639 E1.62292
G1 X96.267 Y99.731 E1.65875
G1 X96.309 Y99.281 E1.6765
G1 X96.435 Y98.704 E1.69969
G1 X96.627 Y98.227 E1.71988
G1 X96.856 Y97.766 E1.74009
G1 X97.23 Y97.249 E1.76514
G1 X97.65 Y96.798 E1.78934
G1 X98.169 Y96.399 E1.81504
G1 X99.158 Y95.935 E1.85793
G1 X99.727 Y95.821 E1.88072
G1 X100.53 Y95.765 E1.91233
G1 X101.085 Y95.803 E1.93417
G1 X101.73 Y95.961 E1.96024
G1 X102.499 Y96.306 E1.99333
G1 X103.416 Y96.894 E2.0361
G1 X104.241 Y97.261 E2.07155
G1 X104.326 Y97.27 E2.07491
G1 X104.457 Y96.873 F7800
G1 F884.349
G1 X104.537 Y96.889 E2.07811
G1 X105.098 Y96.863 E2.10016
G1 X105.385 Y96.772 E2.11198
G1 X106.529 Y96.058 E2.16493
G1 X107.596 Y95.677 E2.20942
G1 X108.125 Y95.508 E2.23123
G1 X108.908 Y95.328 E2.26278
G1 X109.619 Y95.299 E2.29072
G1 X110.283 Y95.396 E2.31707
G1 X111.017 Y95.583 E2.34681
G1 X111.78 Y95.952 E2.38009
G1 X112.268 Y96.275 E2.40307
G1 X112.619 Y96.593 E2.42167
G1 X113.036 Y97.019 E2.44508
G1 X113.44 Y97.587 E2.47245
G1 X113.709 Y98.141 E2.49663
G1 X113.962 Y98.964 E2.53044
G1 X114.016 Y99.443 E2.54937
G1 X114.025 Y100.357 E2.58526
G1 X113.91 Y101.093 E2.61451
G1 X113.607 Y101.886 E2.64784
G1 X113.325 Y102.296 E2.66738
G1 X112.882 Y102.728 E2.69168
G1 X112.164 Y103.194 E2.72529
G1 X111.274 Y103.554 E2.76299
G1 X110.909 Y103.754 E2.77933
G1 X110.447 Y104.065 E2.8012
G1 X110.091 Y104.429 E2.82119
G1 X109.648 Y105.056 E2.85133
G1 X109.46 Y105.458 E2.86876
G1 X108.988 Y106.878 E2.92752
G1 X108.684 Y107.627 E2.95926
G1 X108.078 Y108.634 E3.00541
G1 X107.695 Y109.03 E3.02704
G1 X107.126 Y109.493 E3.05584
G1 X107.106 Y109.304 E3.0633
G1 X106.98 Y108.835 E3.08237
G1 X106.779 Y108.459 E3.09911
G1 X106.449 Y108.075 E3.11899
G1 X106.01 Y107.768 E3.14002
G1 X105.409 Y107.543 E3.16522
G1 X104.955 Y107.486 E3.18319
G1 X104.618 Y107.507 E3.19645
G1 X104.113 Y107.621 E3.21678
G1 X103.676 Y107.829 E3.23578
G1 X103.252 Y108.179 E3.25737
G1 X102.973 Y108.535 E3.27513
G1 X102.789 Y108.915 E3.29171
G1 X102.705 Y109.244 E3.30504
G1 X102.674 Y109.751 E3.32498
G1 X102.738 Y110.117 E3.33957
G1 X102.609 Y110.068 E3.34499
G1 X102.114 Y109.772 E3.36764
G1 X101.797 Y109.461 E3.38508
G1 X101.208 Y108.624 E3.42527
G1 X100.587 Y107.63 E3.47129
G1 X100.189 Y106.578 E3.51545
G1 X99.68 Y104.837 E3.58667
G1 X99.388 Y104.29 E3.61102
G1 X99.195 Y104.074 E3.62239
G1 X98.619 Y103.681 E3.64977
G1 X97.478 Y103.069 E3.70061
G1 X96.956 Y102.666 E3.7265
G1 X96.604 Y102.25 E3.7479
G1 X96.424 Y101.938 E3.76204
G1 X96.171 Y101.403 E3.78528
G1 X95.956 Y100.712 E3.81369
G1 X95.858 Y99.733 E3.85232
G1 X95.906 Y99.218 E3.87263
G1 X96.045 Y98.583 E3.89815
G1 X96.25 Y98.074 E3.9197
G1 X96.507 Y97.557 E3.94237
G1 X96.911 Y96.996 E3.96951
G1 X97.381 Y96.491 E3.9966
G1 X97.953 Y96.052 E4.02491
G1 X99.042 Y95.543 E4.07211
G1 X99.673 Y95.417 E4.09738
G1 X100.529 Y95.356 E4.13108
G1 X101.148 Y95.399 E4.15544
G1 X101.863 Y95.575 E4.18435
G1 X102.695 Y95.948 E4.22015
G1 X103.585 Y96.523 E4.26175
G1 X104.252 Y96.833 E4.29063
G1 X104.398 Y96.862 E4.29647
G1 X104.525 Y96.487 F7800
;TYPE:External perimeter
G1 F884.349
G1 X104.808 Y96.512 E4.30763
G1 X105.41 Y96.436 E4.33145
G1 X106.456 Y95.778 E4.37997
G1 X107.113 Y95.487 E4.40818
G1 X107.477 Y95.095 E4.42918
G1 X108.003 Y95.1 E4.44983
G1 X108.55 Y95.078 E4.47133
G1 X109.236 Y94.857 E4.49963
G1 X109.935 Y95.03 E4.5279
G1 X110.442 Y94.923 E4.54825
G1 X111.081 Y95.203 E4.57564
G1 X111.559 Y95.565 E4.59918
G1 X112.143 Y95.679 E4.62254
G1 X112.58 Y95.858 E4.64108
G1 X112.989 Y96.163 E4.66111
G1 X113.238 Y96.68 E4.68364
G1 X113.556 Y97.194 E4.70737
G1 X113.847 Y97.814 E4.73426
G1 X114.212 Y98.365 E4.76021
G1 X114.25 Y99.059 E4.7875
G1 X114.563 Y99.64 E4.81341
G1 X114.518 Y100.315 E4.83997
G1 X114.531 Y100.855 E4.86118
G1 X114.36 Y101.448 E4.88541
G1 X114.016 Y102.052 E4.9127
G1 X113.579 Y102.51 E4.93756
G1 X113.287 Y103.036 E4.96118
G1 X112.723 Y103.342 E4.98637
G1 X112.158 Y103.809 E5.01515
G1 X111.699 Y103.922 E5.03371
G1 X111.206 Y104.274 E5.0575
G1 X110.702 Y104.515 E5.07944
G1 X110.215 Y104.782 E5.10125
G1 X109.945 Y105.284 E5.12363
G1 X109.784 Y105.748 E5.14291
G1 X109.672 Y106.363 E5.16745
G1 X109.296 Y107.378 E5.20995
G1 X109.105 Y108.021 E5.23629
G1 X108.753 Y108.401 E5.25663
G1 X108.188 Y108.841 E5.28475
G1 X107.789 Y109.247 E5.3071
G1 X107.619 Y109.743 E5.32769
G1 X107.14 Y110.192 E5.35347
G1 X106.408 Y110.181 E5.38221
G1 X106.637 Y109.17 E5.42291
G1 X106.405 Y108.626 E5.44613
G1 X105.947 Y108.297 E5.46827
G1 X104.908 Y108.061 E5.51011
G1 X104.203 Y108.044 E5.5378
G1 X103.708 Y108.576 E5.56633
G1 X103.347 Y108.926 E5.58607
G1 X103.278 Y109.505 E5.60897
G1 X103.245 Y110.044 E5.63017
G1 X103.401 Y110.473 E5.64809
G1 X103.397 Y110.935 E5.66623
G1 X102.962 Y110.453 E5.69172
G1 X102.223 Y110.347 E5.72103
G1 X101.887 Y109.878 E5.74368
G1 X101.191 Y109.527 E5.77429
G1 X100.949 Y109.018 E5.79642
G1 X100.702 Y108.419 E5.82186
G1 X100.279 Y107.966 E5.8462
G1 X99.929 Y107.307 E5.8755
G1 X99.74 Y106.685 E5.90103
G1 X99.518 Y106.053 E5.92733
G1 X99.312 Y105.564 E5.94816
G1 X98.947 Y104.514 E5.99181
G1 X98.53 Y103.938 E6.01973
G1 X97.024 Y103.357 E6.08311
G1 X96.743 Y102.94 E6.10285
G1 X96.306 Y102.512 E6.12687
G1 X95.923 Y101.915 E6.15472
G1 X95.722 Y101.358 E6.17797
G1 X95.518 Y100.912 E6.19723
G1 X95.656 Y100.27 E6.22301
G1 X95.299 Y99.652 E6.25103
G1 X95.692 Y99.057 E6.27903
G1 X95.634 Y98.285 E6.30943
G1 X95.84 Y97.714 E6.33326
G1 X96.12 Y97.257 E6.3543
G1 X96.522 Y96.989 E6.37327
G1 X97 Y96.538 E6.39907
G1 X97.391 Y95.981 E6.42579
G1 X97.977 Y95.648 E6.45225
G1 X98.536 Y95.463 E6.47537
G1 X99.044 Y95.053 E6.501
G1 X99.602 Y95.08 E6.52294
G1 X100.323 Y95.023 E6.55134
G1 X100.879 Y95.145 E6.57369
G1 X101.474 Y94.901 E6.59894
G1 X101.982 Y95.245 E6.62303
G1 X102.435 Y95.464 E6.64279
G1 X103.111 Y95.729 E6.6713
G1 X103.701 Y95.912 E6.69555
G1 X104.188 Y96.457 E6.72425
G1 X104.465 Y96.482 E6.73517
G1 X104.865 Y96.496 F7800
;LAYER_CHANGE
;Z:2.15
;HEIGHT:0.2
G92 E0
G1 Z2.15 F7800
G1 X102.303 Y109.33
;TYPE:Perimeter
G1 F884.349
G1 X102.244 Y109.272 E.00325
G1 X101.813 Y108.654 E.03283
G1 X101.487 Y108.231 E.0538
G1 X100.938 Y107.335 E.09506
G1 X100.539 Y106.352 E.13672
G1 X100.209 Y105.114 E.18703
M73 P10 R25
G1 X100.069 Y104.724 E.2033
G1 X99.654 Y104.029 E.23508
G1 X99.312 Y103.746 E.25251
G1 X98.717 Y103.354 E.28049
G1 X98.117 Y103.057 E.30678
G1 X97.654 Y102.786 E.32784
G1 X97.16 Y102.41 E.35222
G1 X96.967 Y102.174 E.36419
G1 X96.608 Y101.654 E.389
G1 X96.43 Y101.236 E.40684
G1 X96.242 Y100.529 E.43556
G1 X96.181 Y99.743 E.46651
G1 X96.22 Y99.209 E.48753
G1 X96.349 Y98.671 E.50925
G1 X96.617 Y97.99 E.53799
G1 X96.957 Y97.432 E.56365
G1 X97.307 Y97.027 E.58467
G1 X98.061 Y96.368 E.62399
G1 X98.529 Y96.103 E.64511
G1 X99.143 Y95.828 E.67153
G1 X99.651 Y95.729 E.69185
G1 X100.526 Y95.669 E.72629
G1 X101.033 Y95.708 E.74626
G1 X101.806 Y95.915 E.77768
G1 X102.801 Y96.411 E.82133
G1 X103.411 Y96.781 E.84934
G1 X104.021 Y97.089 E.87617
G1 X104.361 Y97.192 E.89012
G1 X104.751 Y97.197 E.90543
G1 X105.277 Y97.165 E.92612
G1 X105.525 Y97.066 E.9366
G1 X105.99 Y96.774 E.95816
G1 X106.712 Y96.37 E.99065
G1 X107.253 Y96.141 E1.01372
G1 X108.223 Y95.83 E1.05372
G1 X109.084 Y95.655 E1.08822
G1 X109.674 Y95.65 E1.11139
G1 X110.32 Y95.76 E1.13712
G1 X110.991 Y95.936 E1.16436
G1 X111.624 Y96.253 E1.19216
G1 X112.076 Y96.535 E1.21308
G1 X112.351 Y96.786 E1.2277
G1 X112.741 Y97.197 E1.24995
G1 X113.157 Y97.795 E1.27855
G1 X113.445 Y98.385 E1.30433
G1 X113.636 Y99.037 E1.33101
G1 X113.724 Y100.035 E1.37035
G1 X113.675 Y100.494 E1.38847
G1 X113.577 Y100.998 E1.40863
G1 X113.321 Y101.64 E1.43577
G1 X113.128 Y101.997 E1.4517
G1 X112.784 Y102.374 E1.47174
G1 X112.359 Y102.739 E1.49374
G1 X112.114 Y102.853 E1.50435
G1 X111.128 Y103.232 E1.54583
G1 X110.683 Y103.476 E1.56576
G1 X110.191 Y103.834 E1.58965
G1 X109.963 Y104.063 E1.60234
G1 X109.274 Y105.02 E1.64864
G1 X109.146 Y105.26 E1.65932
G1 X108.365 Y107.348 E1.74685
G1 X108.118 Y107.832 E1.76819
G1 X107.823 Y108.273 E1.78902
G1 X107.33 Y108.788 E1.81701
G1 X107.035 Y108.262 E1.84069
G1 X106.749 Y107.964 E1.85691
G1 X106.423 Y107.691 E1.87361
G1 X105.752 Y107.363 E1.90294
G1 X105.221 Y107.242 E1.92432
G1 X104.747 Y107.242 E1.94293
G1 X104.263 Y107.303 E1.96208
G1 X103.632 Y107.532 E1.98844
G1 X103.15 Y107.86 E2.01133
G1 X102.787 Y108.237 E2.03188
G1 X102.519 Y108.662 E2.05161
G1 X102.322 Y109.272 E2.07678
G1 X102.696 Y110.027 F7800
G1 F884.349
G1 X102.135 Y109.718 E2.10193
G1 X101.907 Y109.501 E2.11429
G1 X101.461 Y108.863 E2.14485
G1 X101.151 Y108.462 E2.16475
G1 X100.574 Y107.519 E2.20816
G1 X100.152 Y106.482 E2.25212
G1 X99.715 Y104.926 E2.31558
G1 X99.339 Y104.287 E2.34469
G1 X99.084 Y104.083 E2.35751
G1 X98.537 Y103.719 E2.38331
G1 X97.761 Y103.335 E2.41731
G1 X97.272 Y103.026 E2.44002
G1 X96.871 Y102.699 E2.46034
G1 X96.537 Y102.291 E2.48104
G1 X96.248 Y101.847 E2.50184
G1 X96.044 Y101.369 E2.52225
G1 X95.839 Y100.598 E2.55357
G1 X95.773 Y99.744 E2.5872
G1 X95.817 Y99.146 E2.61074
G1 X95.959 Y98.548 E2.63487
G1 X96.251 Y97.808 E2.66611
G1 X96.627 Y97.192 E2.69445
M73 Q10 S25
G1 X97.018 Y96.74 E2.71792
G1 X97.824 Y96.034 E2.75999
G1 X98.521 Y95.64 E2.79143
G1 X99.027 Y95.436 E2.81285
G1 X99.598 Y95.325 E2.83569
G1 X100.528 Y95.261 E2.87229
G1 X101.102 Y95.305 E2.89489
G1 X101.947 Y95.532 E2.92924
G1 X103.014 Y96.064 E2.97605
G1 X103.595 Y96.418 E3.00276
M73 P11 R25
M73 Q11 S25
G1 X104.204 Y96.726 E3.02956
G1 X104.484 Y96.792 E3.04086
G1 X105.178 Y96.77 E3.06812
G1 X105.355 Y96.694 E3.07568
G1 X105.782 Y96.425 E3.0955
G1 X106.532 Y96.004 E3.12927
G1 X107.112 Y95.759 E3.15399
G1 X108.12 Y95.436 E3.19555
G1 X109.041 Y95.248 E3.23246
G1 X109.706 Y95.243 E3.25857
G1 X110.406 Y95.362 E3.28645
G1 X111.135 Y95.553 E3.31604
G1 X111.824 Y95.898 E3.3463
G1 X112.323 Y96.209 E3.36939
G1 X112.636 Y96.495 E3.38604
G1 X113.058 Y96.939 E3.41009
G1 X113.509 Y97.588 E3.44112
G1 X113.826 Y98.238 E3.46952
G1 X114.038 Y98.961 E3.4991
G1 X114.132 Y100.038 E3.54155
G1 X114.078 Y100.555 E3.56196
G1 X113.969 Y101.114 E3.58432
G1 X113.606 Y102.025 E3.62283
G1 X113.461 Y102.231 E3.63272
G1 X113.017 Y102.716 E3.65854
G1 X112.576 Y103.087 E3.68117
G1 X112.287 Y103.222 E3.69369
G1 X111.273 Y103.615 E3.73639
G1 X110.736 Y103.941 E3.76106
G1 X110.293 Y104.301 E3.78347
G1 X109.557 Y105.325 E3.83298
G1 X108.916 Y107.052 E3.90531
G1 X108.595 Y107.801 E3.93731
G1 X108.279 Y108.33 E3.9615
G1 X107.929 Y108.772 E3.98364
G1 X107.543 Y109.141 E4.00461
G1 X107.098 Y109.474 E4.02643
G1 X106.997 Y109.031 E4.04427
G1 X106.686 Y108.483 E4.06901
G1 X106.225 Y108.047 E4.09392
G1 X105.659 Y107.76 E4.11884
G1 X105.031 Y107.637 E4.14397
G1 X104.391 Y107.689 E4.16918
G1 X103.834 Y107.886 E4.19238
G1 X103.407 Y108.177 E4.21267
G1 X103.092 Y108.506 E4.23055
G1 X102.871 Y108.865 E4.2471
G1 X102.687 Y109.473 E4.27204
G1 X102.695 Y109.967 E4.29144
G1 X103.451 Y110.441 F7800
;TYPE:External perimeter
G1 F884.349
G1 X102.933 Y110.444 E4.31178
G1 X102.31 Y110.232 E4.33762
G1 X101.606 Y109.947 E4.36744
G1 X101.301 Y109.329 E4.3945
G1 X100.77 Y108.798 E4.42399
G1 X100.647 Y108.248 E4.44612
G1 X100.21 Y107.914 E4.46772
G1 X99.9 Y107.446 E4.48976
G1 X99.877 Y106.762 E4.51663
G1 X99.515 Y106.174 E4.54374
G1 X99.618 Y105.55 E4.56857
G1 X99.144 Y105.126 E4.59354
G1 X99.008 Y104.424 E4.62162
G1 X98.289 Y104.204 E4.65114
G1 X97.866 Y103.924 E4.67106
G1 X97.32 Y103.482 E4.69864
G1 X96.747 Y103.262 E4.72274
G1 X96.371 Y102.595 E4.7528
G1 X95.812 Y102.11 E4.78186
G1 X95.846 Y101.526 E4.80483
G1 X95.537 Y101.001 E4.82875
G1 X95.517 Y100.353 E4.85421
G1 X95.562 Y99.729 E4.87877
G1 X95.538 Y99.136 E4.90207
G1 X95.448 Y98.371 E4.93231
G1 X95.949 Y97.917 E4.95886
G1 X96.183 Y97.425 E4.98025
G1 X96.502 Y96.872 E5.00532
G1 X96.919 Y96.442 E5.02884
G1 X97.251 Y95.796 E5.05736
G1 X97.925 Y95.593 E5.085
G1 X99.123 Y95.088 E5.13605
G1 X99.598 Y94.852 E5.15688
G1 X100.331 Y95 E5.18624
G1 X100.956 Y94.84 E5.21157
G1 X101.621 Y95.028 E5.2387
G1 X102.15 Y95.212 E5.26069
G1 X102.6 Y95.587 E5.28369
G1 X103.121 Y95.691 E5.30455
G1 X103.651 Y96.177 E5.33278
G1 X104.446 Y96.235 E5.36408
G1 X105.733 Y96.159 E5.4147
G1 X106.192 Y95.859 E5.43623
G1 X106.817 Y95.531 E5.46394
G1 X107.384 Y95.183 E5.49006
G1 X108.007 Y94.984 E5.51574
G1 X108.494 Y94.989 E5.53486
G1 X109.095 Y94.811 E5.55947
G1 X109.799 Y94.96 E5.58772
G1 X110.544 Y94.927 E5.617
G1 X111.16 Y95.15 E5.64272
G1 X111.739 Y95.622 E5.67205
G1 X112.388 Y95.941 E5.70044
G1 X113.243 Y96.826 E5.74876
G1 X114.114 Y97.675 E5.79652
G1 X114.178 Y98.194 E5.81705
G1 X114.346 Y98.893 E5.84528
G1 X114.554 Y100.011 E5.88993
G1 X114.43 Y100.599 E5.91353
G1 X114.433 Y100.857 E5.92366
G1 X114.41 Y101.476 E5.94798
G1 X114.001 Y101.918 E5.97163
G1 X113.717 Y102.57 E5.99955
G1 X113.253 Y103.031 E6.02523
G1 X112.445 Y103.469 E6.06132
G1 X112.031 Y103.894 E6.08462
G1 X111.388 Y103.988 E6.11014
G1 X110.897 Y104.225 E6.13155
G1 X110.468 Y104.785 E6.15925
G1 X109.989 Y105.283 E6.18638
G1 X109.705 Y105.877 E6.21223
G1 X109.504 Y106.429 E6.2353
G1 X109.408 Y107.101 E6.26195
G1 X109.071 Y108.176 E6.30618
G1 X108.405 Y108.567 E6.3365
G1 X107.695 Y109.378 E6.37882
G1 X107.278 Y110.02 E6.40888
G1 X106.744 Y110.194 E6.43093
G1 X106.791 Y109.61 E6.45393
G1 X106.635 Y109.118 E6.4742
G1 X106.303 Y108.556 E6.49983
G1 X105.814 Y108.392 E6.52008
G1 X105.159 Y108.244 E6.54645
G1 X104.627 Y108.043 E6.56878
G1 X103.916 Y108.12 E6.59686
G1 X103.489 Y108.515 E6.6197
G1 X103.191 Y109.212 E6.64946
G1 X103.064 Y109.846 E6.67485
G1 X103.419 Y110.39 E6.70036
G1 X103.023 Y110.447 F7800
G92 E0
G1 X101.446 Y107.579
;TYPE:Internal infill
;WIDTH:0.45
;HEIGHT:0.4
G1 F494.289
G1 X102.146 Y108.609 E.08749
G1 X102.33 Y108.217 E.11791
G1 X102.804 Y107.624 E.17124
G1 X102.279 Y107.295 E.21476
G1 X101.843 Y107.18 E.24644
G1 X101.212 Y107.197 E.29078
G1 X100.858 Y106.326 E.35683
G1 X100.409 Y104.723 E.47377
G1 X100.068 Y104.075 E.52521
G1 X100.532 Y103.801 E.56306
G1 X100.969 Y103.686 E.5948
G1 X101.406 Y103.671 E.62552
G1 X101.843 Y103.744 E.65664
G1 X102.279 Y103.92 E.68967
G1 X102.716 Y104.228 E.72723
G1 X103.59 Y105.044 E.81123
G1 X104.026 Y105.293 E.8465
G1 X104.463 Y105.408 E.87824
G1 X104.9 Y105.423 E.90896
G1 X105.337 Y105.35 E.94008
G1 X105.774 Y105.174 E.97318
G1 X106.21 Y104.866 E1.01068
G1 X107.084 Y104.05 E1.09468
G1 X107.521 Y103.801 E1.13001
G1 X107.957 Y103.686 E1.16169
G1 X108.394 Y103.671 E1.19241
G1 X108.831 Y103.744 E1.22353
G1 X109.268 Y103.92 E1.25663
G1 X109.479 Y104.069 E1.27478
G1 X108.971 Y104.8 E1.33731
G1 X108.082 Y107.218 E1.51829
G1 X107.521 Y107.414 E1.56004
G1 X107.091 Y107.718 E1.59703
G1 X106.802 Y107.448 E1.62481
G1 X106.087 Y107.018 E1.68342
G1 X105.489 Y106.828 E1.7275
G1 X104.909 Y106.776 E1.76841
G92 E0
G1 X110.764 Y103.003 F7800
G1 F494.289
G1 X111.833 Y102.559 E.08132
G1 X112.435 Y102.169 E.13171
G1 X112.828 Y101.762 E.17146
G1 X112.325 Y101.914 E.20837
G1 X111.888 Y101.929 E.23909
G1 X111.452 Y101.856 E.27015
G1 X111.015 Y101.68 E.30325
G1 X110.578 Y101.372 E.34081
G1 X109.705 Y100.556 E.42476
G1 X109.268 Y100.307 E.46009
G1 X108.831 Y100.192 E.49183
G1 X108.394 Y100.177 E.52255
G1 X107.957 Y100.25 E.55367
G1 X107.521 Y100.426 E.5867
G1 X107.084 Y100.734 E.62426
G1 X106.21 Y101.55 E.70826
G1 X105.774 Y101.799 E.74353
G1 X105.337 Y101.914 E.77527
G1 X104.9 Y101.929 E.80599
G1 X104.463 Y101.856 E.83711
G1 X104.026 Y101.68 E.87021
G1 X103.59 Y101.372 E.90771
G1 X102.716 Y100.556 E.99171
G1 X102.279 Y100.307 E1.02704
G1 X101.843 Y100.192 E1.05872
G1 X101.406 Y100.177 E1.08944
G1 X100.969 Y100.25 E1.12056
G1 X100.532 Y100.426 E1.15366
G1 X100.095 Y100.734 E1.19122
G1 X99.222 Y101.55 E1.27517
G1 X98.785 Y101.799 E1.3105
G1 X98.348 Y101.914 E1.34224
G1 X97.912 Y101.929 E1.37289
G1 X97.475 Y101.856 E1.40401
G1 X97.116 Y101.711 E1.43121
G1 X96.758 Y100.961 E1.48959
G1 X96.659 Y100.585 E1.5169
G1 X96.574 Y99.73 E1.57726
G1 X96.728 Y98.794 E1.6439
G1 X96.946 Y98.253 E1.68487
G1 X97.475 Y98.42 E1.72384
G1 X97.912 Y98.435 E1.75456
G1 X98.348 Y98.362 E1.78562
G1 X98.785 Y98.186 E1.81872
G1 X99.222 Y97.878 E1.85628
G1 X100.095 Y97.062 E1.94023
G1 X100.532 Y96.812 E1.9756
G1 X100.969 Y96.698 E2.00733
G1 X101.406 Y96.683 E2.03805
G1 X101.843 Y96.756 E2.06917
G1 X102.279 Y96.931 E2.10217
G1 X102.716 Y97.24 E2.13977
G1 X103.59 Y98.056 E2.22377
G1 X104.026 Y98.305 E2.25904
G1 X104.463 Y98.42 E2.29078
G1 X104.9 Y98.435 E2.3215
G1 X105.337 Y98.362 E2.35262
G1 X105.774 Y98.186 E2.38572
G1 X106.21 Y97.878 E2.42322
G1 X107.084 Y97.062 E2.50722
G1 X107.521 Y96.812 E2.54259
G1 X107.957 Y96.698 E2.57425
G1 X108.394 Y96.683 E2.60497
G1 X108.831 Y96.756 E2.63609
G1 X109.268 Y96.931 E2.66916
G1 X109.705 Y97.24 E2.70676
G1 X110.578 Y98.056 E2.79071
G1 X111.015 Y98.305 E2.82604
G1 X111.452 Y98.42 E2.85778
G1 X111.888 Y98.435 E2.88843
G1 X112.325 Y98.362 E2.91955
G1 X112.894 Y98.093 E2.96376
G1 X112.488 Y97.477 E3.01559
G1 X112.125 Y97.107 E3.052
G1 X111.83 Y96.84 E3.07995
G1 X111.154 Y96.441 E3.13509
;LAYER_CHANGE
;Z:2.35
;HEIGHT:0.2
G92 E0
G1 Z2.35 F7800
G1 X107.271 Y108.8
;TYPE:Perimeter
;WIDTH:0.449999
G1 F884.349
G1 X106.878 Y108.22 E.02751
G1 X106.458 Y107.861 E.0492
G1 X106.212 Y107.708 E.06057
G1 X105.554 Y107.448 E.08835
G1 X105.012 Y107.375 E.10982
G1 X104.324 Y107.43 E.13692
G1 X103.815 Y107.597 E.15795
G1 X103.418 Y107.821 E.17585
G1 X102.949 Y108.201 E.19955
G1 X102.574 Y108.707 E.22428
G1 X102.341 Y109.29 E.24893
G1 X102.133 Y108.986 E.26339
G1 X101.478 Y108.139 E.30543
G1 X101.118 Y107.541 E.33284
G1 X100.811 Y106.982 E.35788
G1 X100.584 Y106.439 E.38099
G1 X100.21 Y105.046 E.43762
G1 X100.057 Y104.719 E.4518
G1 X99.644 Y104.092 E.48128
G1 X99.263 Y103.799 E.50015
G1 X98.64 Y103.395 E.5293
G1 X98.174 Y103.172 E.54958
G1 X97.608 Y102.848 E.57519
G1 X97.132 Y102.47 E.59906
G1 X96.805 Y102.094 E.61863
G1 X96.485 Y101.537 E.64385
G1 X96.276 Y100.918 E.6695
G1 X96.149 Y100.43 E.6893
G1 X96.099 Y99.769 E.71533
G1 X96.134 Y99.433 E.72859
G1 X96.253 Y98.807 E.75361
G1 X96.425 Y98.288 E.77508
G1 X96.645 Y97.793 E.79635
G1 X96.949 Y97.342 E.81771
G1 X97.304 Y96.916 E.83948
G1 X97.882 Y96.419 E.86941
G1 X98.462 Y96.08 E.89579
G1 X98.95 Y95.843 E.91709
G1 X99.455 Y95.677 E.93796
G1 X100.46 Y95.592 E.97756
G1 X101.118 Y95.666 E1.00356
G1 X101.896 Y95.878 E1.03522
G1 X102.577 Y96.212 E1.065
G1 X103.647 Y96.814 E1.11321
G1 X104.152 Y97.056 E1.1352
G1 X104.47 Y97.102 E1.14782
G1 X105.077 Y97.116 E1.17166
G1 X105.447 Y97.014 E1.18673
M73 P12 R25
G1 X107.003 Y96.202 E1.25564
M73 Q12 S25
G1 X107.505 Y96.003 E1.27684
G1 X108.247 Y95.752 E1.3076
G1 X109.134 Y95.593 E1.34298
G1 X109.926 Y95.627 E1.37411
G1 X110.438 Y95.725 E1.39458
G1 X111.102 Y95.904 E1.42158
G1 X111.886 Y96.35 E1.457
G1 X112.413 Y96.765 E1.48334
G1 X112.77 Y97.128 E1.50333
G1 X113.223 Y97.79 E1.53483
G1 X113.479 Y98.329 E1.55826
G1 X113.697 Y99.019 E1.58667
G1 X113.749 Y99.583 E1.60891
G1 X113.766 Y100.218 E1.63385
G1 X113.708 Y100.633 E1.6503
G1 X113.576 Y101.144 E1.67102
G1 X113.359 Y101.686 E1.69394
G1 X113.043 Y102.215 E1.71813
G1 X112.384 Y102.828 E1.75347
G1 X111.733 Y103.099 E1.78116
G1 X111.187 Y103.28 E1.80375
G1 X110.733 Y103.513 E1.82379
G1 X110.321 Y103.791 E1.84331
G1 X110.001 Y104.077 E1.86016
G1 X109.281 Y105.021 E1.90678
G1 X108.985 Y105.641 E1.93376
G1 X108.598 Y106.694 E1.97781
G1 X108.271 Y107.469 E2.01084
G1 X107.995 Y107.999 E2.0343
G1 X107.64 Y108.434 E2.05635
G1 X107.314 Y108.758 E2.0744
G1 X107.07 Y109.456 F7800
G1 F884.349
G1 X106.987 Y109.148 E2.08692
G1 X106.668 Y108.606 E2.11161
G1 X106.495 Y108.425 E2.12144
G1 X106.048 Y108.08 E2.14361
G1 X105.511 Y107.855 E2.16647
G1 X105.031 Y107.782 E2.18553
G1 X104.391 Y107.834 E2.21074
G1 X103.847 Y108.024 E2.23337
G1 X103.407 Y108.322 E2.25424
G1 X103.022 Y108.755 E2.27699
G1 X102.828 Y109.124 E2.29336
G1 X102.687 Y109.618 E2.31353
G1 X102.684 Y109.95 E2.32657
G1 X102.123 Y109.647 E2.3516
G1 X101.142 Y108.369 E2.41486
G1 X100.769 Y107.751 E2.4432
G1 X100.443 Y107.156 E2.46984
G1 X100.197 Y106.565 E2.49498
G1 X99.817 Y105.152 E2.55243
G1 X99.714 Y104.937 E2.56179
G1 X99.34 Y104.363 E2.58869
G1 X99.036 Y104.137 E2.60356
G1 X98.47 Y103.765 E2.63015
G1 X97.804 Y103.447 E2.65913
G1 X97.374 Y103.181 E2.67898
G1 X96.85 Y102.766 E2.70523
G1 X96.649 Y102.535 E2.71725
G1 X96.319 Y102.085 E2.73916
G1 X96.01 Y101.476 E2.76597
G1 X95.884 Y101.028 E2.78424
G1 X95.745 Y100.489 E2.8061
G1 X95.69 Y99.763 E2.83469
G1 X95.761 Y99.083 E2.86154
G1 X95.859 Y98.706 E2.87683
G1 X96.045 Y98.143 E2.90011
G1 X96.289 Y97.593 E2.92374
G1 X96.623 Y97.097 E2.94722
G1 X97.012 Y96.63 E2.97108
G1 X97.648 Y96.084 E3.00399
G1 X98.256 Y95.729 E3.03163
G1 X98.787 Y95.47 E3.05483
G1 X99.384 Y95.273 E3.07951
G1 X100.462 Y95.183 E3.12198
G1 X101.194 Y95.265 E3.1509
G1 X102.04 Y95.495 E3.18532
G1 X103.101 Y96.034 E3.23205
G1 X103.634 Y96.349 E3.25636
G1 X104.17 Y96.626 E3.28005
G1 X104.43 Y96.694 E3.2906
G1 X104.965 Y96.712 E3.31162
G1 X105.267 Y96.649 E3.32373
G1 X106.848 Y95.825 E3.39373
G1 X107.372 Y95.618 E3.41585
G1 X108.151 Y95.355 E3.44813
G1 X109.106 Y95.184 E3.48622
G1 X109.974 Y95.221 E3.52033
G1 X110.53 Y95.328 E3.54256
G1 X111.251 Y95.523 E3.57189
G1 X111.863 Y95.843 E3.59901
G1 X112.302 Y96.14 E3.61982
G1 X112.69 Y96.466 E3.63972
G1 X113.086 Y96.869 E3.6619
G1 X113.577 Y97.586 E3.69602
G1 X113.736 Y97.921 E3.71058
G1 X113.969 Y98.528 E3.73611
G1 X114.123 Y99.094 E3.75914
G1 X114.167 Y99.731 E3.78421
G1 X114.172 Y100.245 E3.80439
G1 X114.052 Y100.966 E3.83309
G1 X113.892 Y101.51 E3.85535
G1 X113.638 Y102.048 E3.87871
G1 X113.361 Y102.472 E3.8986
G1 X112.995 Y102.843 E3.91906
G1 X112.597 Y103.18 E3.93954
G1 X111.859 Y103.486 E3.97091
G1 X111.303 Y103.675 E3.99397
G1 X110.802 Y103.944 E4.0163
G1 X110.325 Y104.324 E4.04025
G1 X109.631 Y105.234 E4.08519
G1 X109.367 Y105.782 E4.10907
G1 X108.858 Y107.166 E4.16697
G1 X108.639 Y107.644 E4.18761
G1 X108.331 Y108.229 E4.21357
G1 X107.944 Y108.705 E4.23766
G1 X107.572 Y109.078 E4.25834
G1 X107.118 Y109.42 E4.28066
G1 X106.921 Y109.988 F7800
;TYPE:External perimeter
G1 F884.349
G1 X106.783 Y109.993 E4.28608
G1 X106.805 Y109.378 E4.31024
G1 X106.272 Y109.013 E4.3356
G1 X105.939 Y108.59 E4.35674
G1 X105.437 Y108.161 E4.38267
G1 X103.685 Y108.618 E4.45376
G1 X103.514 Y109.063 E4.47248
G1 X103.213 Y109.597 E4.49655
G1 X103.262 Y110.203 E4.52042
G1 X102.861 Y110.244 E4.53625
G1 X102.29 Y110.073 E4.55965
G1 X101.806 Y109.733 E4.58287
G1 X101.368 Y109.139 E4.61185
G1 X100.962 Y108.882 E4.63072
G1 X100.699 Y108.2 E4.65942
G1 X100.426 Y107.729 E4.6808
G1 X100.019 Y107.424 E4.70077
G1 X99.81 Y106.875 E4.72384
G1 X99.537 Y106.253 E4.75051
G1 X99.639 Y105.63 E4.7753
G1 X99.468 Y105.087 E4.79765
G1 X99.091 Y104.663 E4.81993
G1 X98.67 Y104.282 E4.84222
G1 X98.086 Y104.155 E4.86569
G1 X97.515 Y103.8 E4.89209
G1 X97.093 Y103.353 E4.91623
G1 X96.444 Y102.967 E4.94588
G1 X96.186 Y102.516 E4.96628
G1 X95.741 Y102.078 E4.9908
G1 X95.582 Y101.359 E5.01971
G1 X95.288 Y100.865 E5.04228
G1 X95.377 Y100.097 E5.07264
G1 X95.104 Y99.611 E5.09453
G1 X95.17 Y99.044 E5.11694
G1 X95.312 Y98.466 E5.14031
G1 X95.705 Y97.85 E5.169
G1 X95.935 Y97.307 E5.19215
G1 X96.193 Y96.805 E5.21431
G1 X96.861 Y96.408 E5.24482
G1 X97.354 Y95.85 E5.27406
G1 X97.985 Y95.474 E5.3029
G1 X98.489 Y95.108 E5.32736
G1 X98.947 Y94.933 E5.34661
G1 X99.57 Y95.027 E5.37135
G1 X100.016 Y94.739 E5.3922
G1 X100.504 Y94.754 E5.41137
G1 X100.946 Y94.996 E5.43116
G1 X101.707 Y94.889 E5.46133
G1 X102.19 Y95.218 E5.48428
G1 X102.724 Y95.399 E5.50642
G1 X103.21 Y95.451 E5.52561
G1 X103.51 Y95.961 E5.54884
G1 X104.095 Y95.958 E5.57181
G1 X104.515 Y96.109 E5.58933
G1 X105.153 Y96.14 E5.61441
G1 X105.719 Y95.802 E5.64029
G1 X106.46 Y95.748 E5.66946
G1 X106.984 Y95.121 E5.70154
G1 X107.789 Y95.231 E5.73344
G1 X108.306 Y95.01 E5.75552
G1 X108.812 Y94.672 E5.77941
G1 X109.374 Y94.917 E5.80348
G1 X110.014 Y94.725 E5.82972
G1 X110.647 Y94.757 E5.85461
G1 X111.283 Y95.122 E5.8834
G1 X111.779 Y95.542 E5.90892
G1 X112.323 Y95.555 E5.93029
G1 X112.897 Y95.948 E5.9576
G1 X113.159 Y96.62 E5.98592
G1 X113.768 Y96.924 E6.01265
G1 X113.832 Y97.555 E6.03755
G1 X113.99 Y97.979 E6.05532
G1 X114.418 Y98.318 E6.07676
G1 X114.552 Y98.786 E6.09587
G1 X114.617 Y99.308 E6.11652
G1 X114.393 Y100.388 E6.15983
G1 X114.442 Y100.661 E6.17072
G1 X114.176 Y101.344 E6.1995
G1 X114.028 Y101.887 E6.2216
G1 X113.914 Y102.403 E6.24235
G1 X113.483 Y102.939 E6.26936
G1 X113.142 Y103.245 E6.28735
G1 X112.826 Y103.698 E6.30904
G1 X111.565 Y104.208 E6.36245
G1 X111.01 Y104.169 E6.3843
G1 X110.641 Y104.84 E6.41437
G1 X110.283 Y105.302 E6.43732
G1 X109.695 Y105.723 E6.46572
G1 X109.662 Y106.484 E6.49563
G1 X109.289 Y106.861 E6.51645
G1 X109.029 Y107.323 E6.53727
G1 X108.909 Y107.908 E6.56072
G1 X108.664 Y108.282 E6.57828
G1 X108.259 Y108.688 E6.6008
G1 X108.135 Y109.383 E6.62852
G1 X107.287 Y109.975 E6.66913
G1 X106.981 Y109.986 E6.68115
G1 X106.743 Y109.664 F7800
;LAYER_CHANGE
;Z:2.55
;HEIGHT:0.2
G1 Z2.55 F7800
G1 X107.196 Y108.805
;TYPE:Perimeter
G1 F884.349
G1 X107.013 Y108.528 E6.69419
G1 X106.624 Y108.133 E6.71596
G1 X106.03 Y107.758 E6.74354
G1 X105.551 Y107.593 E6.76343
G1 X104.965 Y107.523 E6.7866
G1 X104.403 Y107.558 E6.80871
G1 X103.815 Y107.742 E6.8329
G1 X103.559 Y107.869 E6.84412
G1 X102.989 Y108.299 E6.87216
G1 X102.644 Y108.739 E6.89411
G1 X102.39 Y109.257 E6.91676
G1 X101.467 Y108.044 E6.97661
G1 X100.966 Y107.214 E7.01468
G1 X100.711 Y106.687 E7.03767
G1 X100.574 Y106.295 E7.05397
G1 X100.392 Y105.571 E7.08328
G1 X100.219 Y105.016 E7.10611
G1 X100.072 Y104.722 E7.11902
G1 X99.732 Y104.253 E7.14177
G1 X99.453 Y103.99 E7.15682
G1 X98.594 Y103.451 E7.19664
G1 X97.934 Y103.12 E7.22563
G1 X97.149 Y102.554 E7.26363
G1 X96.75 Y102.136 E7.28632
G1 X96.598 Y101.889 E7.29771
G1 X96.356 Y101.419 E7.31847
G1 X96.198 Y100.925 E7.33883
G1 X96.071 Y100.379 E7.36084
G1 X96.046 Y99.78 E7.38438
G1 X96.123 Y99.076 E7.41219
G1 X96.262 Y98.541 E7.43389
G1 X96.698 Y97.583 E7.47522
G1 X97.302 Y96.812 E7.51368
G1 X97.72 Y96.461 E7.53511
G1 X98.388 Y96.063 E7.56564
G1 X98.965 Y95.772 E7.59101
G1 X99.565 Y95.596 E7.61556
G1 X100.278 Y95.54 E7.64364
G1 X101.226 Y95.631 E7.68103
G1 X101.752 Y95.777 E7.70246
G1 X102.27 Y96 E7.7246
G1 X102.941 Y96.332 E7.754
G1 X104.13 Y96.972 E7.80702
G1 X104.431 Y97.028 E7.81904
G1 X105.067 Y97.046 E7.84402
G1 X105.427 Y96.958 E7.85857
G1 X106.109 Y96.644 E7.88805
G1 X106.725 Y96.268 E7.91639
G1 X107.506 Y95.953 E7.94946
G1 X108.238 Y95.718 E7.97965
G1 X109.016 Y95.577 E8.0107
G1 X109.873 Y95.575 E8.04435
G1 X110.528 Y95.696 E8.0705
G1 X111.186 Y95.873 E8.09725
G1 X111.57 Y96.093 E8.11463
G1 X112.155 Y96.499 E8.14259
G1 X112.809 Y97.117 E8.17792
G1 X113.256 Y97.747 E8.20825
G1 X113.403 Y98.05 E8.22147
G1 X113.608 Y98.562 E8.24313
G1 X113.762 Y99.212 E8.26936
G1 X113.825 Y99.954 E8.2986
G1 X113.753 Y100.643 E8.3258
G1 X113.541 Y101.369 E8.3555
G1 X113.32 Y101.838 E8.37586
G1 X113.025 Y102.282 E8.39679
G1 X112.629 Y102.715 E8.41983
G1 X112.234 Y102.96 E8.43808
G1 X111.1 Y103.397 E8.4858
G1 X110.481 Y103.726 E8.51332
G1 X110.044 Y104.085 E8.53553
G1 X109.573 Y104.661 E8.56474
G1 X109.26 Y105.116 E8.58642
G1 X108.829 Y106.005 E8.62521
G1 X108.595 Y106.618 E8.65097
G1 X108.294 Y107.318 E8.68089
G1 X107.928 Y108.043 E8.71278
G1 X107.708 Y108.308 E8.7263
G1 X107.239 Y108.763 E8.75196
G1 X107.034 Y109.437 F7800
G1 F884.349
G1 X106.98 Y109.271 E8.75881
G1 X106.779 Y108.896 E8.77552
G1 X106.46 Y108.521 E8.79485
G1 X106.01 Y108.205 E8.81644
G1 X105.481 Y107.994 E8.8388
G1 X104.984 Y107.93 E8.85848
G1 X104.391 Y107.98 E8.88185
G1 X103.877 Y108.155 E8.90317
G1 X103.407 Y108.468 E8.92534
G1 X103.092 Y108.797 E8.94322
G1 X102.803 Y109.324 E8.96682
G1 X102.675 Y109.88 E8.98922
G1 X102.181 Y109.616 E9.01121
G1 X101.131 Y108.275 E9.07808
G1 X100.55 Y107.313 E9.12221
G1 X100.341 Y106.857 E9.14191
G1 X100.179 Y106.393 E9.16121
G1 X100.003 Y105.692 E9.18959
G1 X99.83 Y105.137 E9.21242
G1 X99.742 Y104.96 E9.22018
G1 X99.403 Y104.491 E9.2429
G1 X99.235 Y104.334 E9.25193
G1 X98.412 Y103.815 E9.29013
G1 X97.722 Y103.469 E9.32044
G1 X96.88 Y102.862 E9.3612
G1 X96.426 Y102.386 E9.38703
G1 X96.252 Y102.103 E9.40007
G1 X95.976 Y101.569 E9.42367
G1 X95.805 Y101.033 E9.44576
G1 X95.665 Y100.434 E9.46991
G1 X95.639 Y99.767 E9.49612
G1 X95.721 Y99.002 E9.52633
G1 X95.876 Y98.408 E9.55043
G1 X96.358 Y97.357 E9.59583
G1 X97.008 Y96.528 E9.63719
G1 X97.483 Y96.128 E9.66157
G1 X98.346 Y95.614 E9.70101
G1 X98.82 Y95.39 E9.72159
G1 X99.491 Y95.193 E9.74905
G1 X100.282 Y95.131 E9.7802
G1 X101.301 Y95.229 E9.8204
G1 X102.135 Y95.482 E9.85462
G1 X103.031 Y95.917 E9.89373
G1 X104.17 Y96.546 E9.94482
G1 X104.445 Y96.621 E9.95601
G1 X104.961 Y96.639 E9.97628
G1 X105.261 Y96.587 E9.98824
G1 X105.897 Y96.297 E10.01569
G1 X106.541 Y95.903 E10.04533
G1 X107.367 Y95.569 E10.08031
G1 X108.14 Y95.323 E10.11216
G1 X108.979 Y95.17 E10.14565
G1 X109.91 Y95.168 E10.18221
G1 X110.618 Y95.299 E10.21048
G1 X111.342 Y95.494 E10.23992
G1 X111.985 Y95.861 E10.26899
G1 X112.418 Y96.188 E10.2903
G1 X113.118 Y96.848 E10.32808
G1 X113.607 Y97.539 E10.36132
G1 X113.891 Y98.125 E10.38689
G1 X114.091 Y98.727 E10.4118
G1 X114.169 Y99.175 E10.42966
G1 X114.233 Y99.968 E10.4609
G1 X114.154 Y100.722 E10.49067
G1 X113.923 Y101.514 E10.52306
G1 X113.675 Y102.038 E10.54582
G1 X113.347 Y102.533 E10.56914
G1 X112.899 Y103.022 E10.59518
G1 X112.403 Y103.33 E10.6181
G1 X111.284 Y103.76 E10.66517
G1 X110.762 Y104.027 E10.68819
G1 X110.359 Y104.343 E10.7083
G1 X109.922 Y104.876 E10.73536
G1 X109.625 Y105.295 E10.75553
G1 X109.209 Y106.15 E10.79286
G1 X108.975 Y106.763 E10.81862
G1 X108.662 Y107.493 E10.84981
G1 X108.279 Y108.249 E10.88309
G1 X108.008 Y108.583 E10.89998
G1 X107.561 Y109.026 E10.92469
G1 X107.081 Y109.4 E10.94858
G1 X106.779 Y110.206 F7800
;TYPE:External perimeter
G1 F884.349
G1 X106.706 Y109.394 E10.98059
G1 X106.3 Y108.778 E11.00956
G1 X105.306 Y108.18 E11.05511
G1 X103.735 Y108.555 E11.11853
G1 X103.172 Y109.126 E11.15002
M73 P13 R25
G1 X103.013 Y110.461 E11.20281
G1 X102.344 Y110.233 E11.23056
M73 Q13 S25
G1 X101.643 Y109.933 E11.2605
G1 X101.402 Y109.451 E11.28166
G1 X101.209 Y108.763 E11.30972
G1 X100.608 Y108.529 E11.33504
G1 X100.443 Y107.771 E11.3655
G1 X99.946 Y107.434 E11.38908
G1 X99.908 Y106.736 E11.41653
G1 X99.501 Y106.153 E11.44445
G1 X99.319 Y105.545 E11.46937
G1 X99.395 Y104.947 E11.49304
G1 X98.938 Y104.456 E11.51938
G1 X98.477 Y104.205 E11.53999
G1 X97.969 Y104.123 E11.56019
G1 X97.541 Y103.636 E11.58565
G1 X96.924 Y103.625 E11.60988
G1 X95.994 Y102.623 E11.66356
G1 X95.89 Y101.973 E11.68941
G1 X95.443 Y101.624 E11.71168
G1 X95.507 Y101.047 E11.73447
G1 X95.065 Y100.486 E11.76251
G1 X95.107 Y100.002 E11.78159
G1 X95.275 Y99.285 E11.81051
G1 X95.374 Y98.668 E11.83505
G1 X95.574 Y98.009 E11.86209
G1 X95.874 Y97.582 E11.88258
G1 X96.309 Y97.068 E11.90902
G1 X96.47 Y96.35 E11.93791
G1 X97.126 Y96.089 E11.96563
G1 X97.669 Y95.599 E11.99435
G1 X98.062 Y95.172 E12.01714
G1 X98.694 Y94.903 E12.04411
G1 X99.195 Y94.86 E12.06385
G1 X99.822 Y94.873 E12.08847
G1 X100.259 Y94.607 E12.10856
G1 X100.896 Y94.786 E12.13454
G1 X101.586 Y95.032 E12.1633
G1 X102.093 Y95.169 E12.18392
G1 X102.572 Y95.41 E12.20497
G1 X103.239 Y95.421 E12.23116
G1 X103.75 Y95.739 E12.25479
G1 X104.159 Y96.152 E12.27761
G1 X104.781 Y96.093 E12.30214
G1 X105.389 Y96.266 E12.32696
G1 X105.688 Y95.823 E12.34795
G1 X106.165 Y95.653 E12.36783
G1 X107.417 Y94.938 E12.42444
G1 X108.106 Y95.008 E12.45163
G1 X108.695 Y94.631 E12.47909
G1 X109.211 Y94.794 E12.50034
G1 X109.837 Y94.853 E12.52503
G1 X110.486 Y94.99 E12.55107
G1 X111.002 Y95.143 E12.5722
G1 X111.521 Y95.126 E12.59259
G1 X112.084 Y95.5 E12.61913
G1 X112.661 Y95.779 E12.6443
G1 X113.007 Y96.214 E12.66612
G1 X113.902 Y97.112 E12.7159
G1 X114.285 Y97.603 E12.74035
G1 X114.523 Y98.119 E12.76266
G1 X114.337 Y98.834 E12.79167
G1 X114.459 Y99.444 E12.8161
G1 X114.674 Y99.942 E12.8374
G1 X114.564 Y99.986 E12.84205
G1 X114.538 Y101.27 E12.89248
G1 X114.103 Y101.782 E12.91886
G1 X113.914 Y102.384 E12.94363
G1 X113.545 Y103.04 E12.97318
G1 X112.899 Y103.292 E13.00041
G1 X112.467 Y103.938 E13.03092
G1 X111.731 Y103.89 E13.05988
G1 X111.047 Y104.16 E13.08875
G1 X110.732 Y104.848 E13.11846
G1 X109.84 Y105.827 E13.17046
G1 X109.475 Y106.358 E13.19576
G1 X109.383 Y107.004 E13.22138
G1 X109.228 Y107.685 E13.2488
G1 X108.677 Y108.064 E13.27506
G1 X108.522 Y108.744 E13.30244
G1 X107.991 Y109.198 E13.32987
G1 X107.594 Y109.443 E13.34819
G1 X107.189 Y109.771 E13.36865
G1 X106.82 Y110.162 E13.38976
G1 X106.735 Y109.771 F7800
G92 E0
G1 X104.968 Y107.075
;TYPE:Internal infill
;WIDTH:0.45
;HEIGHT:0.4
G1 F494.289
G1 X105.614 Y107.149 E.04568
G1 X106.342 Y107.431 E.10052
G1 X106.65 Y107.623 E.12602
G1 X107.13 Y108.052 E.17124
G1 X107.521 Y107.604 E.21301
G1 X107.968 Y107.293 E.25126
G1 X109.005 Y104.898 E.4346
G1 X109.446 Y104.314 E.48601
G1 X109.268 Y104.11 E.50503
G1 X108.831 Y103.803 E.54255
G1 X108.394 Y103.615 E.57597
G1 X107.521 Y103.502 E.63781
G1 X107.084 Y103.626 E.66972
G1 X106.647 Y103.983 E.70936
G1 X105.774 Y104.984 E.80267
G1 X105.337 Y105.291 E.84019
G1 X104.9 Y105.479 E.87361
G1 X104.026 Y105.592 E.93552
G1 X103.59 Y105.468 E.96736
G1 X103.153 Y105.111 E1.007
G1 X102.279 Y104.11 E1.10035
G1 X101.843 Y103.803 E1.13781
G1 X101.406 Y103.615 E1.17123
G1 X100.532 Y103.502 E1.23314
G1 X100.095 Y103.626 E1.26505
G1 X99.826 Y103.846 E1.28946
G1 X100.479 Y104.834 E1.37266
G1 X100.914 Y106.396 E1.48657
G1 X101.29 Y107.159 E1.54633
G1 X102.279 Y106.996 E1.61674
G1 X102.716 Y107.12 E1.64865
G1 X103.238 Y107.575 E1.6973
G1 X102.733 Y107.983 E1.74291
G1 X102.286 Y108.603 E1.7966
G1 X101.668 Y107.786 E1.86856
G92 E0
G1 X113.457 Y99.821 F7800
G1 F494.289
G1 X113.449 Y100.385 E.03962
G1 X113.225 Y101.256 E.1028
G1 X113.015 Y101.699 E.13724
G1 X112.733 Y102.094 E.17133
G1 X111.888 Y101.985 E.23118
G1 X111.452 Y101.797 E.26453
G1 X111.015 Y101.49 E.30205
G1 X110.141 Y100.489 E.3954
G1 X109.705 Y100.132 E.43499
G1 X109.268 Y100.008 E.4669
G1 X108.394 Y100.121 E.52881
G1 X107.957 Y100.309 E.56223
G1 X107.521 Y100.616 E.59969
G1 X106.647 Y101.617 E.69304
G1 X106.21 Y101.974 E.73268
G1 X105.774 Y102.098 E.76452
G1 X104.9 Y101.985 E.82643
G1 X104.463 Y101.797 E.85985
G1 X104.026 Y101.49 E.89737
G1 X103.153 Y100.489 E.99068
G1 X102.716 Y100.132 E1.03032
G1 X102.279 Y100.008 E1.06223
G1 X101.406 Y100.121 E1.12407
G1 X100.969 Y100.309 E1.15749
G1 X100.532 Y100.616 E1.19501
G1 X99.659 Y101.617 E1.28832
G1 X99.222 Y101.974 E1.32796
G1 X98.785 Y102.098 E1.35987
G1 X97.912 Y101.985 E1.42171
G1 X97.475 Y101.797 E1.45513
G1 X97.038 Y101.49 E1.49265
G1 X96.619 Y101.009 E1.53746
G1 X96.451 Y100.386 E1.58279
G1 X96.405 Y99.774 E1.6259
G1 X96.464 Y99.209 E1.66581
G1 X96.671 Y98.499 E1.71776
G1 X97.038 Y98.604 E1.74458
G1 X97.912 Y98.491 E1.80649
G1 X98.348 Y98.302 E1.83987
G1 X98.785 Y97.996 E1.87735
G1 X99.659 Y96.995 E1.9707
G1 X100.095 Y96.638 E2.01029
G1 X100.532 Y96.514 E2.0422
G1 X101.406 Y96.626 E2.1041
G1 X101.843 Y96.815 E2.13755
G1 X102.279 Y97.122 E2.17501
G1 X103.153 Y98.123 E2.26836
G1 X103.59 Y98.48 E2.308
G1 X104.026 Y98.604 E2.33984
G1 X104.9 Y98.491 E2.40175
G1 X105.337 Y98.302 E2.4352
G1 X105.774 Y97.996 E2.47268
G1 X106.647 Y96.995 E2.56599
G1 X107.084 Y96.638 E2.60563
G1 X107.521 Y96.514 E2.63754
G1 X108.394 Y96.626 E2.69937
G1 X108.831 Y96.815 E2.73282
G1 X109.268 Y97.122 E2.77034
G1 X110.141 Y98.123 E2.86365
G1 X110.578 Y98.48 E2.90329
G1 X111.015 Y98.604 E2.9352
G1 X111.888 Y98.491 E2.99704
G1 X112.325 Y98.302 E3.03049
G1 X112.762 Y97.996 E3.06797
G1 X112.892 Y97.847 E3.08186
G1 X112.534 Y97.323 E3.12644
G1 X111.872 Y96.709 E3.18987
G1 X111.097 Y96.246 E3.25329
;LAYER_CHANGE
;Z:2.75
;HEIGHT:0.2
G92 E0
G1 Z2.75 F7800
G1 X107.112 Y108.816
;TYPE:Perimeter
;WIDTH:0.449999
G1 F884.349
G1 X106.847 Y108.481 E.01677
G1 X106.466 Y108.153 E.03651
G1 X106.031 Y107.904 E.05619
G1 X105.554 Y107.739 E.07601
G1 X105.041 Y107.666 E.09636
G1 X104.536 Y107.688 E.11621
G1 X104.262 Y107.739 E.12715
G1 X103.692 Y107.937 E.15084
G1 X103.23 Y108.233 E.17238
G1 X102.791 Y108.675 E.19684
G1 X102.436 Y109.223 E.22248
G1 X101.475 Y107.976 E.2843
G1 X100.959 Y107.137 E.32297
G1 X100.726 Y106.661 E.34378
G1 X100.237 Y105.018 E.41109
G1 X100.074 Y104.706 E.42491
G1 X99.749 Y104.284 E.44582
G1 X99.472 Y104.036 E.46042
G1 X98.63 Y103.527 E.49905
G1 X97.829 Y103.129 E.53417
G1 X97.199 Y102.669 E.5648
G1 X96.961 Y102.423 E.57824
G1 X96.624 Y102.004 E.59935
G1 X96.338 Y101.471 E.6231
G1 X96.124 Y100.861 E.64848
G1 X96.03 Y100.302 E.67074
G1 X95.997 Y99.763 E.69194
G1 X96.083 Y98.996 E.72224
G1 X96.219 Y98.476 E.74334
G1 X96.505 Y97.861 E.76997
G1 X96.851 Y97.279 E.79656
G1 X97.286 Y96.787 E.82235
G1 X97.751 Y96.387 E.84643
G1 X98.434 Y95.972 E.87781
G1 X98.944 Y95.735 E.89989
G1 X99.475 Y95.574 E.92168
G1 X100.145 Y95.502 E.94814
G1 X100.781 Y95.52 E.97312
G1 X101.392 Y95.62 E.99743
G1 X102.121 Y95.868 E1.02766
G1 X102.956 Y96.268 E1.06401
G1 X104.19 Y96.929 E1.11898
G1 X104.557 Y96.989 E1.13358
G1 X105.103 Y96.979 E1.15502
G1 X105.498 Y96.891 E1.17091
G1 X106.078 Y96.624 E1.19598
G1 X106.65 Y96.278 E1.22223
G1 X107.63 Y95.861 E1.26405
G1 X108.253 Y95.684 E1.28948
G1 X108.889 Y95.563 E1.3149
G1 X109.837 Y95.543 E1.35213
G1 X110.543 Y95.671 E1.3803
G1 X111.212 Y95.85 E1.40749
G1 X112.019 Y96.339 E1.44454
G1 X112.423 Y96.693 E1.46563
G1 X112.827 Y97.086 E1.48776
G1 X113.176 Y97.561 E1.5109
G1 X113.512 Y98.206 E1.53946
G1 X113.698 Y98.672 E1.55916
G1 X113.758 Y98.999 E1.57221
G1 X113.848 Y99.85 E1.60581
G1 X113.797 Y100.362 E1.62601
G1 X113.701 Y100.922 E1.64832
G1 X113.39 Y101.752 E1.68312
G1 X113.008 Y102.327 E1.71023
G1 X112.613 Y102.753 E1.73304
G1 X112.251 Y103.013 E1.75054
G1 X110.925 Y103.549 E1.8067
G1 X110.342 Y103.887 E1.83316
G1 X110.064 Y104.123 E1.84748
G1 X109.337 Y105.012 E1.89257
G1 X108.717 Y106.231 E1.94627
G1 X108.199 Y107.401 E1.99651
G1 X107.881 Y108.04 E2.02454
G1 X107.49 Y108.485 E2.0478
G1 X107.157 Y108.776 E2.06516
G1 X106.98 Y109.427 F7800
G1 F884.349
G1 X106.889 Y109.224 E2.07389
G1 X106.65 Y108.871 E2.09063
G1 X106.345 Y108.57 E2.10746
G1 X105.987 Y108.335 E2.12427
G1 X105.59 Y108.17 E2.14115
G1 X105.031 Y108.073 E2.16343
G1 X104.431 Y108.114 E2.18704
G1 X103.942 Y108.274 E2.20724
G1 X103.591 Y108.47 E2.22302
G1 X103.238 Y108.772 E2.24126
G1 X102.887 Y109.276 E2.26538
G1 X102.702 Y109.82 E2.28794
G1 X102.146 Y109.514 E2.31286
G1 X101.14 Y108.208 E2.37759
G1 X100.528 Y107.213 E2.42346
M73 P14 R25
G1 X100.251 Y106.599 E2.44991
G1 X100.018 Y105.671 E2.48748
M73 Q14 S25
G1 X99.85 Y105.142 E2.50927
G1 X99.751 Y104.954 E2.51761
G1 X99.426 Y104.533 E2.53849
G1 X99.26 Y104.384 E2.54725
G1 X98.446 Y103.89 E2.58464
G1 X97.616 Y103.478 E2.62102
G1 X96.931 Y102.977 E2.65434
G1 X96.462 Y102.492 E2.68083
G1 X96.133 Y102.003 E2.70397
G1 X95.96 Y101.623 E2.72036
G1 X95.728 Y100.963 E2.74783
G1 X95.625 Y100.348 E2.77231
G1 X95.589 Y99.752 E2.79575
G1 X95.681 Y98.922 E2.82854
G1 X95.835 Y98.337 E2.85229
G1 X96.251 Y97.441 E2.89108
G1 X96.529 Y97.03 E2.91056
G1 X96.999 Y96.497 E2.93846
G1 X97.511 Y96.057 E2.96497
G1 X98.242 Y95.612 E2.99857
G1 X98.798 Y95.354 E3.02264
G1 X99.394 Y95.174 E3.04709
G1 X100.129 Y95.094 E3.07612
G1 X100.819 Y95.114 E3.10322
G1 X101.491 Y95.224 E3.12996
G1 X102.015 Y95.402 E3.15169
G1 X102.523 Y95.61 E3.17324
G1 X103.25 Y95.965 E3.20501
G1 X104.259 Y96.516 E3.25015
G1 X104.549 Y96.582 E3.26183
G1 X105.095 Y96.572 E3.28327
G1 X105.332 Y96.519 E3.29281
G1 X105.87 Y96.274 E3.31602
G1 X106.464 Y95.915 E3.34327
G1 X107.494 Y95.476 E3.38723
G1 X108.159 Y95.288 E3.41436
G1 X108.846 Y95.157 E3.44182
G1 X109.87 Y95.135 E3.48204
G1 X110.632 Y95.274 E3.51245
G1 X111.373 Y95.471 E3.54256
G1 X112.26 Y96.01 E3.58331
G1 X112.691 Y96.387 E3.60579
G1 X113.137 Y96.82 E3.6302
G1 X113.523 Y97.345 E3.65579
G1 X113.882 Y98.036 E3.68637
G1 X114.091 Y98.559 E3.70848
G1 X114.159 Y98.925 E3.7231
G1 X114.256 Y99.857 E3.75989
G1 X114.203 Y100.402 E3.78139
G1 X114.093 Y101.034 E3.80658
G1 X113.755 Y101.938 E3.84448
G1 X113.329 Y102.579 E3.8747
G1 X112.889 Y103.054 E3.90012
G1 X112.41 Y103.388 E3.92305
G1 X111.129 Y103.902 E3.97725
M73 P14 R24
G1 X110.576 Y104.222 E4.00234
G1 X110.379 Y104.381 E4.01228
G1 X109.68 Y105.236 E4.05564
G1 X109.091 Y106.391 E4.10655
G1 X108.809 Y107.051 E4.13473
G1 X108.316 Y108.098 E4.18017
G1 X108.032 Y108.485 E4.19902
G1 X107.549 Y108.974 E4.22601
G1 X107.027 Y109.39 E4.25222
G1 X107.03 Y109.895 F7800
;TYPE:External perimeter
G1 F884.349
G1 X106.622 Y109.697 E4.27003
G1 X106.308 Y109.209 E4.29281
G1 X105.998 Y108.661 E4.31753
G1 X105.49 Y108.536 E4.33807
G1 X104.965 Y108.631 E4.35902
G1 X104.361 Y108.699 E4.38289
G1 X103.809 Y108.823 E4.4051
G1 X103.209 Y109.23 E4.43357
G1 X103.175 Y110.007 E4.46411
G1 X103.053 Y110.181 E4.47245
G1 X102.441 Y110.238 E4.49658
G1 X102.024 Y109.932 E4.51689
G1 X101.177 Y108.791 E4.57269
G1 X100.907 Y108.327 E4.59377
G1 X100.416 Y108.005 E4.61682
G1 X100.061 Y107.498 E4.64112
G1 X99.982 Y106.965 E4.66228
G1 X99.833 Y106.303 E4.68892
G1 X99.499 Y105.873 E4.7103
G1 X99.568 Y105.242 E4.73522
G1 X98.961 Y104.868 E4.76321
G1 X98.559 Y104.415 E4.78699
G1 X97.989 Y104.035 E4.81389
G1 X97.345 Y103.757 E4.84143
G1 X97.007 Y103.378 E4.86137
G1 X96.621 Y103.023 E4.88196
G1 X96.192 Y102.702 E4.903
G1 X95.695 Y102.379 E4.92627
G1 X95.437 Y101.917 E4.94705
G1 X95.315 Y101.347 E4.96994
G1 X95.353 Y100.644 E4.99758
G1 X95.039 Y100.049 E5.024
G1 X95.324 Y99.318 E5.05481
G1 X95.283 Y98.618 E5.08234
G1 X95.582 Y98.012 E5.10887
G1 X95.642 Y97.31 E5.13653
G1 X96.319 Y96.874 E5.16815
G1 X96.686 Y96.293 E5.19513
G1 X97.119 Y95.68 E5.2246
G1 X97.827 Y95.547 E5.25289
G1 X98.38 Y95.244 E5.27765
G1 X98.802 Y95.132 E5.29479
G1 X99.372 Y94.788 E5.32093
G1 X99.966 Y94.847 E5.34437
G1 X100.441 Y94.531 E5.36677
G1 X100.983 Y94.526 E5.38805
G1 X101.461 Y94.772 E5.40916
G1 X102.082 Y95.143 E5.43756
G1 X102.646 Y95.411 E5.46208
G1 X103.179 Y95.562 E5.48383
G1 X103.751 Y95.588 E5.50631
G1 X104.259 Y96.191 E5.53727
G1 X104.953 Y96.321 E5.56499
G1 X105.462 Y96.11 E5.58662
G1 X106.04 Y95.719 E5.61402
G1 X106.677 Y95.437 E5.64137
G1 X107.896 Y95.001 E5.6922
G1 X108.532 Y94.803 E5.71835
G1 X109.235 Y94.658 E5.74653
G1 X109.963 Y94.648 E5.77512
G1 X110.45 Y94.681 E5.79429
G1 X110.953 Y94.873 E5.81543
G1 X111.544 Y95.313 E5.84436
G1 X112.08 Y95.416 E5.86579
G1 X112.544 Y95.757 E5.8884
G1 X113.001 Y96.312 E5.91663
G1 X113.601 Y96.767 E5.9462
G1 X114.106 Y97.281 E5.97449
G1 X114.372 Y97.882 E6.0003
G1 X114.485 Y98.573 E6.02779
G1 X114.507 Y99.146 E6.05031
G1 X114.594 Y99.735 E6.07369
G1 X114.836 Y99.956 E6.08656
G1 X114.761 Y100.61 E6.11241
G1 X114.584 Y101.308 E6.14068
G1 X114.439 Y101.737 E6.15846
G1 X113.927 Y102.312 E6.18869
G1 X113.684 Y103.058 E6.2195
G1 X113.073 Y103.223 E6.24435
G1 X111.533 Y104.214 E6.31626
G1 X110.867 Y104.372 E6.34314
G1 X110.336 Y104.764 E6.36906
G1 X109.999 Y105.243 E6.39206
G1 X109.724 Y105.707 E6.41324
M73 Q14 S24
G1 X109.656 Y106.19 E6.43239
G1 X109.281 Y106.568 E6.4533
G1 X108.87 Y107.568 E6.49575
G1 X108.618 Y107.963 E6.51415
G1 X108.533 Y108.67 E6.54211
G1 X108.039 Y109.097 E6.56775
G1 X107.431 Y109.35 E6.59361
G1 X107.065 Y109.846 E6.61781
G1 X106.684 Y109.724 F7800
;LAYER_CHANGE
;Z:2.95
;HEIGHT:0.2
G1 Z2.95 F7800
G1 X107.02 Y108.833
;TYPE:Perimeter
G1 F884.349
G1 X106.622 Y108.417 E6.64042
G1 X106.202 Y108.134 E6.66031
G1 X105.737 Y107.936 E6.68015
G1 X105.242 Y107.828 E6.70004
G1 X104.741 Y107.811 E6.71972
G1 X104.206 Y107.893 E6.74097
G1 X103.588 Y108.144 E6.76716
G1 X103.342 Y108.298 E6.77856
G1 X102.826 Y108.769 E6.80599
G1 X102.539 Y109.22 E6.82698
G1 X102.475 Y109.174 E6.83007
G1 X101.549 Y107.998 E6.88884
G1 X100.865 Y106.919 E6.939
G1 X100.649 Y106.432 E6.95992
G1 X100.432 Y105.577 E6.99456
G1 X100.279 Y105.092 E7.01453
G1 X100.122 Y104.788 E7.02796
G1 X99.722 Y104.268 E7.05372
G1 X99.241 Y103.927 E7.07687
G1 X98.729 Y103.616 E7.10039
G1 X97.772 Y103.142 E7.14232
G1 X97.293 Y102.771 E7.16611
G1 X96.812 Y102.333 E7.19165
G1 X96.478 Y101.843 E7.21493
G1 X96.253 Y101.323 E7.23718
G1 X96.063 Y100.734 E7.26148
G1 X95.993 Y100.226 E7.28161
G1 X95.973 Y99.701 E7.30224
G1 X96.046 Y98.92 E7.33304
G1 X96.209 Y98.373 E7.35545
G1 X96.538 Y97.678 E7.38564
G1 X96.9 Y97.145 E7.41094
G1 X97.27 Y96.764 E7.43179
G1 X97.84 Y96.279 E7.46118
G1 X98.145 Y96.09 E7.47527
G1 X98.719 Y95.796 E7.50059
G1 X99.341 Y95.576 E7.5265
G1 X99.987 Y95.48 E7.55214
G1 X100.711 Y95.492 E7.58057
G1 X101.733 Y95.665 E7.62127
G1 X102.4 Y95.944 E7.64966
G1 X103.648 Y96.629 E7.70556
G1 X104.313 Y96.907 E7.73386
G1 X104.682 Y96.948 E7.74844
G1 X105.465 Y96.862 E7.77937
G1 X105.975 Y96.653 E7.80101
G1 X106.538 Y96.317 E7.82675
G1 X107.387 Y95.947 E7.86311
G1 X107.87 Y95.771 E7.88329
G1 X108.478 Y95.606 E7.90803
G1 X109.156 Y95.517 E7.93488
G1 X109.787 Y95.509 E7.95966
G1 X110.548 Y95.645 E7.99001
G1 X111.129 Y95.81 E8.01372
G1 X111.724 Y96.157 E8.04077
G1 X112.213 Y96.49 E8.064
G1 X112.619 Y96.845 E8.08518
G1 X113 Y97.277 E8.1078
G1 X113.327 Y97.814 E8.13249
G1 X113.543 Y98.273 E8.15241
G1 X113.742 Y98.833 E8.17575
G1 X113.832 Y99.371 E8.19717
G1 X113.826 Y100.218 E8.23043
G1 X113.589 Y101.269 E8.27273
G1 X113.364 Y101.814 E8.29588
G1 X113.001 Y102.362 E8.32169
G1 X112.612 Y102.775 E8.34397
G1 X112.208 Y103.071 E8.36363
G1 X111.183 Y103.479 E8.40695
G1 X110.522 Y103.816 E8.43608
G1 X110.158 Y104.079 E8.45371
G1 X109.815 Y104.489 E8.4747
G1 X109.404 Y104.936 E8.49854
G1 X109.143 Y105.347 E8.51766
G1 X108.66 Y106.267 E8.55846
G1 X108.097 Y107.501 E8.61172
G1 X107.859 Y107.975 E8.63255
G1 X107.492 Y108.422 E8.65526
G1 X107.066 Y108.794 E8.67747
G1 X106.914 Y109.425 F7800
G1 F884.349
G1 X106.65 Y109.016 E8.69658
G1 X106.371 Y108.74 E8.71199
G1 X105.987 Y108.48 E8.7302
G1 X105.59 Y108.316 E8.74707
G1 X105.26 Y108.245 E8.76032
G1 X104.857 Y108.218 E8.77618
G1 X104.296 Y108.29 E8.79839
G1 X103.752 Y108.517 E8.82153
G1 X103.252 Y108.906 E8.8464
G1 X102.948 Y109.308 E8.86619
G1 X102.729 Y109.768 E8.88619
G1 X102.19 Y109.47 E8.91037
G1 X101.216 Y108.233 E8.97219
G1 X100.617 Y107.287 E9.01615
G1 X100.394 Y106.859 E9.0351
G1 X100.202 Y106.324 E9.05742
G1 X99.957 Y105.424 E9.09404
G1 X99.797 Y105.034 E9.11059
G1 X99.424 Y104.545 E9.13474
G1 X99.026 Y104.273 E9.15367
G1 X98.554 Y103.983 E9.17542
G1 X97.545 Y103.481 E9.21967
G1 X96.897 Y102.979 E9.25186
G1 X96.499 Y102.597 E9.27352
G1 X96.287 Y102.286 E9.2883
G1 X96.021 Y101.832 E9.30896
G1 X95.815 Y101.304 E9.33121
G1 X95.664 Y100.815 E9.3513
G1 X95.587 Y100.262 E9.37322
G1 X95.565 Y99.69 E9.3957
G1 X95.644 Y98.843 E9.4291
G1 X95.828 Y98.227 E9.45434
G1 X96.183 Y97.476 E9.48696
G1 X96.584 Y96.887 E9.51494
G1 X96.991 Y96.467 E9.5379
G1 X97.599 Y95.949 E9.56926
G1 X97.931 Y95.744 E9.58458
G1 X98.567 Y95.418 E9.61264
G1 X99.243 Y95.179 E9.64079
G1 X99.961 Y95.072 E9.66929
G1 X100.749 Y95.085 E9.70023
G1 X101.843 Y95.271 E9.7438
G1 X102.587 Y95.582 E9.77546
G1 X103.803 Y96.253 E9.82999
G1 X104.369 Y96.494 E9.85414
G1 X104.653 Y96.542 E9.86545
G1 X105.265 Y96.494 E9.88955
G1 X105.767 Y96.304 E9.91063
G1 X106.351 Y95.955 E9.93734
G1 X107.224 Y95.574 E9.97474
G1 X107.754 Y95.381 E9.99689
G1 X108.396 Y95.208 E10.023
G1 X109.135 Y95.11 E10.05227
G1 X109.821 Y95.101 E10.07921
G1 X110.64 Y95.247 E10.11187
G1 X111.29 Y95.433 E10.13842
G1 X112.172 Y95.947 E10.1785
G1 X112.652 Y96.313 E10.2022
G1 X113.135 Y96.774 E10.22842
G1 X113.5 Y97.268 E10.25254
G1 X113.826 Y97.887 E10.28001
G1 X114.08 Y98.513 E10.30654
G1 X114.215 Y99.031 E10.32756
G1 X114.238 Y99.341 E10.33977
G1 X114.23 Y100.273 E10.37637
G1 X113.979 Y101.392 E10.4214
G1 X113.726 Y102.004 E10.4474
G1 X113.317 Y102.619 E10.4764
G1 X112.887 Y103.077 E10.50107
G1 X112.374 Y103.443 E10.52581
G1 X111.373 Y103.839 E10.56808
G1 X110.707 Y104.179 E10.59744
G1 X110.47 Y104.345 E10.6088
G1 X109.698 Y105.219 E10.65459
G1 X109.503 Y105.536 E10.6692
G1 X109.03 Y106.436 E10.70912
G1 X108.464 Y107.677 E10.76268
G1 X108.202 Y108.198 E10.78558
G1 X107.785 Y108.706 E10.81139
G1 X107.339 Y109.096 E10.83465
G1 X106.961 Y109.388 E10.8534
G1 X106.715 Y109.847 F7800
;TYPE:External perimeter
G1 F884.349
G1 X106.018 Y108.869 E10.90055
G1 X105.597 Y108.611 E10.91994
G1 X105.037 Y108.68 E10.94209
G1 X104.52 Y108.646 E10.96243
G1 X103.909 Y109.017 E10.9905
G1 X103.535 Y109.437 E11.01258
G1 X103.176 Y109.977 E11.03804
G1 X102.979 Y110.063 E11.04648
G1 X102.216 Y110.101 E11.07648
G1 X101.773 Y109.818 E11.09712
G1 X101.383 Y109.188 E11.12621
G1 X101.121 Y108.608 E11.1512
G1 X100.718 Y108.033 E11.17877
G1 X100.203 Y107.704 E11.20277
G1 X100.056 Y106.973 E11.23205
G1 X99.899 Y106.451 E11.25345
G1 X99.631 Y105.785 E11.28164
G1 X99.429 Y105.057 E11.3113
G1 X98.891 Y104.868 E11.33369
G1 X98.321 Y104.419 E11.36218
G1 X97.884 Y103.945 E11.38749
G1 X97.377 Y103.836 E11.40785
G1 X96.834 Y103.453 E11.43394
G1 X96.393 Y102.962 E11.45985
G1 X95.989 Y102.441 E11.48574
G1 X95.725 Y101.926 E11.50846
G1 X95.331 Y101.294 E11.5377
G1 X95.279 Y100.588 E11.5655
G1 X95.286 Y99.943 E11.59083
G1 X95.111 Y99.281 E11.61772
G1 X95.378 Y98.852 E11.63756
G1 X95.365 Y98.384 E11.65594
G1 X95.696 Y98.017 E11.67535
G1 X95.841 Y97.504 E11.69628
G1 X95.951 Y96.909 E11.72004
G1 X96.438 Y96.438 E11.74664
G1 X96.862 Y96.095 E11.76805
G1 X97.256 Y95.729 E11.78917
G1 X97.709 Y95.456 E11.80994
G1 X98.146 Y95.254 E11.82884
G1 X98.561 Y94.994 E11.84807
G1 X99.102 Y94.717 E11.87193
G1 X99.888 Y94.826 E11.90309
G1 X100.401 Y94.579 E11.92545
G1 X100.999 Y94.745 E11.94982
G1 X101.537 Y94.65 E11.97127
G1 X102.16 Y94.874 E11.99726
G1 X102.544 Y95.207 E12.01722
G1 X103.319 Y95.335 E12.04806
G1 X103.77 Y95.811 E12.07381
G1 X104.181 Y96.048 E12.09244
G1 X105.52 Y95.983 E12.14508
G1 X105.929 Y95.618 E12.1666
G1 X106.413 Y95.542 E12.18584
G1 X106.958 Y95.227 E12.21056
G1 X108.177 Y95.03 E12.25904
G1 X108.663 Y94.865 E12.27919
G1 X109.283 Y94.541 E12.30666
G1 X109.99 Y94.526 E12.33443
G1 X110.643 Y94.722 E12.3612
G1 X111.28 Y94.8 E12.3864
G1 X111.637 Y95.174 E12.4067
M73 P15 R24
G1 X112.263 Y95.474 E12.43396
G1 X112.8 Y95.781 E12.45825
G1 X113.192 Y96.177 E12.48013
M73 Q15 S24
G1 X113.55 Y96.732 E12.50606
G1 X113.85 Y97.288 E12.53087
G1 X114.045 Y97.793 E12.55213
G1 X114.415 Y98.354 E12.57852
G1 X114.474 Y98.812 E12.59665
G1 X114.695 Y99.428 E12.62235
G1 X114.457 Y100.158 E12.6525
G1 X114.54 Y100.787 E12.67741
G1 X114.183 Y102.185 E12.73406
G1 X113.727 Y102.68 E12.76049
G1 X113.236 Y103.086 E12.78551
G1 X112.896 Y103.793 E12.81631
G1 X112.122 Y103.831 E12.84674
G1 X110.935 Y104.491 E12.90007
G1 X110.622 Y104.952 E12.92195
G1 X109.866 Y105.821 E12.96718
G1 X109.517 Y106.356 E12.99226
G1 X109.15 Y106.77 E13.01398
G1 X108.995 Y107.257 E13.03405
G1 X108.867 Y107.922 E13.06064
G1 X108.591 Y108.304 E13.07914
G1 X108.244 Y108.617 E13.09749
G1 X107.888 Y109.26 E13.12635
G1 X107.313 Y109.444 E13.15005
G1 X106.924 Y109.73 E13.16901
G1 X106.768 Y109.818 E13.17604
G1 X106.491 Y109.529 F7800
G92 E0
G1 X105.164 Y107.373
;TYPE:Internal infill
;WIDTH:0.45
;HEIGHT:0.4
G1 F494.289
G1 X105.615 Y107.44 E.03203
G1 X106.198 Y107.642 E.07537
G1 X106.72 Y107.957 E.1182
G1 X107.126 Y108.336 E.15722
G1 X107.278 Y108.201 E.1715
G1 X107.763 Y107.485 E.23225
G1 X108.413 Y106.076 E.34126
G1 X109.02 Y104.933 E.43218
G1 X109.389 Y104.467 E.47394
G1 X109.149 Y104.11 E.50416
G1 X108.696 Y103.674 E.54833
G1 X107.948 Y103.237 E.60919
G1 X107.005 Y102.8 E.6822
G1 X106.868 Y102.363 E.71437
G1 X106.978 Y101.926 E.74603
G1 X107.345 Y101.053 E.81256
G1 X107.639 Y100.616 E.84956
G1 X108.092 Y100.179 E.89378
G1 X108.841 Y99.743 E.95466
G1 X109.783 Y99.306 E1.02761
G1 X109.921 Y98.869 E1.0598
G1 X109.811 Y98.432 E1.09146
G1 X109.443 Y97.559 E1.15801
G1 X109.149 Y97.122 E1.19501
G1 X108.696 Y96.685 E1.23923
G1 X107.733 Y96.149 E1.31665
G1 X106.789 Y96.551 E1.38873
G1 X106.233 Y96.885 E1.43429
G1 X105.949 Y97.559 E1.48567
G1 X105.655 Y97.995 E1.52261
G1 X105.202 Y98.432 E1.56683
G1 X104.453 Y98.869 E1.62775
G1 X103.511 Y99.306 E1.7007
G1 X103.374 Y99.743 E1.73287
G1 X103.483 Y100.179 E1.76444
G1 X103.851 Y101.053 E1.83106
G1 X104.145 Y101.49 E1.86806
G1 X104.598 Y101.926 E1.91223
G1 X105.347 Y102.363 E1.97315
G1 X106.289 Y102.8 E2.0461
G1 X106.426 Y103.237 E2.07827
G1 X106.317 Y103.674 E2.10991
G1 X105.949 Y104.547 E2.17646
G1 X105.655 Y104.984 E2.21346
G1 X105.202 Y105.421 E2.25768
G1 X104.453 Y105.857 E2.31856
G1 X103.511 Y106.294 E2.39151
G1 X103.374 Y106.731 E2.42368
G1 X103.672 Y107.615 E2.48921
G1 X103.058 Y107.978 E2.53932
G1 X102.758 Y108.245 E2.56753
G1 X102.447 Y108.644 E2.60307
G1 X101.799 Y107.821 E2.67666
G1 X101.309 Y107.048 E2.74095
G1 X102.795 Y106.294 E2.85801
G1 X102.932 Y105.857 E2.89018
G1 X102.822 Y105.421 E2.92177
G1 X102.455 Y104.547 E2.98836
G1 X102.161 Y104.11 E3.02536
G1 X101.708 Y103.674 E3.06953
G1 X100.959 Y103.237 E3.13045
G1 X100.017 Y102.8 E3.2034
G1 X99.879 Y102.363 E3.23559
G1 X99.989 Y101.926 E3.26725
G1 X100.357 Y101.053 E3.3338
G1 X100.651 Y100.616 E3.3708
G1 X101.104 Y100.179 E3.41502
G1 X101.852 Y99.743 E3.47584
G1 X102.795 Y99.306 E3.54885
G1 X102.932 Y98.869 E3.58102
G1 X102.822 Y98.432 E3.61268
G1 X102.455 Y97.559 E3.67921
G1 X102.161 Y97.122 E3.71621
G1 X101.708 Y96.685 E3.76043
G1 X100.959 Y96.248 E3.82135
G1 X100.037 Y95.821 E3.89273
G1 X99.536 Y95.875 E3.92813
G1 X99.339 Y95.934 E3.94258
G1 X99.438 Y96.248 E3.96571
G1 X99.328 Y96.685 E3.99737
G1 X98.961 Y97.559 E4.06396
G1 X98.667 Y97.995 E4.1009
G1 X98.214 Y98.432 E4.14512
G1 X97.465 Y98.869 E4.20604
G1 X96.523 Y99.306 E4.27899
G1 X96.385 Y99.743 E4.31118
G1 X96.495 Y100.179 E4.34277
G1 X96.863 Y101.053 E4.40939
G1 X97.156 Y101.49 E4.44635
G1 X97.61 Y101.926 E4.49057
G1 X98.358 Y102.363 E4.55143
G1 X99.3 Y102.8 E4.62438
G1 X99.438 Y103.237 E4.65657
G1 X99.346 Y103.603 E4.68308
G1 X99.864 Y103.955 E4.72708
G1 X100.369 Y104.593 E4.78424
G1 X100.536 Y104.905 E4.8091
G1 X100.732 Y105.522 E4.85458
G92 E0
G1 X113.5 Y100.264 F7800
G1 F494.289
G1 X113.323 Y101.06 E.05728
G1 X113.116 Y101.612 E.09869
G1 X112.768 Y102.137 E.14294
G1 X112.491 Y102.436 E.17157
G1 X111.586 Y101.926 E.24455
G1 X111.133 Y101.49 E.28872
G1 X110.839 Y101.053 E.32572
G1 X110.472 Y100.179 E.39231
G1 X110.362 Y99.743 E.4239
G1 X110.5 Y99.306 E.45609
G1 X111.442 Y98.869 E.52904
G1 X112.19 Y98.432 E.5899
G1 X112.644 Y97.995 E.63417
G1 X112.87 Y97.66 E.66256
G1 X112.594 Y97.285 E.69527
G1 X111.849 Y96.596 E.76656
G1 X111.019 Y96.114 E.83399
;LAYER_CHANGE
;Z:3.15
;HEIGHT:0.2
G92 E0
G1 Z3.15 F7800
G1 X106.949 Y108.835
;TYPE:Perimeter
;WIDTH:0.449999
G1 F884.349
G1 X106.921 Y108.86 E.00147
G1 X106.811 Y108.735 E.00801
G1 X106.49 Y108.477 E.02418
G1 X106.03 Y108.195 E.04537
G1 X105.554 Y108.03 E.06515
G1 X105.059 Y107.956 E.0848
G1 X104.558 Y107.973 E.10448
G1 X104.02 Y108.1 E.12618
G1 X103.381 Y108.411 E.15408
G1 X102.989 Y108.735 E.17405
G1 X102.632 Y109.192 E.19682
G1 X102.519 Y109.131 E.20186
G1 X101.624 Y108.02 E.25788
G1 X100.844 Y106.819 E.31411
G1 X100.659 Y106.393 E.33235
G1 X100.347 Y105.25 E.37887
G1 X100.196 Y104.931 E.39273
G1 X99.843 Y104.43 E.41679
G1 X99.559 Y104.159 E.4322
G1 X98.828 Y103.705 E.46599
G1 X98.332 Y103.481 E.48736
G1 X97.693 Y103.113 E.51631
G1 X97.138 Y102.675 E.54407
G1 X96.756 Y102.291 E.56534
G1 X96.467 Y101.881 E.58504
G1 X96.235 Y101.366 E.60722
G1 X96.078 Y100.87 E.62765
G1 X95.958 Y100.161 E.65588
G1 X95.963 Y99.627 E.67685
G1 X96.029 Y98.826 E.70841
G1 X96.228 Y98.233 E.73297
G1 X96.551 Y97.629 E.75986
G1 X96.842 Y97.179 E.7809
G1 X97.277 Y96.722 E.80567
G1 X97.912 Y96.185 E.83832
G1 X98.393 Y95.909 E.86009
G1 X99.128 Y95.608 E.89128
G1 X99.926 Y95.46 E.92315
G1 X100.334 Y95.46 E.93917
G1 X100.971 Y95.505 E.96424
G1 X101.481 Y95.595 E.98457
G1 X102.083 Y95.785 E1.00936
G1 X102.568 Y96.012 E1.03039
G1 X103.723 Y96.645 E1.0821
G1 X104.389 Y96.897 E1.11006
G1 X104.722 Y96.928 E1.12319
G1 X105.35 Y96.876 E1.14793
G1 X105.867 Y96.686 E1.16956
G1 X106.425 Y96.357 E1.19499
G1 X107.555 Y95.856 E1.24352
G1 X108.302 Y95.617 E1.27432
G1 X109.147 Y95.505 E1.30779
G1 X109.689 Y95.504 E1.32907
G1 X110.254 Y95.589 E1.3515
G1 X110.826 Y95.719 E1.37453
G1 X111.409 Y95.951 E1.39917
G1 X112.112 Y96.399 E1.4319
G1 X112.51 Y96.717 E1.4519
G1 X112.905 Y97.122 E1.47411
G1 X113.274 Y97.68 E1.50038
G1 X113.606 Y98.429 E1.53255
G1 X113.808 Y99.039 E1.55778
G1 X113.84 Y99.566 E1.57851
G1 X113.809 Y100.126 E1.60053
G1 X113.562 Y101.228 E1.64487
G1 X113.366 Y101.772 E1.66757
G1 X113.129 Y102.145 E1.68492
G1 X112.746 Y102.635 E1.70934
G1 X112.435 Y102.918 E1.72585
G1 X112.012 Y103.158 E1.74495
G1 X111.484 Y103.394 E1.76766
G1 X110.444 Y103.919 E1.8134
G1 X110.095 Y104.209 E1.83122
G1 X109.467 Y104.829 E1.86587
G1 X109.167 Y105.256 E1.88636
G1 X108.875 Y105.829 E1.91161
G1 X108.598 Y106.312 E1.93347
G1 X107.844 Y107.902 E2.00256
G1 X107.483 Y108.374 E2.02589
G1 X106.994 Y108.796 E2.05125
G1 X106.835 Y109.43 F7800
G1 F884.349
G1 X106.506 Y109.004 E2.07238
G1 X106.01 Y108.641 E2.09651
G1 X105.59 Y108.461 E2.11445
G1 X105.252 Y108.389 E2.12802
G1 X104.741 Y108.363 E2.14811
G1 X104.227 Y108.455 E2.16861
G1 X103.752 Y108.662 E2.18895
G1 X103.383 Y108.922 E2.20667
G1 X103.031 Y109.316 E2.22741
G1 X102.808 Y109.743 E2.24632
G1 X102.245 Y109.44 E2.27142
G1 X101.293 Y108.26 E2.33095
G1 X100.484 Y107.012 E2.38935
G1 X100.274 Y106.528 E2.41007
G1 X99.978 Y105.447 E2.45408
G1 X99.864 Y105.166 E2.46599
G1 X99.51 Y104.665 E2.49008
G1 X99.34 Y104.502 E2.49933
G1 X98.661 Y104.077 E2.53078
G1 X98.146 Y103.844 E2.55297
G1 X97.463 Y103.451 E2.58391
G1 X96.867 Y102.979 E2.61376
G1 X96.444 Y102.553 E2.63733
G1 X96.257 Y102.289 E2.65003
G1 X95.917 Y101.692 E2.67701
G1 X95.747 Y101.206 E2.69723
G1 X95.612 Y100.704 E2.71764
G1 X95.551 Y100.183 E2.73824
G1 X95.557 Y99.608 E2.76082
G1 X95.627 Y98.743 E2.79489
G1 X95.941 Y97.889 E2.83062
G1 X96.202 Y97.42 E2.85169
G1 X96.524 Y96.922 E2.87498
G1 X96.997 Y96.425 E2.90192
G1 X97.678 Y95.85 E2.93692
G1 X98.214 Y95.543 E2.96117
G1 X99.013 Y95.216 E2.99507
G1 X99.888 Y95.053 E3.03002
G1 X100.334 Y95.053 E3.04753
G1 X101.017 Y95.101 E3.07441
G1 X101.575 Y95.199 E3.09665
G1 X102.233 Y95.407 E3.12375
G1 X102.756 Y95.651 E3.14641
G1 X103.871 Y96.266 E3.19641
G1 X104.427 Y96.482 E3.21983
G1 X104.693 Y96.522 E3.23039
G1 X105.236 Y96.482 E3.25177
G1 X105.66 Y96.335 E3.26939
G1 X106.238 Y95.994 E3.29574
G1 X107.41 Y95.475 E3.34607
G1 X108.213 Y95.219 E3.37916
M73 P16 R24
G1 X109.12 Y95.098 E3.41509
M73 Q16 S24
G1 X109.719 Y95.097 E3.43861
G1 X110.56 Y95.223 E3.472
G1 X111.187 Y95.397 E3.49755
G1 X111.606 Y95.594 E3.51573
G1 X112.349 Y96.068 E3.55033
G1 X112.784 Y96.414 E3.57215
G1 X113.223 Y96.866 E3.59689
G1 X113.633 Y97.483 E3.62598
G1 X113.909 Y98.108 E3.65281
G1 X114.124 Y98.665 E3.67625
G1 X114.232 Y99.154 E3.69591
G1 X114.246 Y99.588 E3.71296
G1 X114.214 Y100.183 E3.73636
G1 X113.954 Y101.341 E3.78296
G1 X113.734 Y101.952 E3.80846
G1 X113.342 Y102.57 E3.8372
G1 X112.883 Y103.097 E3.86464
G1 X112.369 Y103.434 E3.88877
G1 X111.188 Y103.996 E3.94012
G1 X110.508 Y104.374 E3.97067
G1 X109.795 Y105.075 E4.00993
G1 X109.53 Y105.441 E4.02767
G1 X109.233 Y106.024 E4.05336
G1 X108.966 Y106.487 E4.07435
G1 X108.194 Y108.115 E4.1451
G1 X107.781 Y108.654 E4.17176
G1 X107.313 Y109.059 E4.19606
G1 X106.882 Y109.393 E4.21747
G1 X106.793 Y109.888 F7800
;TYPE:External perimeter
G1 F884.349
G1 X106.364 Y109.57 E4.23844
G1 X105.912 Y109.034 E4.26597
G1 X105.247 Y108.707 E4.29507
G1 X104.574 Y108.995 E4.32381
G1 X104.069 Y108.956 E4.3437
G1 X103.427 Y109.218 E4.37093
G1 X103.242 Y109.824 E4.39581
G1 X102.959 Y110.246 E4.41576
G1 X102.498 Y110.069 E4.43515
G1 X101.612 Y109.35 E4.47995
G1 X101.237 Y108.992 E4.50031
G1 X101.022 Y108.431 E4.5239
G1 X100.74 Y108.051 E4.54248
G1 X100.443 Y107.454 E4.56866
G1 X100.187 Y106.881 E4.5933
G1 X99.797 Y106.369 E4.61857
G1 X99.44 Y105.724 E4.64752
G1 X99.244 Y105.275 E4.66676
G1 X98.996 Y104.919 E4.6838
G1 X98.416 Y104.51 E4.71167
G1 X98.002 Y104.09 E4.73483
G1 X97.395 Y103.705 E4.76305
G1 X96.672 Y103.451 E4.79314
G1 X96.201 Y102.921 E4.82098
G1 X96.036 Y102.373 E4.84345
G1 X95.465 Y102.059 E4.86904
G1 X95.437 Y101.389 E4.89537
G1 X95.286 Y100.686 E4.9236
G1 X95.206 Y100.054 E4.94861
G1 X95.053 Y99.396 E4.97514
G1 X95.412 Y98.743 E5.0044
G1 X95.301 Y98.09 E5.03041
G1 X95.59 Y97.718 E5.04891
G1 X95.777 Y97.075 E5.0752
G1 X96.159 Y96.59 E5.09944
G1 X96.704 Y96.431 E5.12173
G1 X97.224 Y95.959 E5.1493
G1 X97.602 Y95.652 E5.16842
G1 X98.401 Y94.823 E5.21363
G1 X98.953 Y94.689 E5.23593
G1 X99.555 Y94.638 E5.25965
G1 X100.042 Y94.53 E5.27924
G1 X100.656 Y94.835 E5.30616
G1 X101.331 Y94.554 E5.33487
G1 X101.796 Y94.708 E5.3541
G1 X102.393 Y94.995 E5.38011
G1 X102.927 Y95.48 E5.40843
G1 X103.39 Y95.607 E5.42728
G1 X104.005 Y95.954 E5.45501
G1 X104.594 Y95.959 E5.47814
G1 X105.192 Y96.101 E5.50227
G1 X105.769 Y95.756 E5.52867
G1 X106.309 Y95.361 E5.55494
G1 X106.888 Y95.457 E5.57798
G1 X107.356 Y94.96 E5.60478
G1 X108.026 Y94.719 E5.63274
G1 X108.772 Y94.754 E5.66206
G1 X109.432 Y94.761 E5.68798
G1 X109.901 Y94.583 E5.70768
G1 X110.575 Y94.877 E5.73655
G1 X111.505 Y95.145 E5.77455
G1 X112.165 Y95.256 E5.80083
G1 X112.787 Y95.683 E5.83045
G1 X113.153 Y96.37 E5.86101
G1 X113.692 Y96.855 E5.88948
G1 X114.062 Y97.374 E5.91451
G1 X114.399 Y97.755 E5.93448
G1 X114.254 Y98.398 E5.96036
G1 X114.629 Y98.996 E5.98808
G1 X114.815 Y99.507 E6.00943
G1 X114.739 Y99.986 E6.02847
G1 X114.713 Y100.607 E6.05287
G1 X114.287 Y101.006 E6.07579
G1 X114.36 Y101.6 E6.09929
G1 X114.293 Y102.175 E6.12202
G1 X113.755 Y102.644 E6.15004
G1 X113.123 Y103.484 E6.19131
G1 X112.546 Y103.792 E6.21699
G1 X111.944 Y103.941 E6.24134
G1 X111.317 Y104.224 E6.26835
G1 X110.796 Y104.783 E6.29835
G1 X110.359 Y105.337 E6.32606
G1 X109.499 Y106.012 E6.36899
G1 X109.191 Y106.57 E6.39402
G1 X108.999 Y107.174 E6.41891
G1 X108.905 Y107.825 E6.44474
G1 X108.387 Y108.193 E6.46969
G1 X108.027 Y109.175 E6.51076
G1 X107.331 Y109.454 E6.5402
G1 X106.84 Y109.888 E6.56593
G1 X106.504 Y109.671 F7800
;LAYER_CHANGE
;Z:3.35
;HEIGHT:0.2
G1 Z3.35 F7800
G1 X106.889 Y108.829
;TYPE:Perimeter
G1 F884.349
G1 X106.808 Y108.898 E6.57011
G1 X106.423 Y108.564 E6.59012
G1 X106 Y108.33 E6.6091
G1 X105.29 Y108.128 E6.63808
G1 X104.741 Y108.102 E6.65966
G1 X104.246 Y108.176 E6.67931
G1 X103.769 Y108.34 E6.69912
G1 X103.334 Y108.59 E6.71882
G1 X102.953 Y108.918 E6.73856
G1 X102.727 Y109.198 E6.75269
G1 X102.56 Y109.084 E6.76063
G1 X101.698 Y108.043 E6.8137
G1 X100.823 Y106.72 E6.87598
G1 X100.673 Y106.364 E6.89115
G1 X100.402 Y105.366 E6.93176
G1 X100.266 Y105.068 E6.94462
G1 X99.844 Y104.442 E6.97426
G1 X99.607 Y104.224 E6.9869
G1 X98.98 Y103.82 E7.01619
G1 X98.34 Y103.504 E7.04422
G1 X97.616 Y103.086 E7.07705
G1 X97.086 Y102.652 E7.10395
G1 X96.663 Y102.184 E7.12872
G1 X96.411 Y101.738 E7.14883
G1 X96.192 Y101.258 E7.16955
G1 X96.012 Y100.663 E7.19396
G1 X95.943 Y100.131 E7.21502
G1 X95.956 Y99.533 E7.23851
G1 X96.013 Y98.729 E7.27016
G1 X96.23 Y98.147 E7.29455
G1 X96.804 Y97.191 E7.33833
G1 X97.281 Y96.683 E7.36569
G1 X97.831 Y96.235 E7.39354
G1 X98.337 Y95.914 E7.41707
G1 X98.828 Y95.701 E7.43808
G1 X99.432 Y95.546 E7.46256
G1 X99.959 Y95.466 E7.48349
G1 X100.464 Y95.441 E7.50334
G1 X101.229 Y95.518 E7.53353
G1 X101.848 Y95.675 E7.5586
G1 X102.487 Y95.952 E7.58595
G1 X103.684 Y96.611 E7.6396
G1 X104.331 Y96.914 E7.66765
G1 X104.726 Y96.947 E7.68321
G1 X105.252 Y96.888 E7.70399
G1 X105.622 Y96.771 E7.71923
G1 X106.208 Y96.454 E7.74539
G1 X107.15 Y96.03 E7.78595
G1 X107.649 Y95.829 E7.80707
G1 X108.519 Y95.595 E7.84244
G1 X109.065 Y95.522 E7.86407
G1 X109.604 Y95.504 E7.88525
G1 X110.283 Y95.596 E7.91215
G1 X110.908 Y95.748 E7.93741
G1 X111.572 Y96.046 E7.96599
G1 X112.135 Y96.416 E7.99244
G1 X112.66 Y96.876 E8.01985
G1 X113.036 Y97.272 E8.04129
G1 X113.343 Y97.795 E8.0651
G1 X113.654 Y98.511 E8.09575
G1 X113.821 Y99.433 E8.13254
G1 X113.766 Y100.122 E8.15968
G1 X113.528 Y101.165 E8.20169
G1 X113.351 Y101.751 E8.22573
G1 X113.065 Y102.229 E8.2476
G1 X112.675 Y102.694 E8.27143
G1 X112.308 Y102.996 E8.29009
G1 X110.423 Y103.962 E8.37326
G1 X110.196 Y104.123 E8.38419
G1 X109.411 Y104.885 E8.42715
G1 X109.12 Y105.301 E8.44708
G1 X108.532 Y106.369 E8.49495
G1 X107.838 Y107.819 E8.55807
G1 X107.468 Y108.335 E8.583
G1 X106.934 Y108.79 E8.61055
G1 X106.818 Y109.391 F7800
G1 F884.349
G1 X106.745 Y109.434 E8.61388
G1 X106.366 Y109.027 E8.63572
G1 X105.808 Y108.689 E8.66134
G1 X105.198 Y108.525 E8.68614
G1 X104.745 Y108.509 E8.70394
G1 X104.319 Y108.576 E8.72087
G1 X103.916 Y108.72 E8.73767
G1 X103.549 Y108.935 E8.75437
G1 X103.155 Y109.3 E8.77546
G1 X102.886 Y109.717 E8.79494
G1 X102.792 Y109.691 E8.79877
G1 X102.283 Y109.388 E8.82203
G1 X101.371 Y108.286 E8.8782
G1 X100.462 Y106.913 E8.94285
G1 X100.287 Y106.497 E8.96057
G1 X100.053 Y105.634 E8.99568
G1 X99.928 Y105.294 E9.0099
G1 X99.554 Y104.734 E9.03634
G1 X99.383 Y104.564 E9.04581
G1 X98.8 Y104.185 E9.07311
G1 X98.148 Y103.863 E9.10166
G1 X97.384 Y103.422 E9.1363
G1 X96.804 Y102.948 E9.16571
G1 X96.298 Y102.373 E9.19578
G1 X96.05 Y101.926 E9.21585
G1 X95.813 Y101.407 E9.23825
G1 X95.612 Y100.74 E9.2656
G1 X95.536 Y100.153 E9.28884
G1 X95.549 Y99.515 E9.3139
G1 X95.611 Y98.642 E9.34826
G1 X95.861 Y97.969 E9.37645
G1 X96.478 Y96.944 E9.42343
G1 X97.003 Y96.385 E9.45354
G1 X97.593 Y95.904 E9.48343
G1 X98.139 Y95.557 E9.50883
G1 X98.693 Y95.317 E9.53254
G1 X99.347 Y95.147 E9.55907
G1 X99.916 Y95.061 E9.58167
G1 X100.479 Y95.033 E9.6038
G1 X101.3 Y95.116 E9.6362
G1 X101.977 Y95.288 E9.66363
G1 X102.669 Y95.587 E9.69323
G1 X103.865 Y96.247 E9.74687
G1 X104.391 Y96.505 E9.76987
G1 X104.68 Y96.543 E9.78132
G1 X105.206 Y96.483 E9.80211
G1 X105.429 Y96.413 E9.81129
G1 X106.027 Y96.089 E9.838
G1 X106.983 Y95.659 E9.87916
G1 X107.521 Y95.442 E9.90194
G1 X108.439 Y95.195 E9.93927
G1 X109.031 Y95.116 E9.96272
G1 X109.625 Y95.096 E9.98606
G1 X110.358 Y95.196 E10.01511
G1 X111.04 Y95.362 E10.04267
G1 X111.768 Y95.688 E10.07399
G1 X112.38 Y96.09 E10.10274
G1 X112.944 Y96.585 E10.1322
G1 X113.37 Y97.037 E10.15659
G1 X113.707 Y97.61 E10.18269
G1 X113.93 Y98.126 E10.20476
G1 X114.108 Y98.646 E10.22634
G1 X114.229 Y99.43 E10.25749
G1 X114.169 Y100.184 E10.28719
G1 X113.892 Y101.403 E10.33627
G1 X113.724 Y101.92 E10.35761
G1 X113.397 Y102.466 E10.3826
G1 X112.963 Y102.984 E10.40913
G1 X112.532 Y103.339 E10.43105
G1 X111.066 Y104.086 E10.49565
G1 X110.474 Y104.419 E10.52232
G1 X109.773 Y105.082 E10.56021
G1 X109.476 Y105.499 E10.58031
G1 X108.899 Y106.544 E10.62718
G1 X108.19 Y108.027 E10.69172
G1 X107.77 Y108.613 E10.72003
G1 X106.948 Y109.314 E10.76245
G1 X106.869 Y109.36 E10.76604
G1 X106.644 Y109.823 F7800
;TYPE:External perimeter
G1 F884.349
G1 X106.221 Y109.754 E10.78287
G1 X105.877 Y109.121 E10.81116
G1 X105.18 Y109.005 E10.8389
G1 X104.687 Y109.098 E10.8586
G1 X104.146 Y109.253 E10.8807
G1 X103.601 Y109.34 E10.90237
G1 X103.173 Y109.756 E10.92581
G1 X103.032 Y110.022 E10.93763
G1 X102.498 Y109.956 E10.95876
G1 X102.034 Y109.6 E10.98172
G1 X101.716 Y109.086 E11.00545
G1 X101.17 Y108.768 E11.03026
G1 X100.946 Y108.162 E11.05563
G1 X100.346 Y107.663 E11.08627
G1 X100.325 Y107.102 E11.10831
G1 X100.101 Y106.666 E11.12756
G1 X99.771 Y106.108 E11.15301
G1 X99.442 Y105.603 E11.17668
G1 X99.326 Y105.1 E11.19695
G1 X98.881 Y104.826 E11.21747
G1 X98.448 Y104.335 E11.24317
G1 X97.731 Y104.212 E11.27173
G1 X97.247 Y103.596 E11.30249
G1 X96.167 Y102.985 E11.35121
G1 X95.841 Y102.617 E11.37051
G1 X95.712 Y101.893 E11.39939
G1 X95.35 Y101.315 E11.42617
G1 X95.014 Y100.634 E11.45599
G1 X95.097 Y100.106 E11.47698
G1 X95.283 Y99.657 E11.49606
G1 X95.291 Y99.119 E11.51719
G1 X95.368 Y98.541 E11.54009
G1 X95.48 Y97.904 E11.56549
G1 X95.693 Y97.283 E11.59127
G1 X95.894 Y96.828 E11.6108
G1 X96.228 Y96.487 E11.62954
G1 X96.746 Y96.124 E11.65438
G1 X97.128 Y95.684 E11.67726
G1 X97.483 Y95.337 E11.69675
G1 X98.161 Y95.2 E11.72391
G1 X98.7 Y95.041 E11.74598
G1 X99.299 Y94.689 E11.77326
G1 X99.963 Y94.492 E11.80045
G1 X100.523 Y94.822 E11.82597
G1 X101.121 Y94.588 E11.85118
G1 X101.624 Y94.625 E11.87098
G1 X102.184 Y94.919 E11.89581
G1 X103.226 Y95.629 E11.94532
G1 X103.887 Y95.763 E11.9718
G1 X104.455 Y95.962 E11.99543
G1 X104.905 Y96.095 E12.01385
G1 X105.552 Y95.936 E12.04001
G1 X105.951 Y95.612 E12.06019
G1 X106.448 Y95.543 E12.07989
G1 X107.551 Y95.053 E12.12728
G1 X108.177 Y94.997 E12.15196
G1 X108.875 Y94.779 E12.18067
G1 X109.396 Y94.56 E12.20286
G1 X109.897 Y94.722 E12.22353
G1 X110.457 Y94.611 E12.24595
G1 X111.252 Y95.208 E12.28499
G1 X111.794 Y95.263 E12.30638
G1 X112.666 Y95.996 E12.35111
G1 X113.488 Y96.812 E12.39659
G1 X113.893 Y97.269 E12.42057
G1 X114.356 Y97.583 E12.44254
G1 X114.451 Y98.153 E12.46523
G1 X114.729 Y98.716 E12.48988
G1 X114.75 Y99.239 E12.51043
G1 X114.484 Y99.674 E12.53045
G1 X114.451 Y100.188 E12.55067
G1 X114.361 Y100.781 E12.57422
G1 X114.245 Y102.186 E12.62957
G1 X113.337 Y102.873 E12.67428
G1 X113.114 Y103.446 E12.69842
G1 X112.6 Y103.978 E12.72747
G1 X111.884 Y104.049 E12.75572
G1 X111.469 Y104.307 E12.77491
G1 X110.943 Y104.832 E12.80409
G1 X110.413 Y105.219 E12.82986
G1 X110.053 Y105.652 E12.85197
G1 X109.496 Y106.096 E12.87994
G1 X108.965 Y107.373 E12.93424
G1 X108.573 Y107.786 E12.9566
G1 X108.306 Y108.47 E12.98543
G1 X108.239 Y108.988 E13.00594
G1 X107.841 Y109.331 E13.02657
G1 X107.303 Y109.422 E13.04799
G1 X106.766 Y109.843 E13.07478
G1 X106.704 Y109.833 E13.07725
G1 X106.309 Y109.769 F7800
G92 E0
G1 X100.569 Y104.968
;TYPE:Internal infill
;WIDTH:0.45
;HEIGHT:0.4
G1 F494.289
G1 X100.006 Y104.143 E.07016
G1 X99.79 Y103.947 E.09065
G1 X98.801 Y103.362 E.17137
G1 X98.759 Y103.237 E.18063
M73 P17 R24
G1 X98.396 Y102.8 E.22054
G1 X97.449 Y101.926 E.31107
M73 Q17 S24
G1 X97.164 Y101.49 E.34766
G1 X96.993 Y101.053 E.38063
G1 X96.918 Y100.179 E.44225
G1 X97.064 Y99.743 E.47455
G1 X97.427 Y99.306 E.51446
G1 X98.374 Y98.432 E.60499
G1 X98.66 Y97.995 E.64168
G1 X98.831 Y97.559 E.67458
G1 X98.906 Y96.685 E.7362
G1 X98.759 Y96.248 E.76859
G1 X98.661 Y96.13 E.77937
G1 X99.208 Y95.906 E.82089
G1 X100.03 Y95.766 E.87947
G1 X100.917 Y95.806 E.94184
G1 X101.868 Y96.685 E1.03281
G1 X102.154 Y97.122 E1.0695
G1 X102.325 Y97.559 E1.10247
G1 X102.4 Y98.432 E1.16402
G1 X102.253 Y98.869 E1.19641
G1 X101.89 Y99.306 E1.23632
G1 X100.944 Y100.179 E1.32675
G1 X100.658 Y100.616 E1.36344
G1 X100.487 Y101.053 E1.39641
G1 X100.412 Y101.926 E1.45796
G1 X100.558 Y102.363 E1.49033
G1 X100.921 Y102.8 E1.53024
G1 X101.868 Y103.674 E1.62077
G1 X102.154 Y104.11 E1.6574
G1 X102.325 Y104.547 E1.69037
G1 X102.4 Y105.421 E1.75199
G1 X102.253 Y105.857 E1.78431
G1 X101.89 Y106.294 E1.82422
G1 X101.28 Y106.858 E1.88258
G1 X101.944 Y107.861 E1.96708
G1 X102.628 Y108.688 E2.04247
G1 X103.287 Y108.105 E2.10428
G1 X103.96 Y107.798 E2.15624
G1 X103.906 Y107.168 E2.20066
G1 X104.052 Y106.731 E2.23303
G1 X104.415 Y106.294 E2.27294
G1 X105.362 Y105.421 E2.36342
G1 X105.648 Y104.984 E2.40011
G1 X105.819 Y104.547 E2.43308
G1 X105.894 Y103.674 E2.49463
G1 X105.748 Y103.237 E2.527
G1 X105.385 Y102.8 E2.56691
G1 X104.438 Y101.926 E2.65744
G1 X104.152 Y101.49 E2.69407
G1 X103.981 Y101.053 E2.72704
G1 X103.906 Y100.179 E2.78866
G1 X104.052 Y99.743 E2.82096
G1 X104.415 Y99.306 E2.86087
G1 X105.362 Y98.432 E2.9514
G1 X105.648 Y97.995 E2.98809
G1 X105.819 Y97.559 E3.02099
G1 X105.865 Y97.022 E3.05885
G1 X106.564 Y96.629 E3.11518
G1 X107.744 Y96.119 E3.20549
G1 X108.13 Y96.015 E3.23357
G1 X108.856 Y96.685 E3.30297
G1 X109.142 Y97.122 E3.33966
G1 X109.313 Y97.559 E3.37263
G1 X109.388 Y98.432 E3.43418
G1 X109.242 Y98.869 E3.46655
G1 X108.879 Y99.306 E3.50646
G1 X107.932 Y100.179 E3.59694
G1 X107.646 Y100.616 E3.63363
G1 X107.475 Y101.053 E3.6666
G1 X107.4 Y101.926 E3.72815
G1 X107.547 Y102.363 E3.76054
G1 X107.91 Y102.8 E3.80045
G1 X108.856 Y103.674 E3.89093
G1 X109.142 Y104.11 E3.92756
G1 X109.31 Y104.538 E3.95986
G1 X110.211 Y103.703 E4.04616
G1 X112.228 Y102.667 E4.20545
G1 X111.426 Y101.926 E4.28216
G1 X111.14 Y101.49 E4.31879
G1 X110.969 Y101.053 E4.35176
G1 X110.894 Y100.179 E4.41338
G1 X111.041 Y99.743 E4.4457
G1 X111.404 Y99.306 E4.48561
G1 X112.351 Y98.432 E4.57614
G1 X112.636 Y97.995 E4.61279
G1 X112.81 Y97.531 E4.6476
G1 X113.006 Y97.827 E4.67254
G1 X113.379 Y98.67 E4.7373
G1 X113.514 Y99.435 E4.79187
G1 X113.484 Y99.82 E4.819
;LAYER_CHANGE
;Z:3.55
;HEIGHT:0.2
G92 E0
G1 Z3.55 F7800
G1 X106.84 Y108.836
;TYPE:Perimeter
;WIDTH:0.449999
G1 F884.349
G1 X106.708 Y108.941 E.00662
G1 X106.332 Y108.659 E.02507
G1 X105.888 Y108.424 E.04479
G1 X105.29 Y108.274 E.069
G1 X104.737 Y108.247 E.09074
G1 X104.239 Y108.323 E.11052
G1 X103.588 Y108.581 E.13802
G1 X103.136 Y108.889 E.1595
G1 X102.837 Y109.198 E.17638
G1 X102.603 Y109.042 E.18742
G1 X101.773 Y108.066 E.23773
G1 X101.051 Y106.995 E.28845
G1 X100.754 Y106.491 E.31142
G1 X100.446 Y105.444 E.35427
G1 X100.293 Y105.133 E.36788
G1 X99.886 Y104.507 E.3972
G1 X99.612 Y104.259 E.41171
G1 X99.109 Y103.917 E.43559
G1 X98.333 Y103.518 E.46985
G1 X97.634 Y103.1 E.50183
G1 X97.155 Y102.702 E.52628
G1 X96.718 Y102.235 E.55139
G1 X96.457 Y101.79 E.57165
G1 X96.206 Y101.28 E.59397
G1 X96.012 Y100.674 E.61895
G1 X95.948 Y100.16 E.63929
G1 X95.949 Y99.428 E.66803
G1 X95.999 Y98.674 E.6977
G1 X96.218 Y98.199 E.71824
G1 X96.87 Y97.134 E.76727
G1 X97.422 Y96.565 E.7984
G1 X97.98 Y96.14 E.82594
G1 X98.551 Y95.821 E.85162
G1 X99.221 Y95.597 E.87936
G1 X99.847 Y95.492 E.90428
G1 X100.394 Y95.441 E.92585
G1 X101.305 Y95.532 E.9618
G1 X101.8 Y95.657 E.98185
G1 X102.427 Y95.909 E1.00838
G1 X102.948 Y96.191 E1.03164
G1 X103.624 Y96.611 E1.06289
G1 X104.105 Y96.861 E1.08417
G1 X104.405 Y96.961 E1.09659
G1 X104.732 Y96.963 E1.10943
G1 X105.3 Y96.874 E1.132
M73 P17 R23
G1 X105.594 Y96.78 E1.14412
G1 X106.821 Y96.17 E1.19792
G1 X107.723 Y95.82 E1.23591
G1 X108.324 Y95.652 E1.26041
G1 X108.996 Y95.538 E1.28717
G1 X109.523 Y95.508 E1.3079
G1 X109.861 Y95.546 E1.32126
G1 X110.497 Y95.665 E1.34667
G1 X111.068 Y95.831 E1.37002
G1 X111.686 Y96.119 E1.39679
G1 X112.088 Y96.395 E1.41594
G1 X112.542 Y96.786 E1.43947
G1 X113.024 Y97.271 E1.46632
G1 X113.275 Y97.733 E1.48696
G1 X113.53 Y98.281 E1.51069
G1 X113.7 Y98.79 E1.53176
G1 X113.782 Y99.414 E1.55647
G1 X113.741 Y99.93 E1.57679
G1 X113.475 Y101.098 E1.62383
G1 X113.322 Y101.642 E1.64602
G1 X113.101 Y102.15 E1.66777
G1 X112.75 Y102.586 E1.68975
G1 X112.298 Y102.996 E1.71371
G1 X111.718 Y103.307 E1.73955
G1 X111.235 Y103.522 E1.76031
G1 X110.552 Y103.883 E1.79064
G1 X110.156 Y104.135 E1.80907
G1 X109.425 Y104.853 E1.8493
G1 X109.062 Y105.368 E1.87404
G1 X108.466 Y106.424 E1.92165
G1 X107.832 Y107.741 E1.97904
G1 X107.502 Y108.226 E2.00207
G1 X107.172 Y108.571 E2.02082
G1 X106.887 Y108.799 E2.03515
G1 X106.713 Y109.412 F7800
G1 F884.349
G1 X106.643 Y109.457 E2.03842
G1 X106.225 Y109.065 E2.06092
G1 X105.741 Y108.803 E2.08253
G1 X105.198 Y108.67 E2.10448
G1 X104.741 Y108.654 E2.12243
G1 X104.315 Y108.722 E2.13937
G1 X103.752 Y108.953 E2.16326
G1 X103.294 Y109.295 E2.1857
G1 X102.978 Y109.699 E2.20584
G1 X102.833 Y109.658 E2.21176
G1 X102.33 Y109.349 E2.23494
G1 X101.448 Y108.312 E2.28839
G1 X100.467 Y106.857 E2.35729
G1 X100.303 Y106.47 E2.37379
G1 X100.173 Y105.946 E2.39499
G1 X99.987 Y105.41 E2.41727
G1 X99.596 Y104.801 E2.44569
G1 X99.378 Y104.592 E2.45755
G1 X98.922 Y104.279 E2.47927
G1 X98.136 Y103.874 E2.51399
G1 X97.398 Y103.433 E2.54775
G1 X96.875 Y102.998 E2.57446
G1 X96.39 Y102.481 E2.60229
G1 X96.106 Y101.996 E2.62436
G1 X95.825 Y101.425 E2.64935
G1 X95.612 Y100.762 E2.67669
G1 X95.541 Y100.185 E2.69952
G1 X95.542 Y99.414 E2.72979
G1 X95.598 Y98.572 E2.76292
G1 X95.859 Y98.007 E2.78736
G1 X96.546 Y96.883 E2.83908
G1 X97.151 Y96.26 E2.87318
G1 X97.756 Y95.799 E2.90305
G1 X98.382 Y95.448 E2.93123
G1 X98.791 Y95.303 E2.94827
G1 X99.4 Y95.13 E2.97313
G1 X100.408 Y95.034 E3.01289
G1 X101.376 Y95.13 E3.05108
G1 X101.926 Y95.269 E3.07335
G1 X102.594 Y95.537 E3.10161
G1 X103.164 Y95.846 E3.12707
G1 X103.875 Y96.283 E3.15984
G1 X104.416 Y96.547 E3.18348
G1 X104.669 Y96.561 E3.19343
G1 X105.413 Y96.415 E3.2232
G1 X106.657 Y95.798 E3.27772
G1 X107.594 Y95.434 E3.31719
G1 X108.235 Y95.254 E3.34333
G1 X108.951 Y95.133 E3.37184
G1 X109.534 Y95.1 E3.39477
G1 X110.154 Y95.169 E3.41926
G1 X110.691 Y95.292 E3.44089
G1 X111.22 Y95.453 E3.4626
G1 X111.889 Y95.764 E3.49157
G1 X112.337 Y96.072 E3.51292
G1 X112.82 Y96.488 E3.53795
G1 X113.354 Y97.025 E3.56769
G1 X113.714 Y97.689 E3.59735
M73 Q17 S23
G1 X114.007 Y98.354 E3.62588
G1 X114.164 Y98.954 E3.65023
G1 X114.19 Y99.419 E3.66852
G1 X114.144 Y99.992 E3.69109
G1 X113.847 Y101.295 E3.74356
G1 X113.652 Y101.963 E3.77088
G1 X113.445 Y102.372 E3.78888
G1 X113.047 Y102.867 E3.81382
G1 X112.538 Y103.327 E3.84076
G1 X111.773 Y103.728 E3.87467
G1 X111.244 Y103.978 E3.89764
G1 X110.436 Y104.43 E3.93399
G1 X109.755 Y105.091 E3.97125
G1 X109.416 Y105.568 E3.99423
G1 X108.833 Y106.6 E4.04077
G1 X108.185 Y107.945 E4.09939
G1 X107.839 Y108.455 E4.12359
G1 X107.439 Y108.879 E4.14648
G1 X107.02 Y109.213 E4.16752
G1 X106.764 Y109.379 E4.1795
G1 X106.535 Y109.873 F7800
;TYPE:External perimeter
G1 F884.349
G1 X106.499 Y109.878 E4.18093
G1 X106.257 Y109.521 E4.19786
G1 X105.814 Y109.192 E4.21953
G1 X105.191 Y109.217 E4.24401
G1 X104.703 Y109.019 E4.26469
G1 X104.078 Y109.352 E4.2925
G1 X103.23 Y109.887 E4.33187
G1 X102.967 Y110.317 E4.35166
G1 X102.292 Y109.992 E4.38108
G1 X101.803 Y109.448 E4.4098
G1 X101.41 Y109.054 E4.43165
G1 X100.998 Y108.479 E4.45942
G1 X100.796 Y107.812 E4.48678
G1 X100.24 Y107.345 E4.51529
G1 X100.047 Y106.686 E4.54225
G1 X99.522 Y105.638 E4.58827
G1 X99.455 Y105.054 E4.61135
G1 X98.824 Y104.756 E4.63875
G1 X98.3 Y104.475 E4.6621
G1 X97.738 Y103.963 E4.69195
G1 X96.226 Y102.985 E4.76265
G1 X95.959 Y102.579 E4.78173
G1 X95.588 Y102.227 E4.80181
G1 X95.276 Y101.573 E4.83026
G1 X95.035 Y100.92 E4.85759
G1 X95.219 Y100.374 E4.88021
G1 X95.068 Y99.922 E4.89892
G1 X95.092 Y99.263 E4.92481
G1 X95.224 Y98.59 E4.95174
G1 X95.267 Y97.912 E4.97841
G1 X95.768 Y97.509 E5.00366
G1 X96.166 Y97.023 E5.02832
G1 X96.48 Y96.415 E5.05519
G1 X96.728 Y95.84 E5.07978
G1 X97.25 Y95.445 E5.10548
G1 X97.863 Y95.06 E5.1339
G1 X98.647 Y95.112 E5.16475
G1 X99.057 Y94.74 E5.18649
G1 X99.724 Y94.646 E5.21294
G1 X100.221 Y94.477 E5.23355
G1 X100.959 Y94.673 E5.26353
G1 X101.512 Y94.629 E5.28531
M73 P18 R23
G1 X102.02 Y94.71 E5.30551
G1 X102.461 Y95.17 E5.33053
G1 X103.125 Y95.408 E5.35823
G1 X103.454 Y95.747 E5.37678
G1 X104.093 Y96.006 E5.40385
M73 Q18 S23
G1 X104.56 Y96.102 E5.42257
G1 X105.257 Y95.99 E5.45029
G1 X105.695 Y95.754 E5.46983
G1 X106.273 Y95.568 E5.49367
G1 X106.851 Y95.286 E5.51892
G1 X107.473 Y95.053 E5.545
G1 X108.142 Y94.737 E5.57405
G1 X108.724 Y94.834 E5.59722
G1 X109.318 Y94.864 E5.62057
G1 X110.024 Y94.618 E5.64993
G1 X110.604 Y94.706 E5.67296
G1 X111.272 Y94.89 E5.70017
G1 X111.619 Y95.344 E5.72261
G1 X112.293 Y95.504 E5.74981
G1 X112.682 Y96.092 E5.77749
G1 X113.205 Y96.515 E5.8039
G1 X113.802 Y96.726 E5.82876
G1 X114.064 Y97.4 E5.85715
G1 X114.365 Y97.973 E5.88256
G1 X114.483 Y98.693 E5.91121
G1 X114.658 Y99.387 E5.93931
G1 X114.658 Y99.861 E5.95792
G1 X114.395 Y100.579 E5.98794
G1 X114.367 Y101.249 E6.01427
G1 X113.964 Y101.737 E6.03912
G1 X113.818 Y102.214 E6.05871
G1 X113.578 Y102.629 E6.07753
G1 X113.169 Y103.129 E6.10289
G1 X112.777 Y103.745 E6.13156
G1 X112.134 Y104.051 E6.15952
G1 X111.716 Y104.315 E6.17893
G1 X111.113 Y104.431 E6.20304
G1 X110.571 Y104.895 E6.23105
G1 X110.195 Y105.323 E6.25342
G1 X109.897 Y105.749 E6.27383
G1 X109.547 Y106.393 E6.30261
G1 X109.026 Y106.722 E6.3268
G1 X109.119 Y107.298 E6.34971
G1 X108.588 Y107.833 E6.37931
G1 X108.354 Y108.357 E6.40184
G1 X108.003 Y108.678 E6.42052
G1 X107.248 Y109.795 E6.47346
G1 X106.595 Y109.867 E6.49926
G1 X106.307 Y109.589 F7800
;LAYER_CHANGE
;Z:3.75
;HEIGHT:0.2
G1 Z3.75 F7800
G1 X106.761 Y108.853
;TYPE:Perimeter
G1 F884.349
G1 X106.583 Y108.984 E6.50794
G1 X106.212 Y108.726 E6.52568
G1 X105.554 Y108.467 E6.55345
G1 X105.059 Y108.393 E6.5731
G1 X104.533 Y108.414 E6.59377
G1 X104.02 Y108.536 E6.61447
G1 X103.486 Y108.778 E6.63749
G1 X102.989 Y109.177 E6.66252
G1 X102.625 Y108.981 E6.67875
G1 X102.252 Y108.576 E6.70037
G1 X101.853 Y108.098 E6.72482
G1 X100.988 Y106.839 E6.7848
G1 X100.695 Y106.284 E6.80944
G1 X100.482 Y105.481 E6.84206
G1 X100.337 Y105.165 E6.85571
G1 X99.955 Y104.61 E6.88216
G1 X99.752 Y104.392 E6.89386
G1 X99.186 Y103.966 E6.92168
G1 X98.458 Y103.595 E6.95376
G1 X97.957 Y103.289 E6.97681
G1 X97.391 Y102.876 E7.00432
G1 X96.936 Y102.47 E7.02826
G1 X96.549 Y101.91 E7.05499
G1 X96.257 Y101.379 E7.07878
G1 X96.025 Y100.687 E7.10744
G1 X95.955 Y100.198 E7.12684
G1 X95.976 Y99.332 E7.16085
G1 X96.026 Y98.715 E7.18516
G1 X96.288 Y98.121 E7.21065
G1 X96.943 Y97.074 E7.25914
G1 X97.56 Y96.449 E7.29362
G1 X98.085 Y96.085 E7.3187
G1 X98.459 Y95.902 E7.33505
G1 X99.087 Y95.651 E7.3616
G1 X99.623 Y95.531 E7.38317
G1 X100.366 Y95.454 E7.4125
G1 X101.407 Y95.557 E7.45357
G1 X101.886 Y95.708 E7.47329
G1 X102.418 Y95.927 E7.49588
G1 X103.787 Y96.744 E7.55848
G1 X104.299 Y96.969 E7.58044
G1 X104.649 Y96.991 E7.59421
G1 X105.264 Y96.923 E7.6185
G1 X105.618 Y96.816 E7.63302
G1 X106.455 Y96.383 E7.67002
G1 X107.142 Y96.087 E7.69939
G1 X107.633 Y95.897 E7.72006
G1 X108.366 Y95.663 E7.75027
G1 X108.923 Y95.557 E7.77253
G1 X109.439 Y95.533 E7.79281
G1 X109.943 Y95.566 E7.81264
G1 X110.569 Y95.692 E7.83771
G1 X111.149 Y95.891 E7.86179
G1 X111.679 Y96.146 E7.88488
G1 X112.302 Y96.624 E7.91571
G1 X112.709 Y96.991 E7.93723
G1 X113.06 Y97.391 E7.95813
G1 X113.332 Y97.901 E7.98082
G1 X113.582 Y98.481 E8.00562
G1 X113.739 Y99.048 E8.02872
G1 X113.744 Y99.371 E8.0414
G1 X113.664 Y100.02 E8.06708
G1 X113.41 Y101.081 E8.10992
G1 X113.245 Y101.693 E8.13481
G1 X113.076 Y102.137 E8.15346
G1 X112.833 Y102.467 E8.16955
G1 X112.393 Y102.859 E8.19269
G1 X111.689 Y103.303 E8.22537
G1 X111.063 Y103.595 E8.25249
G1 X110.339 Y103.984 E8.28476
G1 X110.115 Y104.148 E8.29566
G1 X109.559 Y104.684 E8.32598
G1 X109 Y105.441 E8.36293
G1 X108.442 Y106.408 E8.40677
G1 X107.78 Y107.739 E8.46514
G1 X107.447 Y108.26 E8.48942
G1 X107.004 Y108.675 E8.51325
G1 X106.809 Y108.818 E8.52274
G1 X106.625 Y109.418 F7800
G1 F884.349
G1 X106.531 Y109.473 E8.52702
G1 X106.074 Y109.111 E8.54991
G1 X105.617 Y108.909 E8.56953
G1 X105.169 Y108.81 E8.58754
G1 X104.686 Y108.802 E8.60651
G1 X104.183 Y108.909 E8.6267
G1 X103.691 Y109.13 E8.64788
G1 X103.251 Y109.488 E8.67015
G1 X103.093 Y109.687 E8.68013
G1 X102.923 Y109.642 E8.68703
G1 X102.364 Y109.298 E8.7128
G1 X101.946 Y108.844 E8.73703
G1 X101.529 Y108.344 E8.76259
G1 X100.511 Y106.864 E8.83312
G1 X100.31 Y106.421 E8.85222
G1 X100.088 Y105.585 E8.88618
G1 X100.001 Y105.396 E8.89435
G1 X99.498 Y104.71 E8.92775
G1 X99.001 Y104.329 E8.95234
G1 X98.26 Y103.95 E8.98502
G1 X97.467 Y103.467 E9.02148
G1 X97.044 Y103.117 E9.04304
G1 X96.629 Y102.741 E9.06503
G1 X96.422 Y102.458 E9.0788
G1 X96.139 Y102.015 E9.09944
G1 X95.881 Y101.535 E9.12084
G1 X95.627 Y100.782 E9.15204
G1 X95.547 Y100.222 E9.17425
G1 X95.569 Y99.311 E9.21003
G1 X95.625 Y98.614 E9.23749
G1 X95.926 Y97.932 E9.26676
G1 X96.628 Y96.813 E9.31863
G1 X97.297 Y96.136 E9.356
G1 X97.878 Y95.733 E9.38376
G1 X98.494 Y95.432 E9.41068
G1 X98.973 Y95.26 E9.43066
G1 X99.557 Y95.129 E9.45416
G1 X100.363 Y95.045 E9.48598
G1 X101.493 Y95.157 E9.53057
G1 X102.025 Y95.324 E9.55246
G1 X102.604 Y95.563 E9.57705
G1 X103.74 Y96.266 E9.6295
G1 X104.305 Y96.544 E9.65422
G1 X104.604 Y96.586 E9.66608
G1 X105.218 Y96.518 E9.69034
G1 X105.431 Y96.454 E9.69907
G1 X106.281 Y96.014 E9.73665
G1 X106.988 Y95.71 E9.76687
G1 X107.497 Y95.512 E9.78831
G1 X108.265 Y95.268 E9.81995
G1 X108.875 Y95.152 E9.84433
G1 X109.443 Y95.125 E9.86666
G1 X109.997 Y95.162 E9.88846
G1 X110.675 Y95.299 E9.91562
G1 X111.304 Y95.514 E9.94172
G1 X111.894 Y95.797 E9.96741
G1 X112.55 Y96.301 E9.99989
G1 X113.005 Y96.712 E10.02396
G1 X113.402 Y97.166 E10.04764
G1 X113.699 Y97.725 E10.07249
G1 X113.967 Y98.346 E10.09905
G1 X114.145 Y98.989 E10.12525
G1 X114.151 Y99.392 E10.14108
G1 X114.065 Y100.093 E10.16881
G1 X113.804 Y101.181 E10.21274
G1 X113.627 Y101.841 E10.23957
G1 X113.43 Y102.343 E10.26074
G1 X113.135 Y102.742 E10.28022
G1 X112.639 Y103.186 E10.30636
G1 X112.098 Y103.527 E10.33147
G1 X110.955 Y104.115 E10.38194
G1 X110.398 Y104.441 E10.40728
G1 X109.841 Y104.977 E10.43763
G1 X109.352 Y105.645 E10.47014
G1 X108.808 Y106.587 E10.51285
G1 X108.128 Y107.95 E10.57266
G1 X107.846 Y108.404 E10.59365
G1 X107.403 Y108.863 E10.6187
G1 X106.975 Y109.209 E10.64031
G1 X106.676 Y109.387 E10.65397
G1 X106.584 Y109.829 F7800
;TYPE:External perimeter
G1 F884.349
G1 X106.391 Y109.671 E10.66376
G1 X105.86 Y109.307 E10.68904
G1 X105.359 Y109.392 E10.70899
G1 X104.886 Y109.234 E10.72857
G1 X104.255 Y109.296 E10.75347
G1 X103.798 Y109.559 E10.77417
G1 X103.284 Y109.977 E10.80018
G1 X103 Y110.011 E10.81141
G1 X102.328 Y109.886 E10.83825
G1 X100.835 Y108.326 E10.92303
G1 X100.73 Y107.593 E10.9521
G1 X100.318 Y107.296 E10.97204
G1 X100.11 Y106.662 E10.99824
G1 X99.625 Y106.076 E11.02811
G1 X99.156 Y104.995 E11.07438
G1 X98.778 Y104.764 E11.09177
G1 X98.409 Y104.469 E11.11032
G1 X97.884 Y104.274 E11.13231
G1 X97.357 Y103.713 E11.16253
G1 X96.828 Y103.265 E11.18975
G1 X96.064 Y102.995 E11.22157
G1 X95.57 Y102.118 E11.26109
G1 X95.619 Y101.561 E11.28304
G1 X95.433 Y100.948 E11.30819
G1 X95.35 Y100.504 E11.32593
G1 X94.968 Y99.956 E11.35216
G1 X95.229 Y99.276 E11.38076
G1 X95.062 Y98.557 E11.40974
G1 X95.283 Y98.075 E11.43056
G1 X95.604 Y97.59 E11.4534
G1 X95.85 Y97.111 E11.47454
G1 X96.122 Y96.673 E11.49478
G1 X96.523 Y96.258 E11.51744
G1 X96.976 Y96.068 E11.53673
G1 X97.283 Y95.742 E11.55431
G1 X97.648 Y95.228 E11.57906
G1 X98.277 Y95.144 E11.60398
G1 X98.912 Y94.938 E11.63019
G1 X99.454 Y94.571 E11.65589
G1 X99.956 Y94.54 E11.67564
G1 X100.668 Y94.833 E11.70587
G1 X101.356 Y94.6 E11.73439
G1 X101.818 Y94.865 E11.7553
G1 X102.411 Y95.242 E11.78289
G1 X103.064 Y95.481 E11.81019
G1 X103.498 Y95.7 E11.82928
G1 X104.02 Y96.008 E11.85308
G1 X104.721 Y96.342 E11.88357
G1 X105.227 Y96.069 E11.90615
G1 X105.699 Y96.013 E11.92481
G1 X106.093 Y95.496 E11.95033
G1 X106.584 Y95.481 E11.96962
G1 X107.44 Y94.917 E12.00987
G1 X108.182 Y94.873 E12.03906
G1 X108.632 Y94.66 E12.05861
G1 X109.186 Y94.916 E12.08257
G1 X109.67 Y94.719 E12.10309
G1 X110.201 Y94.602 E12.12444
G1 X110.667 Y94.915 E12.14648
G1 X111.115 Y95.096 E12.16545
G1 X111.609 Y95.228 E12.18553
G1 X112.146 Y95.546 E12.21003
G1 X112.676 Y95.686 E12.23155
G1 X113.004 Y96.182 E12.2549
G1 X113.48 Y96.745 E12.28385
G1 X113.878 Y97.044 E12.3034
G1 X113.951 Y97.637 E12.32686
G1 X114.457 Y98.19 E12.35629
G1 X114.356 Y98.847 E12.38239
G1 X114.55 Y99.403 E12.40551
G1 X114.496 Y99.768 E12.42
G1 X114.454 Y100.291 E12.4406
G1 X114.124 Y100.807 E12.46465
G1 X114.25 Y101.408 E12.48876
G1 X113.901 Y102.074 E12.51828
G1 X113.726 Y102.789 E12.54718
G1 X113.27 Y103.214 E12.57166
G1 X112.68 Y103.543 E12.59818
G1 X112.031 Y103.799 E12.62557
G1 X111.687 Y104.417 E12.65334
G1 X111.054 Y104.399 E12.6782
G1 X110.229 Y105.242 E12.72451
G1 X109.944 Y105.807 E12.74936
G1 X109.317 Y106.275 E12.78008
G1 X109.017 Y106.968 E12.80973
G1 X108.456 Y108.093 E12.85909
G1 X108.064 Y108.634 E12.88532
G1 X107.911 Y109.129 E12.90566
G1 X107.443 Y109.481 E12.92865
G1 X106.997 Y109.642 E12.94727
G1 X106.637 Y109.811 E12.96289
G1 X106.295 Y109.603 F7800
G92 E0
G1 X100.221 Y104.462
;TYPE:Internal infill
;WIDTH:0.45
;HEIGHT:0.4
G1 F494.289
G1 X99.863 Y104.062 E.03771
G1 X99.456 Y103.77 E.0729
G1 X98.228 Y103.097 E.17127
G1 X97.543 Y102.363 E.2418
G1 X97.252 Y101.926 E.27868
G1 X97.094 Y101.49 E.31126
G1 X97.038 Y101.053 E.34221
G1 X97.069 Y100.616 E.37299
G1 X97.201 Y100.179 E.40506
G1 X97.467 Y99.743 E.44094
G1 X98.28 Y98.869 E.52479
G1 X98.571 Y98.432 E.56167
G1 X98.729 Y97.995 E.59431
G1 X98.786 Y97.559 E.6252
G1 X98.754 Y97.122 E.65598
G1 X98.622 Y96.685 E.68805
G1 X98.377 Y96.282 E.72118
G1 X99.173 Y95.945 E.7819
G1 X100.369 Y95.761 E.86691
G1 X101.43 Y95.884 E.94194
G1 X101.774 Y96.248 E.97712
G1 X102.065 Y96.685 E1.014
G1 X102.223 Y97.122 E1.04664
G1 X102.28 Y97.559 E1.0776
G1 X102.248 Y97.995 E1.10831
G1 X102.116 Y98.432 E1.14038
G1 X101.851 Y98.869 E1.17628
G1 X101.037 Y99.743 E1.26018
G1 X100.746 Y100.179 E1.297
G1 X100.588 Y100.616 E1.32964
G1 X100.532 Y101.053 E1.36059
G1 X100.563 Y101.49 E1.39137
G1 X100.695 Y101.926 E1.42337
G1 X100.961 Y102.363 E1.45931
G1 X101.774 Y103.237 E1.54316
G1 X102.065 Y103.674 E1.58004
G1 X102.223 Y104.11 E1.61262
G1 X102.28 Y104.547 E1.64358
G1 X102.248 Y104.984 E1.67436
G1 X102.116 Y105.421 E1.70643
G1 X101.851 Y105.857 E1.74227
G1 X101.18 Y106.58 E1.81156
G1 X102.097 Y107.913 E1.92522
G1 X102.838 Y108.754 E2.00396
G1 X103.46 Y108.303 E2.05793
G1 X104.03 Y108.069 E2.10122
G1 X104.058 Y107.605 E2.13388
G1 X104.189 Y107.168 E2.16593
G1 X104.455 Y106.731 E2.20187
G1 X105.269 Y105.857 E2.28577
G1 X105.559 Y105.421 E2.32256
M73 P19 R23
G1 X105.718 Y104.984 E2.35523
G1 X105.774 Y104.547 E2.38618
M73 Q19 S23
G1 X105.742 Y104.11 E2.41696
G1 X105.611 Y103.674 E2.44894
G1 X105.345 Y103.237 E2.48488
G1 X104.531 Y102.363 E2.56878
G1 X104.241 Y101.926 E2.60562
G1 X104.082 Y101.49 E2.63822
G1 X104.026 Y101.053 E2.66917
G1 X104.058 Y100.616 E2.69995
G1 X104.189 Y100.179 E2.732
G1 X104.455 Y99.743 E2.76788
G1 X105.269 Y98.869 E2.85178
G1 X105.559 Y98.432 E2.88862
G1 X105.718 Y97.995 E2.92129
G1 X105.774 Y97.559 E2.95217
G1 X105.733 Y97.091 E2.98517
G1 X107.258 Y96.37 E3.10367
G1 X108.482 Y95.952 E3.19453
G1 X108.763 Y96.248 E3.2232
G1 X109.054 Y96.685 E3.26008
G1 X109.212 Y97.122 E3.29272
G1 X109.268 Y97.559 E3.32367
G1 X109.237 Y97.995 E3.35438
G1 X109.105 Y98.432 E3.38645
G1 X108.839 Y98.869 E3.42239
G1 X108.026 Y99.743 E3.50624
G1 X107.735 Y100.179 E3.54306
G1 X107.577 Y100.616 E3.5757
G1 X107.52 Y101.053 E3.60666
G1 X107.552 Y101.49 E3.63744
G1 X107.684 Y101.926 E3.66944
G1 X107.949 Y102.363 E3.70534
G1 X108.763 Y103.237 E3.78924
G1 X109.054 Y103.674 E3.82612
G1 X109.212 Y104.11 E3.8587
G1 X109.268 Y104.553 E3.89007
G1 X110.021 Y103.826 E3.9636
G1 X111.926 Y102.793 E4.11583
G1 X111.52 Y102.363 E4.15737
G1 X111.229 Y101.926 E4.19425
G1 X111.071 Y101.49 E4.22683
G1 X111.014 Y101.053 E4.25779
G1 X111.046 Y100.616 E4.28857
G1 X111.178 Y100.179 E4.32064
G1 X111.443 Y99.743 E4.35648
G1 X112.257 Y98.869 E4.44038
G1 X112.548 Y98.432 E4.47726
G1 X112.706 Y97.995 E4.5099
G1 X112.758 Y97.502 E4.54473
G1 X113.294 Y98.583 E4.62949
G1 X113.434 Y99.092 E4.66657
G1 X113.384 Y99.794 E4.71601
;LAYER_CHANGE
;Z:3.95
;HEIGHT:0.2
G92 E0
G1 Z3.95 F7800
G1 X106.659 Y108.887
;TYPE:Perimeter
;WIDTH:0.449999
G1 F884.349
G1 X106.448 Y109.03 E.01001
G1 X106.03 Y108.777 E.02919
G1 X105.554 Y108.612 E.04897
G1 X105.012 Y108.539 E.07044
G1 X104.467 Y108.567 E.09187
G1 X103.905 Y108.73 E.11485
G1 X103.558 Y108.888 E.12982
G1 X103.099 Y109.213 E.1519
G1 X102.645 Y108.947 E.17256
G1 X102.349 Y108.631 E.18956
G1 X102.028 Y108.244 E.2093
G1 X101.677 Y107.771 E.23243
G1 X101.019 Y106.835 E.27735
G1 X100.728 Y106.274 E.30216
G1 X100.616 Y105.787 E.32178
G1 X100.374 Y105.185 E.34726
G1 X100.019 Y104.646 E.3726
G1 X99.792 Y104.401 E.38571
G1 X99.267 Y104.016 E.41127
G1 X98.777 Y103.766 E.43287
G1 X97.766 Y103.163 E.47909
G1 X97.094 Y102.576 E.51412
G1 X96.631 Y101.99 E.54344
G1 X96.308 Y101.426 E.56896
G1 X96.065 Y100.697 E.59913
G1 X95.98 Y100.142 E.62118
G1 X96.003 Y99.313 E.65374
G1 X96.052 Y98.762 E.67546
G1 X96.415 Y97.978 E.70938
G1 X96.692 Y97.506 E.73087
G1 X97.021 Y97.031 E.75356
G1 X97.541 Y96.517 E.78227
G1 X97.987 Y96.192 E.80394
G1 X98.478 Y95.952 E.8254
G1 X98.979 Y95.733 E.84687
G1 X99.572 Y95.587 E.87085
G1 X100.296 Y95.493 E.89952
G1 X101.097 Y95.537 E.93102
G1 X101.896 Y95.74 E.96339
G1 X102.182 Y95.87 E.97573
G1 X102.721 Y96.169 E.99993
G1 X103.44 Y96.621 E1.03328
G1 X103.991 Y96.924 E1.05797
G1 X104.261 Y97.025 E1.06929
G1 X104.851 Y97.056 E1.09249
G1 X105.213 Y97.015 E1.10679
G1 X105.689 Y96.848 E1.1266
G1 X106.319 Y96.496 E1.15494
G1 X107.548 Y95.971 E1.20741
G1 X108.368 Y95.697 E1.24136
G1 X109.207 Y95.57 E1.27468
G1 X109.862 Y95.6 E1.30043
G1 X110.442 Y95.708 E1.32359
G1 X111.119 Y95.925 E1.3515
G1 X111.704 Y96.192 E1.37675
G1 X112.186 Y96.573 E1.40087
G1 X112.698 Y97.053 E1.42843
G1 X113.096 Y97.525 E1.45267
G1 X113.246 Y97.806 E1.46518
G1 X113.463 Y98.284 E1.48579
G1 X113.638 Y98.838 E1.5086
G1 X113.702 Y99.373 E1.52976
G1 X113.613 Y99.964 E1.55323
G1 X113.33 Y101.102 E1.59927
G1 X113.083 Y101.998 E1.63576
G1 X112.788 Y102.455 E1.65712
G1 X112.506 Y102.706 E1.67194
G1 X111.803 Y103.183 E1.7053
G1 X110.303 Y103.993 E1.77224
G1 X110.086 Y104.15 E1.78276
G1 X109.497 Y104.729 E1.81519
G1 X108.954 Y105.471 E1.85129
G1 X108.42 Y106.391 E1.89306
G1 X107.823 Y107.575 E1.94512
G1 X107.406 Y108.253 E1.97637
G1 X106.953 Y108.688 E2.00103
G1 X106.708 Y108.854 E2.01265
G1 X106.509 Y109.461 F7800
G1 F884.349
G1 X106.422 Y109.513 E2.01663
G1 X106.01 Y109.223 E2.03641
G1 X105.59 Y109.043 E2.05435
G1 X105.031 Y108.946 E2.07663
G1 X104.391 Y108.998 E2.10184
G1 X103.84 Y109.192 E2.12478
G1 X103.406 Y109.487 E2.14538
G1 X103.22 Y109.68 E2.1559
G1 X102.929 Y109.586 E2.16791
G1 X102.395 Y109.275 E2.19217
G1 X102.019 Y108.874 E2.21375
G1 X101.607 Y108.373 E2.23922
G1 X100.841 Y107.304 E2.29086
G1 X100.561 Y106.882 E2.31075
G1 X100.339 Y106.403 E2.33148
G1 X100.274 Y106.098 E2.34372
G1 X100.1 Y105.543 E2.36656
G1 X99.819 Y105.083 E2.38773
G1 X99.543 Y104.723 E2.40554
G1 X99.082 Y104.379 E2.42813
G1 X98.58 Y104.123 E2.45026
G1 X97.531 Y103.497 E2.49823
G1 X96.968 Y103.033 E2.52688
G1 X96.6 Y102.648 E2.54779
G1 X96.288 Y102.21 E2.5689
G1 X95.935 Y101.593 E2.59681
G1 X95.668 Y100.793 E2.62992
G1 X95.572 Y100.168 E2.65475
G1 X95.599 Y99.2 E2.69277
G1 X95.653 Y98.659 E2.71412
G1 X96.053 Y97.791 E2.75165
G1 X96.344 Y97.295 E2.77423
G1 X96.711 Y96.765 E2.79954
G1 X97.276 Y96.207 E2.83072
G1 X97.776 Y95.842 E2.85503
G1 X98.469 Y95.503 E2.88532
G1 X98.999 Y95.298 E2.90763
G1 X99.744 Y95.132 E2.9376
G1 X100.289 Y95.085 E2.95908
G1 X101.159 Y95.132 E2.99329
G1 X102.031 Y95.355 E3.02863
G1 X102.35 Y95.499 E3.04237
G1 X102.938 Y95.825 E3.06877
G1 X103.636 Y96.265 E3.10117
G1 X104.187 Y96.567 E3.12584
G1 X104.469 Y96.642 E3.1373
G1 X104.995 Y96.646 E3.15795
G1 X105.491 Y96.492 E3.17834
G1 X106.14 Y96.13 E3.20752
G1 X107.404 Y95.59 E3.26149
G1 X108.273 Y95.3 E3.29746
G1 X109.185 Y95.162 E3.33368
G1 X109.909 Y95.194 E3.36214
G1 X110.542 Y95.312 E3.38742
G1 X111.267 Y95.545 E3.41732
G1 X111.918 Y95.842 E3.44542
G1 X112.647 Y96.418 E3.4819
G1 X113.117 Y96.899 E3.50831
G1 X113.437 Y97.3 E3.52845
G1 X113.605 Y97.614 E3.54243
G1 X113.838 Y98.125 E3.56448
G1 X114.031 Y98.734 E3.58956
G1 X114.11 Y99.394 E3.61566
G1 X114.013 Y100.044 E3.64146
G1 X113.562 Y101.855 E3.71474
G1 X113.375 Y102.343 E3.73526
G1 X113.09 Y102.73 E3.75413
G1 X112.757 Y103.027 E3.77165
G1 X112.014 Y103.532 E3.80692
G1 X110.366 Y104.445 E3.88089
G1 X109.824 Y104.972 E3.91057
G1 X109.305 Y105.676 E3.94491
G1 X108.783 Y106.574 E3.98569
G1 X108.179 Y107.774 E4.03844
G1 X107.727 Y108.507 E4.07225
G1 X107.352 Y108.881 E4.09305
G1 X106.92 Y109.213 E4.11444
G1 X106.56 Y109.43 E4.13094
G1 X106.358 Y109.867 F7800
;TYPE:External perimeter
G1 F884.349
G1 X106.327 Y109.873 E4.13218
G1 X105.867 Y109.58 E4.15359
G1 X105.192 Y109.409 E4.18093
G1 X104.559 Y109.189 E4.20724
G1 X103.86 Y109.51 E4.23744
G1 X103.463 Y110.086 E4.26491
G1 X103.021 Y109.872 E4.28419
G1 X102.364 Y109.871 E4.30999
G1 X101.825 Y109.491 E4.33588
G1 X101.404 Y108.865 E4.3655
G1 X101.045 Y108.419 E4.38798
G1 X100.441 Y107.472 E4.43208
G1 X100.337 Y107.009 E4.45071
G1 X99.787 Y106.419 E4.48238
G1 X99.892 Y105.69 E4.5113
G1 X99.339 Y105.173 E4.54102
G1 X99.115 Y104.662 E4.56293
G1 X98.34 Y104.677 E4.59337
G1 X97.814 Y104.213 E4.62091
G1 X97.41 Y103.814 E4.64321
G1 X96.513 Y103.184 E4.68625
G1 X96.265 Y102.738 E4.70629
G1 X95.881 Y102.376 E4.72701
G1 X95.513 Y101.95 E4.74911
G1 X95.502 Y101.346 E4.77283
G1 X95.096 Y100.73 E4.8018
G1 X95.019 Y100.166 E4.82415
G1 X95.273 Y99.429 E4.85476
G1 X95.417 Y98.778 E4.88094
G1 X95.374 Y98.18 E4.90448
G1 X95.567 Y97.483 E4.93288
G1 X95.797 Y97.08 E4.9511
G1 X96.312 Y96.671 E4.97692
G1 X96.584 Y96.17 E4.9993
G1 X97.129 Y95.764 E5.02598
G1 X97.605 Y95.333 E5.05119
G1 X98.387 Y95.31 E5.08191
G1 X99.528 Y94.725 E5.13226
G1 X100.762 Y94.846 E5.18094
G1 X101.54 Y94.623 E5.21272
G1 X102.102 Y94.845 E5.23645
G1 X102.763 Y95.07 E5.26387
G1 X103.221 Y95.529 E5.28933
G1 X103.619 Y95.756 E5.30732
G1 X104.054 Y96.118 E5.32954
G1 X104.5 Y96.409 E5.35045
G1 X105.042 Y96.014 E5.37678
G1 X105.488 Y95.913 E5.39474
G1 X106.176 Y95.872 E5.4218
G1 X107.137 Y95.4 E5.46384
G1 X107.717 Y95.23 E5.48757
G1 X108.347 Y94.829 E5.51689
G1 X109.111 Y94.942 E5.54721
G1 X109.823 Y94.6 E5.57822
G1 X110.581 Y94.739 E5.60848
G1 X110.989 Y95.135 E5.6308
G1 X111.698 Y95.213 E5.65881
G1 X112.179 Y95.359 E5.67855
G1 X112.588 Y95.888 E5.70481
G1 X113.074 Y96.134 E5.7262
G1 X113.452 Y96.479 E5.74629
G1 X113.803 Y97.028 E5.77188
G1 X114.08 Y97.571 E5.79581
G1 X114.131 Y98.053 E5.81484
G1 X114.279 Y98.64 E5.83861
G1 X114.629 Y99.673 E5.88144
G1 X114.446 Y100.188 E5.9029
G1 X114.39 Y100.831 E5.92824
G1 X114.172 Y101.247 E5.94668
G1 X113.777 Y101.849 E5.97495
G1 X113.843 Y102.469 E5.99943
G1 X113.513 Y102.901 E6.02078
G1 X113.233 Y103.369 E6.04219
G1 X112.649 Y103.434 E6.06526
G1 X112.141 Y103.856 E6.09119
G1 X111.732 Y104.287 E6.11452
G1 X111.22 Y104.429 E6.13538
G1 X110.693 Y104.512 E6.15633
G1 X110.347 Y105.2 E6.18657
G1 X109.616 Y105.906 E6.22647
G1 X109.191 Y106.366 E6.25106
G1 X108.956 Y106.974 E6.27665
G1 X108.556 Y108.205 E6.32747
G1 X108.337 Y108.646 E6.3468
G1 X107.842 Y109.195 E6.37582
G1 X107.204 Y109.367 E6.40177
G1 X106.821 Y109.771 E6.42363
G1 X106.416 Y109.855 E6.43987
G1 X106.052 Y109.691 F7800
;LAYER_CHANGE
;Z:4.15
;HEIGHT:0.2
G92 E0
G1 Z4.15 F7800
G1 X103.188 Y109.191
;TYPE:Perimeter
G1 F884.349
G1 X102.808 Y109.009 E.01654
G1 X102.605 Y108.853 E.02659
G1 X102.245 Y108.447 E.0479
G1 X101.893 Y107.997 E.07033
G1 X101.062 Y106.855 E.12579
G1 X100.806 Y106.349 E.14806
G1 X100.635 Y105.744 E.17275
G1 X100.415 Y105.211 E.19539
G1 X100.091 Y104.686 E.21961
G1 X99.824 Y104.398 E.23503
G1 X99.402 Y104.096 E.25541
G1 X97.815 Y103.154 E.32787
G1 X97.28 Y102.737 E.3545
G1 X97.033 Y102.454 E.36925
G1 X96.62 Y101.908 E.39613
G1 X96.364 Y101.449 E.41677
G1 X96.125 Y100.762 E.44533
G1 X96.023 Y100.018 E.47482
G1 X96.042 Y99.366 E.50043
G1 X96.097 Y98.833 E.52147
G1 X96.279 Y98.349 E.54177
G1 X96.659 Y97.614 E.57426
G1 X97.104 Y97.003 E.60394
G1 X97.516 Y96.593 E.62676
G1 X98.126 Y96.171 E.65588
G1 X98.67 Y95.905 E.67966
G1 X99.144 Y95.728 E.69953
G1 X100.012 Y95.556 E.73427
G1 X100.837 Y95.536 E.76667
G1 X101.229 Y95.612 E.78235
G1 X101.864 Y95.781 E.80815
G1 X102.418 Y96.029 E.83198
G1 X102.954 Y96.382 E.85718
G1 X103.486 Y96.77 E.88303
G1 X103.96 Y97.04 E.90445
G1 X104.344 Y97.142 E.92005
G1 X104.957 Y97.17 E.94414
G1 X105.269 Y97.095 E.95674
M73 P20 R23
G1 X105.734 Y96.894 E.97663
G1 X106.444 Y96.495 E1.00861
G1 X106.964 Y96.271 E1.03084
G1 X107.601 Y96.022 E1.05769
G1 X108.391 Y95.757 E1.09041
G1 X108.912 Y95.671 E1.11114
M73 Q20 S23
G1 X109.558 Y95.619 E1.13659
G1 X110.342 Y95.74 E1.16774
G1 X111.018 Y95.941 E1.19543
G1 X111.727 Y96.24 E1.22564
G1 X112.106 Y96.554 E1.24497
G1 X112.558 Y96.98 E1.26936
G1 X113.004 Y97.5 E1.29626
G1 X113.364 Y98.174 E1.32626
G1 X113.536 Y98.662 E1.34658
G1 X113.656 Y99.405 E1.37613
G1 X113.562 Y99.911 E1.39634
G1 X113.205 Y101.365 E1.45513
G1 X113.027 Y102 E1.48102
G1 X112.736 Y102.44 E1.50173
G1 X112.169 Y102.888 E1.5301
G1 X111.375 Y103.382 E1.56682
G1 X110.255 Y104.008 E1.6172
G1 X109.952 Y104.253 E1.6325
G1 X109.357 Y104.851 E1.66562
G1 X108.903 Y105.509 E1.69701
G1 X108.397 Y106.373 E1.73632
G1 X107.821 Y107.489 E1.78563
G1 X107.435 Y108.14 E1.81535
G1 X107.235 Y108.409 E1.82851
G1 X106.768 Y108.766 E1.85159
G1 X106.307 Y109.073 E1.87334
G1 X105.844 Y108.85 E1.89352
G1 X105.253 Y108.702 E1.91744
G1 X104.834 Y108.693 E1.9339
G1 X104.263 Y108.757 E1.95646
G1 X103.734 Y108.937 E1.9784
G1 X103.272 Y109.231 E1.9999
G1 X103.242 Y109.216 E2.00122
G1 X103.313 Y109.666 F7800
G1 F884.349
G1 X102.999 Y109.576 E2.01405
G1 X102.444 Y109.274 E2.03886
G1 X102.092 Y108.905 E2.05888
G1 X101.686 Y108.403 E2.08423
G1 X100.823 Y107.218 E2.14179
G1 X100.525 Y106.75 E2.16357
G1 X100.342 Y106.281 E2.18334
G1 X100.217 Y105.788 E2.20331
G1 X99.995 Y105.306 E2.22415
G1 X99.667 Y104.799 E2.24786
G1 X99.195 Y104.447 E2.27098
G1 X97.584 Y103.491 E2.34453
G1 X96.999 Y103.034 E2.37368
G1 X96.583 Y102.558 E2.3985
G1 X96.275 Y102.126 E2.41933
G1 X95.991 Y101.616 E2.44225
G1 X95.727 Y100.858 E2.47377
G1 X95.615 Y100.04 E2.50619
G1 X95.635 Y99.354 E2.53314
G1 X95.698 Y98.735 E2.55757
G1 X95.907 Y98.183 E2.58075
G1 X96.312 Y97.4 E2.61536
G1 X96.794 Y96.737 E2.64754
G1 X97.252 Y96.281 E2.67292
G1 X97.917 Y95.822 E2.70465
G1 X98.513 Y95.529 E2.73073
G1 X99.035 Y95.335 E2.7526
G1 X99.967 Y95.15 E2.78991
G1 X100.871 Y95.128 E2.82542
G1 X101.321 Y95.215 E2.84342
G1 X102.001 Y95.396 E2.87105
G1 X102.614 Y95.67 E2.89741
G1 X103.178 Y96.042 E2.92394
G1 X103.689 Y96.417 E2.94883
G1 X104.166 Y96.687 E2.97035
G1 X104.633 Y96.752 E2.98886
G1 X105.044 Y96.743 E3.005
G1 X105.534 Y96.539 E3.02584
G1 X106.263 Y96.129 E3.05868
G1 X106.81 Y95.895 E3.08204
G1 X107.462 Y95.639 E3.10954
G1 X108.292 Y95.361 E3.14391
G1 X109.037 Y95.237 E3.17356
G1 X109.579 Y95.21 E3.19487
G1 X110.431 Y95.342 E3.22872
G1 X111.156 Y95.557 E3.25841
G1 X111.941 Y95.888 E3.29186
G1 X112.486 Y96.34 E3.31966
G1 X113.004 Y96.847 E3.34812
G1 X113.344 Y97.273 E3.36952
G1 X113.754 Y98.051 E3.40405
G1 X113.93 Y98.561 E3.42523
G1 X114.065 Y99.427 E3.45964
G1 X113.961 Y99.996 E3.48235
G1 X113.509 Y101.832 E3.55659
G1 X113.321 Y102.339 E3.57782
G1 X113.029 Y102.727 E3.59689
G1 X112.403 Y103.221 E3.6282
G1 X111.582 Y103.733 E3.66619
G1 X110.562 Y104.303 E3.71207
G1 X110.233 Y104.546 E3.72813
G1 X109.691 Y105.083 E3.75809
G1 X109.254 Y105.715 E3.78826
G1 X108.759 Y106.559 E3.82668
G1 X108.177 Y107.686 E3.87648
G1 X107.785 Y108.347 E3.90665
G1 X107.529 Y108.69 E3.92346
G1 X107.23 Y108.941 E3.93879
G1 X106.759 Y109.286 E3.96171
G1 X106.291 Y109.548 E3.98277
G1 X105.987 Y109.353 E3.99695
G1 X105.562 Y109.179 E4.01498
G1 X105.031 Y109.092 E4.03611
G1 X104.391 Y109.144 E4.06132
G1 X103.789 Y109.369 E4.08655
G1 X103.368 Y109.669 E4.10685
G1 X103.402 Y109.967 F7800
;TYPE:External perimeter
G1 F884.349
G1 X103.209 Y110.067 E4.11538
G1 X102.687 Y109.642 E4.14181
G1 X102.036 Y109.713 E4.16752
G1 X101.726 Y109.034 E4.19683
G1 X101.266 Y108.446 E4.22614
G1 X100.618 Y107.395 E4.27462
G1 X100.209 Y107.126 E4.29384
G1 X100.11 Y106.451 E4.32063
G1 X99.848 Y105.892 E4.34487
G1 X99.514 Y105.543 E4.36384
G1 X99.303 Y105.019 E4.38602
G1 X98.864 Y104.548 E4.4113
G1 X98.28 Y104.357 E4.43543
G1 X97.846 Y104.189 E4.4537
G1 X97.411 Y103.738 E4.4783
G1 X96.884 Y103.327 E4.50454
G1 X95.954 Y102.349 E4.55753
G1 X95.587 Y101.919 E4.57973
G1 X95.557 Y101.41 E4.59975
G1 X95.245 Y100.869 E4.62427
G1 X95.387 Y100.228 E4.65005
G1 X95.142 Y99.646 E4.67484
G1 X95.184 Y99.033 E4.69897
G1 X95.431 Y97.839 E4.74684
G1 X95.864 Y97.433 E4.77015
G1 X96.432 Y96.492 E4.81331
G1 X96.823 Y96.027 E4.83716
G1 X97.886 Y95.551 E4.88289
G1 X98.27 Y95.31 E4.90069
G1 X98.717 Y94.836 E4.92627
G1 X99.405 Y94.848 E4.95329
G1 X100.058 Y94.637 E4.98024
G1 X100.607 Y94.922 E5.00453
G1 X101.204 Y94.795 E5.0285
G1 X101.838 Y95.03 E5.05505
G1 X102.552 Y95.126 E5.08334
G1 X103.006 Y95.314 E5.10263
G1 X103.493 Y95.716 E5.12742
G1 X103.974 Y95.898 E5.14761
G1 X104.384 Y96.384 E5.17258
G1 X104.975 Y96.108 E5.19819
G1 X105.646 Y95.852 E5.22639
G1 X106.271 Y95.471 E5.25513
G1 X106.797 Y95.484 E5.27579
G1 X107.283 Y95.207 E5.29775
G1 X107.938 Y95.102 E5.3238
G1 X108.436 Y94.891 E5.34504
G1 X108.924 Y94.996 E5.36464
G1 X109.421 Y94.99 E5.38416
G1 X109.949 Y95.018 E5.40492
G1 X110.458 Y94.732 E5.42784
G1 X110.902 Y95.153 E5.45186
G1 X111.451 Y95.036 E5.4739
G1 X111.888 Y95.62 E5.50254
G1 X112.493 Y95.733 E5.52671
G1 X112.698 Y96.179 E5.54598
G1 X113.136 Y96.396 E5.56517
G1 X113.695 Y96.768 E5.59153
G1 X114.06 Y97.379 E5.61948
G1 X114.344 Y97.984 E5.64572
G1 X114.429 Y98.529 E5.66738
G1 X114.617 Y99.255 E5.69683
G1 X114.556 Y100.111 E5.73053
G1 X114.154 Y100.568 E5.75443
G1 X114.135 Y101.157 E5.77757
G1 X113.778 Y101.809 E5.80676
G1 X113.784 Y102.376 E5.82902
G1 X113.228 Y102.827 E5.85713
G1 X112.768 Y103.23 E5.88114
G1 X112.318 Y103.565 E5.90317
G1 X111.813 Y104.045 E5.93053
G1 X111.262 Y104.237 E5.95344
G1 X110.912 Y104.749 E5.97779
G1 X110.322 Y104.844 E6.00125
G1 X109.948 Y105.198 E6.02147
G1 X109.599 Y105.618 E6.04291
G1 X109.129 Y106.709 E6.08955
G1 X108.847 Y107.296 E6.11512
G1 X108.497 Y107.692 E6.13587
G1 X108.381 Y108.431 E6.16524
G1 X107.873 Y108.695 E6.18772
G1 X107.204 Y109.679 E6.23444
G1 X106.577 Y109.925 E6.26089
G1 X106.033 Y109.834 E6.28255
G1 X105.39 Y109.424 E6.31249
G1 X104.706 Y109.452 E6.33937
G1 X104.083 Y109.615 E6.36466
G1 X103.456 Y109.94 E6.39239
G1 X103.056 Y109.952 F7800
G92 E0
G1 X105.586 Y108.308
;TYPE:Internal infill
;WIDTH:0.45
;HEIGHT:0.4
G1 F494.289
G1 X106.184 Y108.509 E.04432
G1 X106.411 Y108.644 E.06287
G1 X106.937 Y108.278 E.10789
G1 X107.098 Y108.109 E.12429
G1 X107.441 Y107.531 E.17151
G1 X107.472 Y107.168 E.1971
G1 X107.648 Y106.731 E.2302
G1 X108.185 Y106.129 E.28687
G1 X108.641 Y105.351 E.35022
G1 X109.31 Y104.445 E.42934
G1 X109.354 Y104.11 E.45308
G1 X109.316 Y103.674 E.48382
G1 X109.141 Y103.237 E.51689
G1 X107.892 Y101.926 E.64409
G1 X107.637 Y101.49 E.67957
G1 X107.492 Y101.053 E.71191
G1 X107.435 Y100.616 E.74287
G1 X107.472 Y100.179 E.77368
G1 X107.648 Y99.743 E.80671
G1 X108.896 Y98.432 E.93386
G1 X109.151 Y97.995 E.9694
G1 X109.297 Y97.559 E1.0017
G1 X109.354 Y97.122 E1.03266
G1 X109.316 Y96.685 E1.06347
G1 X109.141 Y96.248 E1.09654
G1 X108.913 Y95.98 E1.12126
G1 X108.465 Y96.054 E1.15316
G1 X107.706 Y96.308 E1.20939
G1 X106.578 Y96.769 E1.29499
G1 X105.698 Y97.245 E1.36527
G1 X105.86 Y97.995 E1.41917
G1 X105.822 Y98.432 E1.44998
G1 X105.646 Y98.869 E1.48308
G1 X104.398 Y100.179 E1.61018
G1 X104.143 Y100.616 E1.64572
G1 X103.998 Y101.053 E1.67806
G1 X103.94 Y101.49 E1.70903
G1 X103.978 Y101.926 E1.73977
G1 X104.154 Y102.363 E1.77287
G1 X105.402 Y103.674 E1.90002
G1 X105.657 Y104.11 E1.9355
G1 X105.802 Y104.547 E1.96784
G1 X105.86 Y104.984 E1.99881
G1 X105.822 Y105.421 E2.02962
G1 X105.646 Y105.857 E2.06265
G1 X104.398 Y107.168 E2.1898
G1 X104.143 Y107.605 E2.22534
G1 X103.998 Y108.041 E2.25762
G1 X103.951 Y108.394 E2.28264
G1 X103.496 Y108.568 E2.31686
G1 X103.112 Y108.826 E2.34936
G1 X102.882 Y108.702 E2.36772
G1 X102.251 Y107.969 E2.43566
G1 X101.412 Y106.817 E2.53578
G1 X101.089 Y106.236 E2.58248
G1 X101.908 Y105.421 E2.66365
G1 X102.163 Y104.984 E2.69919
G1 X102.308 Y104.547 E2.73153
G1 X102.365 Y104.11 E2.76249
G1 X102.328 Y103.674 E2.79323
G1 X102.152 Y103.237 E2.82633
G1 X100.904 Y101.926 E2.95348
G1 X100.649 Y101.49 E2.98896
G1 X100.503 Y101.053 E3.02133
G1 X100.446 Y100.616 E3.05229
G1 X100.484 Y100.179 E3.0831
G1 X100.659 Y99.743 E3.1161
G1 X101.908 Y98.432 E3.2433
G1 X102.163 Y97.995 E3.27884
G1 X102.308 Y97.559 E3.31112
G1 X102.365 Y97.122 E3.34208
G1 X102.328 Y96.685 E3.37289
G1 X102.152 Y96.248 E3.40599
G1 X101.762 Y96.07 E3.43611
G1 X100.812 Y95.842 E3.50474
G1 X100.045 Y95.861 E3.55864
G1 X99.228 Y96.023 E3.61715
G1 X98.485 Y96.312 E3.67315
G1 X98.206 Y96.479 E3.69599
G1 X98.413 Y96.685 E3.71651
G1 X98.669 Y97.122 E3.75209
G1 X98.814 Y97.559 E3.78443
G1 X98.871 Y97.995 E3.81532
G1 X98.834 Y98.432 E3.84613
G1 X98.658 Y98.869 E3.87923
G1 X97.41 Y100.179 E4.00633
G1 X97.154 Y100.616 E4.04191
G1 X97.009 Y101.053 E4.07425
G1 X96.952 Y101.49 E4.10521
G1 X96.987 Y101.897 E4.13391
G1 X96.644 Y101.323 E4.18088
G1 X96.423 Y100.691 E4.22791
G1 X96.329 Y100.002 E4.27676
G1 X96.341 Y99.594 E4.30543
G92 E0
G1 X110.991 Y96.261 F7800
G1 F494.289
G1 X111.567 Y96.503 E.04389
G1 X112.009 Y96.869 E.0842
G1 X112.75 Y97.67 E.16086
G1 X112.848 Y97.995 E.18471
M73 P21 R23
G1 X112.811 Y98.432 E.21552
G1 X112.635 Y98.869 E.24862
G1 X111.387 Y100.179 E.37572
G1 X111.131 Y100.616 E.4113
M73 P21 R22
M73 Q21 S23
G1 X110.986 Y101.053 E.44364
G1 X110.929 Y101.49 E.4746
G1 X110.966 Y101.926 E.50534
G1 X111.142 Y102.363 E.53844
G1 X111.597 Y102.884 E.58703
G1 X112.516 Y102.225 E.66647
G1 X112.704 Y101.974 E.6885
G1 X112.976 Y101.018 E.75832
;LAYER_CHANGE
;Z:4.35
;HEIGHT:0.2
G92 E0
G1 Z4.35 F7800
G1 X103.3 Y109.206
;TYPE:Perimeter
;WIDTH:0.449999
G1 F884.349
G1 X103.187 Y109.174 E.00461
G1 X102.733 Y108.936 E.02474
G1 X102.463 Y108.657 E.03998
G1 X102.048 Y108.16 E.0654
G1 X100.997 Y106.683 E.13658
G1 X100.802 Y106.217 E.15641
G1 X100.625 Y105.637 E.18022
G1 X100.383 Y105.14 E.20192
G1 X100.082 Y104.61 E.22585
G1 X99.837 Y104.384 E.23894
G1 X98.998 Y103.834 E.27833
G1 X97.886 Y103.155 E.32949
G1 X97.346 Y102.715 E.35684
G1 X96.725 Y101.974 E.3948
G1 X96.424 Y101.477 E.41761
G1 X96.229 Y100.896 E.44167
G1 X96.08 Y99.903 E.4811
G1 X96.135 Y99.088 E.51317
G1 X96.28 Y98.547 E.53516
G1 X96.526 Y97.954 E.56037
G1 X96.782 Y97.514 E.58036
G1 X97.166 Y97.001 E.60552
G1 X97.773 Y96.481 E.6369
G1 X98.194 Y96.203 E.65671
G1 X98.66 Y95.974 E.6771
G1 X99.181 Y95.765 E.69914
G1 X100.174 Y95.584 E.73877
G1 X100.549 Y95.596 E.7535
G1 X101.206 Y95.662 E.77943
G1 X101.819 Y95.826 E.80435
G1 X102.441 Y96.116 E.8313
G1 X103.461 Y96.876 E.88124
G1 X103.9 Y97.14 E.90135
G1 X104.221 Y97.232 E.91446
G1 X104.973 Y97.289 E.94407
G1 X105.295 Y97.194 E.95725
G1 X105.769 Y96.961 E.97799
G1 X106.591 Y96.499 E1.01501
G1 X107.712 Y96.057 E1.06232
G1 X108.393 Y95.825 E1.09057
G1 X108.984 Y95.747 E1.11398
G1 X109.546 Y95.704 E1.13611
G1 X110.231 Y95.769 E1.16313
G1 X110.893 Y95.952 E1.1901
G1 X111.684 Y96.297 E1.22398
G1 X112.075 Y96.586 E1.24307
G1 X112.575 Y97.072 E1.27045
G1 X112.916 Y97.481 E1.29136
G1 X113.296 Y98.191 E1.32298
G1 X113.491 Y98.721 E1.34515
G1 X113.588 Y99.376 E1.37115
G1 X113.506 Y99.882 E1.39128
G1 X113.043 Y101.758 E1.46715
G1 X112.904 Y102.14 E1.48311
G1 X112.674 Y102.439 E1.49792
G1 X112.047 Y102.899 E1.52845
G1 X111.166 Y103.451 E1.56927
G1 X110.084 Y104.095 E1.61871
G1 X109.692 Y104.437 E1.63914
G1 X109.126 Y105.112 E1.67373
G1 X108.384 Y106.34 E1.73007
G1 X107.396 Y108.19 E1.81242
G1 X107.073 Y108.551 E1.83144
G1 X106.624 Y108.853 E1.85269
G1 X106.15 Y109.13 E1.87425
M73 Q21 S22
G1 X105.971 Y109.042 E1.88208
G1 X105.494 Y108.889 E1.90175
G1 X104.991 Y108.827 E1.92165
G1 X104.492 Y108.855 E1.94127
G1 X103.914 Y109.005 E1.96472
G1 X103.452 Y109.25 E1.98525
G1 X103.357 Y109.223 E1.98913
G1 X103.509 Y109.69 F7800
G1 F884.349
G1 X103.034 Y109.553 E2.00854
G1 X102.486 Y109.266 E2.03283
G1 X102.16 Y108.93 E2.05121
G1 X101.725 Y108.409 E2.07786
G1 X100.972 Y107.35 E2.12888
G1 X100.573 Y106.747 E2.15727
G1 X100.41 Y106.326 E2.175
G1 X100.258 Y105.815 E2.19593
G1 X99.817 Y104.946 E2.23419
G1 X99.614 Y104.724 E2.246
G1 X98.784 Y104.18 E2.28497
G1 X97.651 Y103.488 E2.3371
G1 X97.063 Y103.01 E2.36685
G1 X96.398 Y102.216 E2.40752
G1 X96.05 Y101.642 E2.43388
G1 X95.831 Y100.992 E2.46081
G1 X95.671 Y99.921 E2.50333
G1 X95.757 Y98.834 E2.54614
G1 X95.893 Y98.42 E2.56325
G1 X96.164 Y97.767 E2.59101
G1 X96.442 Y97.289 E2.61272
G1 X96.864 Y96.725 E2.64038
G1 X97.528 Y96.155 E2.67474
G1 X97.992 Y95.85 E2.69654
G1 X98.586 Y95.562 E2.72246
G1 X99.071 Y95.372 E2.74291
G1 X100.144 Y95.176 E2.78574
G1 X100.746 Y95.194 E2.80939
G1 X101.284 Y95.261 E2.83068
G1 X101.959 Y95.442 E2.85812
G1 X102.642 Y95.761 E2.88772
G1 X103.105 Y96.073 E2.90964
G1 X103.548 Y96.452 E2.93253
G1 X104.014 Y96.74 E2.95404
G1 X104.267 Y96.827 E2.96454
G1 X104.828 Y96.889 E2.9867
G1 X105.116 Y96.828 E2.99826
G1 X105.569 Y96.606 E3.01807
G1 X106.416 Y96.131 E3.0562
G1 X107.571 Y95.675 E3.10496
G1 X108.299 Y95.426 E3.13517
G1 X109.289 Y95.297 E3.17437
G1 X109.814 Y95.297 E3.19498
G1 X110.315 Y95.37 E3.21486
G1 X111.029 Y95.567 E3.24394
G1 X111.889 Y95.942 E3.28078
G1 X112.339 Y96.275 E3.30276
G1 X112.874 Y96.794 E3.33203
G1 X113.253 Y97.249 E3.35528
G1 X113.664 Y98.017 E3.38948
G1 X113.891 Y98.638 E3.41544
G1 X113.997 Y99.396 E3.44549
G1 X113.905 Y99.964 E3.46808
G1 X113.438 Y101.855 E3.54456
G1 X113.26 Y102.345 E3.56503
G1 X112.962 Y102.731 E3.58418
G1 X112.363 Y103.181 E3.6136
G1 X111.442 Y103.762 E3.65636
G1 X110.422 Y104.354 E3.70267
G1 X110.003 Y104.7 E3.72401
G1 X109.481 Y105.318 E3.75577
G1 X109.198 Y105.773 E3.77681
G1 X108.743 Y106.532 E3.81156
G1 X107.734 Y108.421 E3.89565
G1 X107.262 Y108.927 E3.92282
G1 X106.733 Y109.266 E3.94749
G1 X106.152 Y109.597 E3.97375
G1 X105.791 Y109.407 E3.98977
G1 X105.402 Y109.287 E4.00575
G1 X104.955 Y109.232 E4.02343
G1 X104.528 Y109.261 E4.04023
G1 X103.983 Y109.421 E4.06253
G1 X103.562 Y109.664 E4.08162
G1 X103.673 Y109.922 F7800
;TYPE:External perimeter
G1 F884.349
G1 X103.117 Y110.182 E4.10572
G1 X102.629 Y109.942 E4.12707
G1 X102.257 Y109.531 E4.14884
G1 X101.777 Y109.195 E4.17185
G1 X101.603 Y108.63 E4.19506
G1 X101.1 Y108.267 E4.21942
G1 X100.667 Y107.796 E4.24454
G1 X100.23 Y107.196 E4.27369
G1 X100.211 Y106.639 E4.29557
G1 X99.99 Y105.986 E4.32264
G1 X99.612 Y105.54 E4.3456
G1 X98.954 Y104.542 E4.39254
G1 X98.376 Y104.519 E4.41525
G1 X97.772 Y104.214 E4.44182
G1 X97.285 Y103.826 E4.46627
G1 X96.819 Y103.527 E4.48801
G1 X96.568 Y102.898 E4.5146
G1 X96.093 Y102.397 E4.54171
G1 X95.592 Y101.986 E4.56715
G1 X95.331 Y101.387 E4.59281
G1 X95.301 Y100.884 E4.6126
G1 X95.197 Y100.343 E4.63423
G1 X95.187 Y99.7 E4.65948
G1 X95.484 Y99.067 E4.68693
G1 X95.346 Y98.386 E4.71421
G1 X95.784 Y98.003 E4.73706
G1 X95.767 Y97.387 E4.76126
G1 X96.218 Y96.968 E4.78543
G1 X96.559 Y96.34 E4.81349
G1 X97.149 Y96.119 E4.83823
G1 X97.575 Y95.735 E4.86075
G1 X97.881 Y95.307 E4.88141
G1 X98.412 Y95.222 E4.90252
G1 X98.907 Y95.047 E4.92313
G1 X99.532 Y94.893 E4.9484
G1 X99.987 Y94.743 E4.96721
G1 X100.644 Y94.68 E4.99313
G1 X101.098 Y94.817 E5.01175
G1 X101.765 Y95.099 E5.04018
G1 X102.333 Y95.296 E5.06379
G1 X103.055 Y95.322 E5.09216
G1 X103.24 Y95.888 E5.11554
G1 X103.828 Y96.318 E5.14414
G1 X104.965 Y96.448 E5.18907
G1 X105.452 Y96.077 E5.21311
G1 X106.745 Y95.449 E5.26955
G1 X107.312 Y95.341 E5.29221
G1 X108.001 Y95.269 E5.31941
G1 X108.442 Y94.929 E5.34127
G1 X109.135 Y94.987 E5.36858
G1 X109.662 Y94.717 E5.39183
G1 X110.939 Y95.254 E5.44622
G1 X112.224 Y95.705 E5.49969
G1 X112.675 Y96.271 E5.52811
G1 X113.385 Y96.501 E5.55741
G1 X113.672 Y97.215 E5.58762
G1 X113.799 Y97.687 E5.60681
G1 X114.027 Y98.374 E5.63523
G1 X114.147 Y98.813 E5.6531
G1 X114.497 Y99.343 E5.67804
G1 X114.366 Y99.569 E5.6883
G1 X114.356 Y100.263 E5.71555
G1 X114.002 Y100.736 E5.73875
G1 X113.988 Y101.281 E5.76016
G1 X113.731 Y101.735 E5.78064
G1 X113.43 Y102.886 E5.82735
G1 X112.781 Y103.282 E5.8572
G1 X112.226 Y103.744 E5.88555
G1 X111.687 Y103.952 E5.90823
G1 X111.404 Y104.434 E5.93018
G1 X110.881 Y104.561 E5.95131
G1 X110.389 Y105.052 E5.9786
G1 X109.84 Y105.356 E6.00324
G1 X109.503 Y105.7 E6.02215
G1 X109.256 Y106.153 E6.04241
G1 X109.007 Y106.734 E6.06723
G1 X108.727 Y107.217 E6.08915
G1 X108.584 Y107.692 E6.10863
G1 X108.529 Y108.218 E6.1294
G1 X107.971 Y108.566 E6.15522
G1 X107.695 Y109.273 E6.18502
G1 X107.195 Y109.47 E6.20612
G1 X106.644 Y109.897 E6.23349
G1 X106.203 Y110.103 E6.2526
G1 X105.604 Y109.977 E6.27663
G1 X105.036 Y109.465 E6.30666
G1 X104.44 Y109.564 E6.33038
G1 X103.727 Y109.897 E6.36128
G1 X103.365 Y110.066 F7800
;LAYER_CHANGE
;Z:4.55
;HEIGHT:0.2
G1 Z4.55 F7800
G1 X103.695 Y109.271
;TYPE:Perimeter
G1 F884.349
G1 X103.64 Y109.296 E6.36365
G1 X103.494 Y109.254 E6.36962
G1 X102.86 Y108.987 E6.39663
G1 X102.528 Y108.679 E6.41441
G1 X102.085 Y108.161 E6.44117
G1 X101.041 Y106.692 E6.51193
G1 X100.857 Y106.269 E6.53004
G1 X100.647 Y105.608 E6.55727
G1 X100.365 Y105.037 E6.58228
G1 X100.095 Y104.574 E6.60332
G1 X99.154 Y103.876 E6.64932
G1 X98.036 Y103.186 E6.70091
G1 X97.387 Y102.66 E6.73371
G1 X96.96 Y102.165 E6.75938
G1 X96.49 Y101.43 E6.79364
G1 X96.396 Y101.184 E6.80398
G1 X96.247 Y100.66 E6.82537
G1 X96.153 Y99.816 E6.85871
G1 X96.238 Y98.973 E6.89198
G1 X96.414 Y98.383 E6.91615
G1 X96.613 Y97.924 E6.93579
G1 X96.857 Y97.538 E6.95372
G1 X97.169 Y97.13 E6.97389
G1 X97.566 Y96.74 E6.99574
G1 X97.975 Y96.4 E7.01662
G1 X98.41 Y96.157 E7.03618
G1 X98.938 Y95.921 E7.05889
G1 X99.523 Y95.758 E7.08273
G1 X100.261 Y95.66 E7.11196
G1 X101.131 Y95.725 E7.14622
G1 X101.821 Y95.892 E7.17409
G1 X102.194 Y96.068 E7.19028
G1 X102.636 Y96.335 E7.21056
G1 X103.294 Y96.899 E7.24459
G1 X103.746 Y97.192 E7.26574
G1 X104.097 Y97.319 E7.2804
G1 X104.631 Y97.407 E7.30165
G1 X104.962 Y97.407 E7.31465
G1 X105.276 Y97.303 E7.32764
G1 X105.838 Y97.037 E7.35205
G1 X106.32 Y96.729 E7.37451
G1 X106.806 Y96.504 E7.39554
G1 X107.83 Y96.094 E7.43885
G1 X108.392 Y95.897 E7.46223
G1 X109.266 Y95.8 E7.49676
G1 X109.812 Y95.801 E7.5182
G1 X110.23 Y95.865 E7.5348
G1 X110.738 Y95.985 E7.5553
G1 X111.602 Y96.359 E7.59227
G1 X112.06 Y96.667 E7.61394
G1 X112.418 Y97.021 E7.63371
G1 X112.834 Y97.48 E7.65803
G1 X113.261 Y98.257 E7.69284
G1 X113.497 Y99.001 E7.72349
G1 X113.506 Y99.235 E7.73268
G1 X113.448 Y99.859 E7.75729
G1 X113.031 Y101.557 E7.82594
G1 X112.842 Y102.083 E7.84789
G1 X112.614 Y102.36 E7.86198
G1 X112.063 Y102.798 E7.88962
G1 X110.941 Y103.524 E7.94209
G1 X110.222 Y103.941 E7.97473
G1 X109.965 Y104.151 E7.98776
G1 X109.24 Y104.912 E8.02903
G1 X108.8 Y105.585 E8.0606
G1 X108.444 Y106.19 E8.08816
G1 X107.617 Y107.75 E8.15749
G1 X107.333 Y108.248 E8.18
G1 X106.996 Y108.592 E8.19891
G1 X105.976 Y109.196 E8.24545
G1 X105.494 Y109.035 E8.2654
G1 X104.991 Y108.972 E8.2853
G1 X104.492 Y109.001 E8.30493
G1 X104.048 Y109.108 E8.32286
G1 X103.749 Y109.246 E8.33579
G1 X103.878 Y109.643 F7800
G1 F884.349
G1 X103.709 Y109.729 E8.34324
G1 X103.157 Y109.572 E8.36577
G1 X102.627 Y109.323 E8.38876
G1 X102.228 Y108.955 E8.41007
G1 X101.763 Y108.412 E8.43814
G1 X100.773 Y107.017 E8.50531
G1 X100.528 Y106.593 E8.52454
G1 X100.356 Y106.009 E8.54844
G1 X100.119 Y105.458 E8.57199
G1 X99.791 Y104.844 E8.59932
G1 X98.94 Y104.222 E8.64071
G1 X97.8 Y103.519 E8.6933
G1 X97.103 Y102.953 E8.72855
G1 X96.633 Y102.409 E8.75678
G1 X96.124 Y101.614 E8.79385
G1 X96.016 Y101.33 E8.80578
G1 X95.845 Y100.731 E8.83024
G1 X95.745 Y99.824 E8.86607
G1 X95.84 Y98.89 E8.90293
G1 X96.033 Y98.238 E8.92963
G1 X96.252 Y97.733 E8.95124
G1 X96.521 Y97.307 E8.97102
G1 X96.859 Y96.866 E8.99284
G1 X97.339 Y96.396 E9.01922
G1 X97.747 Y96.061 E9.03995
G1 X98.228 Y95.792 E9.06159
G1 X98.799 Y95.537 E9.08614
G1 X99.441 Y95.358 E9.11231
G1 X100.25 Y95.251 E9.14435
G1 X101.194 Y95.321 E9.18152
G1 X101.957 Y95.506 E9.21235
G1 X102.387 Y95.709 E9.23102
G1 X102.877 Y96.005 E9.2535
G1 X103.445 Y96.504 E9.28319
M73 P22 R22
G1 X103.93 Y96.827 E9.30607
G1 X104.163 Y96.917 E9.31588
G1 X104.837 Y97.012 E9.34261
G1 X105.108 Y96.932 E9.3537
G1 X105.619 Y96.694 E9.37583
G1 X106.124 Y96.371 E9.39937
G1 X106.645 Y96.13 E9.42191
G1 X107.687 Y95.713 E9.46598
M73 Q22 S22
G1 X108.3 Y95.497 E9.4915
G1 X109.244 Y95.392 E9.52879
G1 X109.844 Y95.394 E9.55235
G1 X110.292 Y95.462 E9.57014
G1 X110.874 Y95.601 E9.59363
G1 X111.798 Y96 E9.63315
G1 X112.319 Y96.351 E9.65782
G1 X112.712 Y96.739 E9.6795
G1 X113.165 Y97.239 E9.70599
G1 X113.639 Y98.102 E9.74465
G1 X113.902 Y98.93 E9.77876
G1 X113.92 Y99.401 E9.79727
G1 X113.848 Y99.935 E9.81843
G1 X113.397 Y101.767 E9.89251
G1 X113.194 Y102.296 E9.91476
G1 X112.901 Y102.652 E9.93286
G1 X112.301 Y103.129 E9.96296
G1 X111.153 Y103.871 E10.01663
G1 X110.552 Y104.221 E10.04394
G1 X110.254 Y104.438 E10.05841
G1 X109.581 Y105.135 E10.09645
G1 X109.151 Y105.793 E10.12731
G1 X108.804 Y106.38 E10.15408
G1 X107.976 Y107.94 E10.22343
G1 X107.659 Y108.492 E10.24842
G1 X107.239 Y108.92 E10.27197
G1 X105.981 Y109.66 E10.32928
G1 X105.825 Y109.571 E10.33633
G1 X105.383 Y109.427 E10.35458
G1 X104.955 Y109.377 E10.3715
G1 X104.528 Y109.406 E10.3883
G1 X104.159 Y109.5 E10.40325
G1 X103.932 Y109.615 E10.41324
G1 X104.105 Y110.101 F7800
;TYPE:External perimeter
G1 F884.349
G1 X103.959 Y110.154 E10.41934
G1 X103.304 Y110.06 E10.44532
G1 X102.862 Y109.749 E10.46654
G1 X102.16 Y109.494 E10.49587
G1 X101.59 Y109.088 E10.52335
G1 X101.385 Y108.593 E10.54439
G1 X100.954 Y108.294 E10.56499
G1 X100.701 Y107.631 E10.59285
G1 X100.553 Y107.149 E10.61265
G1 X100.008 Y106.904 E10.63611
G1 X99.866 Y106.366 E10.65796
G1 X99.884 Y105.705 E10.68392
G1 X99.774 Y105.255 E10.70211
G1 X99.07 Y105.014 E10.73133
G1 X98.642 Y104.719 E10.75174
G1 X98.188 Y104.152 E10.78026
G1 X97.814 Y103.823 E10.79982
G1 X97.299 Y103.718 E10.82046
G1 X96.996 Y103.31 E10.84041
G1 X96.619 Y103.008 E10.85938
G1 X96.132 Y102.453 E10.88837
G1 X95.762 Y102.096 E10.90856
G1 X95.725 Y101.307 E10.93957
G1 X95.398 Y100.867 E10.9611
G1 X95.491 Y100.361 E10.9813
G1 X95.155 Y99.9 E11.0037
G1 X95.463 Y99.361 E11.02808
G1 X95.432 Y98.676 E11.055
G1 X95.801 Y98.053 E11.08343
G1 X95.963 Y97.426 E11.10886
G1 X96.157 Y96.983 E11.12785
G1 X96.61 Y96.547 E11.15254
G1 X96.986 Y95.945 E11.18041
G1 X97.526 Y95.843 E11.20199
G1 X97.862 Y95.363 E11.225
G1 X98.546 Y95.342 E11.25187
G1 X99.099 Y94.981 E11.2778
G1 X99.631 Y94.794 E11.29994
G1 X100.093 Y94.728 E11.31826
G1 X100.671 Y95.049 E11.34422
G1 X101.212 Y94.809 E11.36746
G1 X101.749 Y95.232 E11.3943
G1 X102.754 Y95.407 E11.43435
G1 X103.136 Y95.674 E11.45265
G1 X103.721 Y96.14 E11.48202
G1 X104.893 Y96.676 E11.53262
G1 X105.396 Y96.323 E11.55675
G1 X105.84 Y95.908 E11.58061
G1 X106.544 Y95.879 E11.60828
G1 X107.102 Y95.543 E11.63386
G1 X107.587 Y95.172 E11.65784
G1 X108.291 Y95.066 E11.68579
G1 X108.968 Y94.992 E11.71253
G1 X109.67 Y94.857 E11.7406
G1 X110.426 Y94.95 E11.77051
G1 X110.988 Y95.133 E11.79372
G1 X111.504 Y95.389 E11.81634
G1 X111.998 Y95.483 E11.83608
G1 X112.543 Y96.04 E11.86668
G1 X113.17 Y96.372 E11.89454
G1 X113.283 Y96.953 E11.91778
G1 X113.769 Y97.274 E11.94065
G1 X113.933 Y97.732 E11.95975
G1 X114.23 Y98.168 E11.98046
G1 X114.18 Y98.718 E12.00214
G1 X114.161 Y99.411 E12.02936
G1 X114.311 Y99.581 E12.03826
G1 X114.247 Y100.716 E12.0829
G1 X113.911 Y101.122 E12.10359
G1 X113.781 Y101.739 E12.12835
G1 X113.464 Y102.311 E12.15403
G1 X113.452 Y102.914 E12.17771
G1 X112.923 Y103.129 E12.20013
G1 X112.515 Y103.662 E12.22649
G1 X111.929 Y103.628 E12.24954
G1 X110.988 Y104.357 E12.29628
G1 X110.642 Y104.746 E12.31672
G1 X109.784 Y105.539 E12.36259
G1 X109.597 Y106.144 E12.38745
G1 X109.079 Y106.566 E12.41368
G1 X108.667 Y107.119 E12.44076
G1 X108.639 Y107.889 E12.47101
G1 X108.075 Y108.196 E12.49622
G1 X107.863 Y108.592 E12.51386
G1 X107.7 Y109.286 E12.54185
G1 X107.31 Y109.582 E12.56107
G1 X106.78 Y109.698 E12.58237
G1 X106.154 Y109.902 E12.60822
G1 X105.768 Y109.996 E12.62382
G1 X105.091 Y109.972 E12.65042
G1 X104.585 Y109.928 E12.67036
G1 X104.161 Y110.081 E12.68806
G1 X103.763 Y110.115 F7800
G92 E0
G1 X112.783 Y101.287
;TYPE:Internal infill
;WIDTH:0.45
;HEIGHT:0.4
G1 F494.289
G1 X112.577 Y101.924 E.04703
G1 X112.399 Y102.141 E.06675
G1 X111.884 Y102.55 E.11295
G1 X111.185 Y103.003 E.17146
G1 X110.842 Y102.8 E.19946
G1 X110.564 Y102.363 E.23584
G1 X110.582 Y101.926 E.26657
G1 X110.877 Y101.053 E.3313
G1 X111.143 Y100.616 E.36724
G1 X111.553 Y100.179 E.40934
G1 X112.935 Y99.306 E.52417
G1 X113.161 Y98.951 E.55373
G1 X112.978 Y98.374 E.59625
G1 X112.585 Y97.66 E.6535
G1 X111.866 Y96.904 E.72679
G1 X111.455 Y96.628 E.76157
G1 X110.636 Y96.274 E.82425
G1 X109.628 Y96.106 E.89604
G1 X109.719 Y96.248 E.90789
G1 X109.7 Y96.685 E.93862
G1 X109.406 Y97.559 E1.0034
G1 X109.14 Y97.995 E1.03928
G1 X108.729 Y98.432 E1.08142
G1 X107.348 Y99.306 E1.19623
G1 X107.069 Y99.743 E1.23265
G1 X107.088 Y100.179 E1.26331
G1 X107.382 Y101.053 E1.32809
G1 X107.648 Y101.49 E1.36403
G1 X108.059 Y101.926 E1.40612
G1 X109.44 Y102.8 E1.52093
G1 X109.719 Y103.237 E1.55735
G1 X109.7 Y103.674 E1.58808
G1 X109.538 Y104.154 E1.62367
G1 X108.987 Y104.74 E1.68018
G1 X108.419 Y105.631 E1.75441
G1 X107.348 Y106.294 E1.8429
G1 X107.069 Y106.731 E1.87932
G1 X107.088 Y107.168 E1.91005
G1 X107.279 Y107.735 E1.95208
G1 X107.023 Y108.152 E1.98645
G1 X106.813 Y108.345 E2.00649
G1 X106.098 Y108.769 E2.06489
G1 X105.559 Y108.591 E2.10477
G1 X104.831 Y108.519 E2.15616
G1 X104.457 Y108.552 E2.18254
G1 X103.632 Y108.803 E2.24312
G1 X103.888 Y108.041 E2.29959
G1 X104.154 Y107.605 E2.33547
G1 X104.565 Y107.168 E2.37761
G1 X105.946 Y106.294 E2.49242
G1 X106.225 Y105.857 E2.52884
G1 X106.206 Y105.421 E2.5595
G1 X105.912 Y104.547 E2.62428
G1 X105.646 Y104.11 E2.66022
G1 X105.235 Y103.674 E2.70231
G1 X103.854 Y102.8 E2.81712
G1 X103.575 Y102.363 E2.85354
G1 X103.594 Y101.926 E2.88427
G1 X103.888 Y101.053 E2.94898
G1 X104.154 Y100.616 E2.98492
G1 X104.565 Y100.179 E3.02706
G1 X105.946 Y99.306 E3.14183
G1 X106.225 Y98.869 E3.17825
G1 X106.206 Y98.432 E3.20898
G1 X105.812 Y97.394 E3.28698
G1 X105.014 Y97.709 E3.34725
G1 X104.787 Y97.727 E3.36325
G1 X104.045 Y97.62 E3.41591
G1 X103.641 Y97.483 E3.44588
G1 X102.68 Y96.78 E3.52953
G1 X102.418 Y97.559 E3.58727
G1 X102.152 Y97.995 E3.62315
G1 X101.741 Y98.432 E3.66529
G1 X100.36 Y99.306 E3.7801
G1 X100.081 Y99.743 E3.81652
G1 X100.1 Y100.179 E3.84718
G1 X100.394 Y101.053 E3.91196
G1 X100.66 Y101.49 E3.9479
G1 X101.071 Y101.926 E3.98999
G1 X102.452 Y102.8 E4.1048
G1 X102.731 Y103.237 E4.14122
G1 X102.712 Y103.674 E4.17195
G1 X102.418 Y104.547 E4.23666
G1 X102.152 Y104.984 E4.2726
G1 X101.741 Y105.421 E4.31474
G1 X101.056 Y105.882 E4.37274
G1 X100.951 Y105.537 E4.39807
G1 X100.324 Y104.37 E4.49113
G1 X99.374 Y103.655 E4.57466
G1 X98.213 Y102.937 E4.67056
G1 X97.601 Y102.44 E4.72594
G1 X97.206 Y101.982 E4.76843
G1 X96.8 Y101.349 E4.82126
G1 X96.9 Y101.053 E4.84321
G1 X97.166 Y100.616 E4.87915
G1 X97.576 Y100.179 E4.92125
G1 X98.958 Y99.306 E5.03608
G1 X99.236 Y98.869 E5.07246
G1 X99.218 Y98.432 E5.10319
G1 X98.923 Y97.559 E5.16792
G1 X98.657 Y97.122 E5.20386
G1 X98.247 Y96.685 E5.24596
G1 X98.146 Y96.654 E5.25338
G1 X97.502 Y97.211 E5.31319
G1 X97.108 Y97.712 E5.35796
G1 X96.688 Y98.526 E5.42231
;LAYER_CHANGE
;Z:4.75
;HEIGHT:0.2
G92 E0
G1 Z4.75 F7800
G1 X103.92 Y109.313
;TYPE:Perimeter
;WIDTH:0.449999
G1 F884.349
G1 X103.88 Y109.326 E.00165
G1 X103.378 Y109.193 E.02204
G1 X102.838 Y108.933 E.04557
G1 X102.252 Y108.301 E.07941
G1 X101.916 Y107.864 E.10105
G1 X101.079 Y106.69 E.15766
G1 X100.917 Y106.334 E.17302
G1 X100.661 Y105.538 E.20585
G1 X100.436 Y105.035 E.22749
G1 X100.135 Y104.572 E.24917
G1 X99.654 Y104.219 E.2726
G1 X99.268 Y103.881 E.29275
G1 X98.686 Y103.546 E.31912
G1 X98.27 Y103.259 E.33896
G1 X97.422 Y102.591 E.38135
G1 X97.083 Y102.183 E.40218
G1 X96.768 Y101.737 E.42362
G1 X96.483 Y101.212 E.44708
G1 X96.302 Y100.509 E.47558
G1 X96.234 Y99.745 E.5057
G1 X96.274 Y99.165 E.52853
G1 X96.415 Y98.67 E.54874
G1 X96.616 Y98.128 E.57144
G1 X96.935 Y97.562 E.59695
G1 X97.424 Y96.971 E.62707
G1 X97.973 Y96.513 E.65514
G1 X98.419 Y96.235 E.67578
G1 X98.958 Y96.005 E.69879
G1 X99.771 Y95.788 E.73183
G1 X100.341 Y95.736 E.7543
G1 X101.017 Y95.784 E.78091
G1 X101.428 Y95.879 E.79747
G1 X101.937 Y96.028 E.81829
G1 X102.484 Y96.324 E.84271
G1 X103.239 Y96.99 E.88224
G1 X103.724 Y97.325 E.90538
G1 X104.041 Y97.438 E.91859
G1 X104.556 Y97.531 E.93914
G1 X104.99 Y97.541 E.95619
G1 X105.339 Y97.427 E.97061
G1 X105.794 Y97.18 E.99094
M73 P23 R22
G1 X106.235 Y96.892 E1.01162
G1 X106.989 Y96.543 E1.04424
G1 X108.301 Y96.043 E1.09937
G1 X109.245 Y95.907 E1.13682
G1 X109.827 Y95.899 E1.15967
G1 X110.586 Y96.019 E1.18984
M73 Q23 S22
G1 X111.478 Y96.404 E1.22799
G1 X112.108 Y96.828 E1.25781
G1 X112.753 Y97.544 E1.29565
G1 X113.042 Y97.98 E1.31619
G1 X113.291 Y98.631 E1.34356
G1 X113.427 Y99.408 E1.37453
G1 X113.335 Y100.018 E1.39875
G1 X113.09 Y101.051 E1.44044
G1 X112.963 Y101.555 E1.46085
G1 X112.777 Y102.016 E1.48037
G1 X112.564 Y102.262 E1.49315
G1 X111.992 Y102.71 E1.52168
G1 X110.769 Y103.552 E1.57998
G1 X110.227 Y103.88 E1.60485
G1 X110.004 Y104.056 E1.616
G1 X109.306 Y104.784 E1.6556
G1 X109.006 Y105.226 E1.67657
G1 X108.505 Y106.039 E1.71407
G1 X107.337 Y108.207 E1.81076
G1 X107.071 Y108.5 E1.8263
G1 X106.595 Y108.808 E1.84856
G1 X105.817 Y109.259 E1.88387
G1 X105.507 Y109.187 E1.89637
G1 X104.854 Y109.115 E1.92217
G1 X104.292 Y109.187 E1.94442
G1 X103.977 Y109.293 E1.95747
G1 X104.068 Y109.697 F7800
G1 F884.349
G1 X103.922 Y109.753 E1.96361
G1 X103.115 Y109.535 E1.99643
G1 X102.588 Y109.262 E2.01973
G1 X101.799 Y108.412 E2.06527
G1 X100.682 Y106.815 E2.14179
G1 X100.528 Y106.454 E2.1572
G1 X100.334 Y105.825 E2.18305
G1 X100.142 Y105.339 E2.20357
G1 X99.875 Y104.894 E2.22395
G1 X99.064 Y104.234 E2.26501
G1 X98.469 Y103.89 E2.292
G1 X98.029 Y103.587 E2.31298
G1 X97.136 Y102.884 E2.3576
G1 X96.77 Y102.443 E2.3801
G1 X96.418 Y101.945 E2.40405
G1 X96.097 Y101.348 E2.43066
G1 X95.899 Y100.578 E2.46188
G1 X95.825 Y99.749 E2.49456
G1 X95.871 Y99.094 E2.52034
G1 X96.023 Y98.558 E2.54222
G1 X96.246 Y97.958 E2.56735
G1 X96.603 Y97.325 E2.59588
G1 X96.959 Y96.894 E2.61783
G1 X97.324 Y96.511 E2.6386
G1 X97.738 Y96.181 E2.65939
G1 X98.234 Y95.871 E2.68236
G1 X98.825 Y95.62 E2.70757
G1 X99.699 Y95.386 E2.7431
G1 X100.336 Y95.328 E2.76821
G1 X101.078 Y95.38 E2.79742
G1 X101.52 Y95.483 E2.81524
G1 X102.101 Y95.654 E2.83902
G1 X102.71 Y95.983 E2.8662
G1 X103.045 Y96.254 E2.88312
G1 X103.458 Y96.646 E2.90548
G1 X103.87 Y96.936 E2.92526
G1 X104.113 Y97.037 E2.93559
G1 X104.846 Y97.143 E2.96467
G1 X105.145 Y97.069 E2.97676
G1 X105.6 Y96.822 E2.99709
G1 X106.036 Y96.536 E3.01756
G1 X106.831 Y96.168 E3.05196
G1 X108.198 Y95.647 E3.1094
G1 X109.212 Y95.501 E3.14962
G1 X109.856 Y95.492 E3.17491
G1 X110.72 Y95.634 E3.20929
G1 X111.674 Y96.045 E3.25008
G1 X112.377 Y96.518 E3.28335
G1 X112.902 Y97.101 E3.31415
G1 X113.248 Y97.554 E3.33653
G1 X113.511 Y98.035 E3.35806
G1 X113.684 Y98.525 E3.37846
G1 X113.837 Y99.419 E3.41407
G1 X113.735 Y100.096 E3.44095
G1 X113.356 Y101.66 E3.50414
G1 X113.124 Y102.238 E3.52859
G1 X112.846 Y102.559 E3.54526
G1 X112.233 Y103.039 E3.57583
G1 X110.861 Y103.983 E3.64122
G1 X110.298 Y104.338 E3.66735
G1 X109.6 Y105.066 E3.70695
G1 X108.865 Y106.229 E3.76097
G1 X107.846 Y108.161 E3.84673
G1 X107.501 Y108.668 E3.87081
G1 X107.208 Y108.919 E3.88596
G1 X106.394 Y109.4 E3.92308
G1 X105.801 Y109.715 E3.94945
G1 X105.452 Y109.59 E3.96401
G1 X104.872 Y109.521 E3.98694
G1 X104.347 Y109.59 E4.00773
G1 X104.124 Y109.676 E4.01711
G1 X104.178 Y109.926 F7800
;TYPE:External perimeter
G1 F884.349
G1 X104.122 Y109.917 E4.01934
G1 X103.571 Y109.987 E4.04115
G1 X102.87 Y109.932 E4.06876
G1 X102.289 Y109.744 E4.09274
G1 X101.973 Y109 E4.12448
G1 X101.518 Y108.577 E4.14887
G1 X101.063 Y108.221 E4.17155
G1 X100.554 Y107.036 E4.22219
G1 X99.98 Y106.684 E4.24863
G1 X99.903 Y106.003 E4.27554
G1 X99.927 Y105.446 E4.29743
G1 X99.281 Y105.194 E4.32466
G1 X99.019 Y104.724 E4.34579
G1 X98.693 Y104.299 E4.36682
G1 X98.067 Y104.217 E4.39161
G1 X97.422 Y103.869 E4.42039
G1 X96.803 Y102.866 E4.46667
G1 X96.281 Y102.413 E4.49381
G1 X96.026 Y101.993 E4.5131
G1 X95.639 Y101.589 E4.53507
G1 X95.754 Y100.86 E4.56405
G1 X95.666 Y100.376 E4.58337
G1 X95.286 Y99.695 E4.61399
G1 X95.572 Y99.183 E4.63702
G1 X95.691 Y98.713 E4.65606
G1 X95.738 Y98.08 E4.68098
G1 X96.022 Y97.625 E4.70204
G1 X96.285 Y97.099 E4.72513
G1 X96.755 Y96.805 E4.7469
G1 X97.055 Y96.356 E4.7681
G1 X97.808 Y95.617 E4.80953
G1 X99.133 Y95.291 E4.86311
G1 X99.692 Y95.081 E4.88656
G1 X100.156 Y94.806 E4.90774
G1 X100.744 Y95.086 E4.93331
G1 X101.453 Y95.043 E4.9612
G1 X102.018 Y95.407 E4.98759
G1 X102.71 Y95.609 E5.0159
G1 X103.233 Y95.948 E5.04037
G1 X103.909 Y96.261 E5.06962
G1 X104.209 Y96.828 E5.09481
G1 X104.794 Y96.686 E5.11845
G1 X105.173 Y96.496 E5.1351
G1 X105.546 Y96.156 E5.15492
G1 X106.249 Y96.069 E5.18273
G1 X106.873 Y95.819 E5.20912
G1 X107.39 Y95.393 E5.23542
G1 X108.049 Y95.162 E5.26284
G1 X108.586 Y95.063 E5.28428
G1 X109.044 Y95.067 E5.30226
G1 X109.637 Y94.905 E5.3264
G1 X110.215 Y95.244 E5.35271
G1 X110.754 Y95.335 E5.37417
G1 X111.998 Y95.961 E5.42885
G1 X112.628 Y96.129 E5.45445
G1 X112.97 Y96.591 E5.47702
G1 X113.427 Y97.161 E5.50571
G1 X113.683 Y97.728 E5.53014
G1 X114.137 Y98.256 E5.55748
G1 X113.977 Y98.756 E5.57809
G1 X114.3 Y99.232 E5.60068
G1 X114.151 Y99.608 E5.61656
G1 X114.021 Y100.194 E5.64013
G1 X114.19 Y100.773 E5.66381
G1 X113.854 Y101.226 E5.68596
G1 X113.874 Y102.037 E5.71781
G1 X113.368 Y102.594 E5.74736
G1 X112.821 Y103.077 E5.77601
G1 X112.254 Y103.417 E5.80197
G1 X111.845 Y104.039 E5.8312
G1 X111.246 Y104.068 E5.85475
G1 X110.823 Y104.603 E5.88153
G1 X110.377 Y104.883 E5.90221
G1 X109.98 Y105.397 E5.92771
G1 X109.639 Y105.924 E5.95236
G1 X109.018 Y106.406 E5.98323
G1 X109.022 Y106.981 E6.00581
G1 X108.527 Y107.422 E6.03184
G1 X108.19 Y107.978 E6.05737
G1 X108.25 Y108.604 E6.08206
G1 X107.772 Y108.999 E6.10641
G1 X107.319 Y109.542 E6.13418
G1 X106.854 Y109.709 E6.15358
G1 X106.374 Y109.827 E6.17299
G1 X105.868 Y109.988 E6.19384
G1 X105.398 Y110.186 E6.21387
G1 X104.697 Y110.002 E6.24233
G1 X104.237 Y109.934 E6.26059
G1 X103.838 Y109.957 F7800
;LAYER_CHANGE
;Z:4.95
;HEIGHT:0.2
G1 Z4.95 F7800
G1 X104.404 Y109.33
;TYPE:Perimeter
G1 F884.349
G1 X104.218 Y109.365 E6.26802
G1 X103.564 Y109.227 E6.29426
G1 X103.008 Y109.012 E6.31767
G1 X102.63 Y108.701 E6.33689
G1 X102.161 Y108.169 E6.36474
G1 X101.383 Y107.068 E6.41767
G1 X101.01 Y106.503 E6.44425
G1 X100.579 Y105.181 E6.49885
G1 X100.267 Y104.68 E6.52202
G1 X99.445 Y103.925 E6.56584
G1 X98.482 Y103.313 E6.61064
G1 X97.416 Y102.444 E6.66464
G1 X97.044 Y102.022 E6.68673
G1 X96.667 Y101.385 E6.71579
G1 X96.405 Y100.503 E6.75192
G1 X96.357 Y99.985 E6.77235
G1 X96.351 Y99.484 E6.79202
G1 X96.443 Y98.861 E6.81675
G1 X96.669 Y98.261 E6.84192
G1 X96.915 Y97.759 E6.86387
G1 X97.485 Y97.045 E6.89974
G1 X97.858 Y96.711 E6.9194
G1 X98.286 Y96.419 E6.93974
G1 X99.149 Y96.038 E6.97678
G1 X99.866 Y95.86 E7.00579
G1 X100.442 Y95.82 E7.02846
G1 X100.937 Y95.858 E7.04795
G1 X101.513 Y95.983 E7.07109
G1 X102.019 Y96.169 E7.09226
G1 X102.589 Y96.529 E7.11873
G1 X103.181 Y97.076 E7.15038
G1 X103.725 Y97.476 E7.17689
G1 X104.015 Y97.577 E7.18895
G1 X104.626 Y97.676 E7.21325
G1 X105.135 Y97.655 E7.23325
G1 X105.438 Y97.529 E7.24613
G1 X106.231 Y97.036 E7.28279
G1 X107.131 Y96.618 E7.32175
G1 X108.225 Y96.182 E7.36799
G1 X108.652 Y96.086 E7.38517
G1 X109.175 Y96.018 E7.40588
G1 X109.869 Y96.029 E7.43313
G1 X110.471 Y96.108 E7.45697
G1 X111.081 Y96.347 E7.48269
G1 X111.591 Y96.589 E7.50485
G1 X112.131 Y96.971 E7.53082
G1 X112.629 Y97.557 E7.56102
G1 X112.945 Y98.077 E7.58491
G1 X113.172 Y98.579 E7.60654
G1 X113.328 Y99.478 E7.64237
G1 X113.192 Y100.286 E7.67454
G1 X113.043 Y100.981 E7.70245
G1 X112.908 Y101.483 E7.72286
G1 X112.712 Y101.951 E7.74278
G1 X112.517 Y102.164 E7.75412
G1 X111.931 Y102.614 E7.78313
G1 X111.046 Y103.235 E7.82558
G1 X109.96 Y104.037 E7.87859
G1 X109.264 Y104.779 E7.91854
G1 X108.999 Y105.172 E7.93715
G1 X108.566 Y105.888 E7.97
G1 X107.511 Y107.899 E8.05917
G1 X107.218 Y108.335 E8.0798
G1 X106.923 Y108.593 E8.09519
G1 X105.93 Y109.179 E8.14046
G1 X105.496 Y109.34 E8.15864
G1 X105.241 Y109.282 E8.16891
G1 X104.735 Y109.266 E8.18879
G1 X104.463 Y109.318 E8.19966
G1 X104.478 Y109.729 F7800
G1 F884.349
G1 X104.226 Y109.783 E8.20978
G1 X103.857 Y109.705 E8.22459
G1 X103.229 Y109.534 E8.25015
G1 X102.743 Y109.329 E8.27086
G1 X102.337 Y108.984 E8.29178
G1 X101.841 Y108.422 E8.32121
G1 X101.05 Y107.303 E8.37502
G1 X100.636 Y106.671 E8.40469
G1 X100.215 Y105.371 E8.45834
G1 X99.951 Y104.938 E8.47825
G1 X99.226 Y104.268 E8.51701
G1 X98.244 Y103.644 E8.56269
G1 X97.132 Y102.739 E8.61898
G1 X96.713 Y102.262 E8.64391
G1 X96.291 Y101.549 E8.67644
G1 X96.004 Y100.58 E8.71612
G1 X95.925 Y99.74 E8.74925
G1 X95.954 Y99.321 E8.76574
G1 X96.052 Y98.744 E8.78872
G1 X96.288 Y98.118 E8.81499
G1 X96.575 Y97.534 E8.84054
G1 X97.188 Y96.764 E8.87918
G1 X97.606 Y96.389 E8.90123
G1 X98.088 Y96.062 E8.9241
G1 X99.017 Y95.651 E8.96399
G1 X99.802 Y95.457 E8.99574
G1 X100.444 Y95.411 E9.02101
G1 X100.996 Y95.454 E9.04275
G1 X101.627 Y95.591 E9.0681
G1 X102.2 Y95.802 E9.09208
G1 X102.839 Y96.205 E9.12174
G1 X103.425 Y96.75 E9.15316
G1 X103.828 Y97.06 E9.17312
G1 X104.045 Y97.166 E9.1826
G1 X104.539 Y97.259 E9.20234
G1 X104.977 Y97.271 E9.21954
G1 X105.223 Y97.184 E9.22979
G1 X106.038 Y96.677 E9.26748
G1 X106.969 Y96.244 E9.3078
G1 X108.105 Y95.792 E9.35581
G1 X108.581 Y95.685 E9.37497
G1 X109.152 Y95.611 E9.39758
G1 X109.899 Y95.623 E9.42691
G1 X110.573 Y95.711 E9.4536
G1 X111.307 Y95.999 E9.48456
G1 X111.806 Y96.242 E9.50635
G1 X112.408 Y96.668 E9.53531
G1 X112.961 Y97.318 E9.56882
G1 X113.306 Y97.887 E9.59495
G1 X113.558 Y98.444 E9.61895
G1 X113.739 Y99.489 E9.66059
G1 X113.592 Y100.362 E9.69535
G1 X113.441 Y101.066 E9.72362
G1 X113.301 Y101.592 E9.74499
G1 X113.053 Y102.181 E9.77008
G1 X112.793 Y102.465 E9.7852
G1 X112.172 Y102.943 E9.81597
G1 X110.257 Y104.315 E9.90847
G1 X109.561 Y105.058 E9.94844
G1 X108.926 Y106.077 E9.99558
G1 X107.871 Y108.088 E10.08475
G1 X107.519 Y108.613 E10.10957
G1 X107.163 Y108.924 E10.12813
G1 X105.967 Y109.61 E10.18227
G1 X105.5 Y109.758 E10.20151
G1 X105.277 Y109.707 E10.21049
G1 X104.738 Y109.673 E10.2317
G1 X104.536 Y109.716 E10.23981
G1 X104.58 Y110.287 F7800
;TYPE:External perimeter
G1 F884.349
G1 X104.571 Y110.292 E10.24021
G1 X103.315 Y109.895 E10.29193
G1 X102.528 Y109.824 E10.32296
G1 X102.263 Y109.237 E10.34825
G1 X101.704 Y108.966 E10.37264
G1 X101.455 Y108.421 E10.39617
G1 X101.082 Y108.047 E10.41691
G1 X100.69 Y107.53 E10.44239
G1 X100.414 Y106.968 E10.46697
G1 X100.197 Y106.005 E10.50573
G1 X99.664 Y105.609 E10.5318
G1 X99.596 Y105.158 E10.54971
G1 X99.191 Y104.904 E10.56848
G1 X98.905 Y104.365 E10.59244
G1 X98.315 Y104.218 E10.61631
G1 X97.954 Y103.838 E10.63689
G1 X97.23 Y103.552 E10.66746
G1 X96.803 Y103.071 E10.69271
G1 X96.47 Y102.645 E10.71394
G1 X96.315 Y102.052 E10.73801
G1 X95.893 Y101.737 E10.75869
G1 X95.891 Y100.95 E10.78959
G1 X95.752 Y100.542 E10.80651
G1 X95.724 Y99.971 E10.82896
G1 X95.599 Y99.493 E10.84836
G1 X95.739 Y98.914 E10.87175
G1 X95.956 Y98.315 E10.89677
G1 X96.091 Y97.617 E10.92468
G1 X96.332 Y97.02 E10.94996
G1 X96.948 Y96.598 E10.97928
G1 X97.414 Y96.177 E11.00394
M73 P24 R22
G1 X97.684 Y95.702 E11.02539
G1 X98.167 Y95.405 E11.04765
G1 X98.616 Y95.166 E11.06762
G1 X99.377 Y95.275 E11.09781
G1 X100.005 Y95.191 E11.12269
G1 X100.548 Y95.012 E11.14514
G1 X101.113 Y95.038 E11.16735
G1 X101.797 Y95.134 E11.19447
M73 Q24 S22
G1 X102.478 Y95.364 E11.22269
G1 X102.819 Y95.923 E11.2484
G1 X103.352 Y96.071 E11.27012
G1 X103.76 Y96.444 E11.29183
G1 X104.348 Y96.931 E11.32181
G1 X104.884 Y96.864 E11.34302
G1 X105.35 Y96.761 E11.36176
G1 X105.798 Y96.558 E11.38107
G1 X106.161 Y96.231 E11.40025
G1 X107.119 Y95.888 E11.4402
G1 X107.795 Y95.591 E11.46919
G1 X108.505 Y95.464 E11.49751
G1 X109.08 Y95.251 E11.52159
G1 X109.641 Y95.245 E11.54362
G1 X110.079 Y95.401 E11.56188
G1 X110.805 Y95.336 E11.5905
G1 X111.159 Y95.685 E11.61002
G1 X112.313 Y96.151 E11.65889
G1 X112.788 Y96.321 E11.6787
G1 X113.238 Y96.803 E11.70459
G1 X113.575 Y97.28 E11.72752
G1 X113.824 Y97.944 E11.75536
G1 X114.118 Y98.421 E11.77736
G1 X113.946 Y98.946 E11.79905
G1 X114.231 Y99.555 E11.82545
G1 X113.906 Y100.007 E11.84731
G1 X113.79 Y100.522 E11.86804
G1 X113.991 Y101.118 E11.89274
G1 X113.537 Y101.611 E11.91906
G1 X113.639 Y102.348 E11.94827
G1 X113.108 Y102.641 E11.97208
G1 X112.871 Y103.058 E11.99091
G1 X112.246 Y103.188 E12.01598
G1 X111.685 Y103.619 E12.04376
G1 X111.397 Y104.156 E12.06769
G1 X110.808 Y104.253 E12.09113
G1 X110.481 Y104.595 E12.10971
G1 X109.955 Y104.95 E12.13463
G1 X109.702 Y105.479 E12.15765
G1 X109.388 Y105.83 E12.17614
G1 X109.12 Y106.528 E12.2055
G1 X108.656 Y107.103 E12.23451
G1 X108.388 Y107.607 E12.25692
G1 X108.167 Y108.194 E12.28155
G1 X107.557 Y108.924 E12.3189
G1 X106.697 Y109.816 E12.36755
G1 X106.216 Y110.091 E12.38931
G1 X105.621 Y110.028 E12.4128
G1 X105.087 Y110.039 E12.43377
G1 X104.634 Y110.261 E12.45358
G1 X104.241 Y110.182 F7800
G1 X105.528 Y108.881
;TYPE:Internal infill
;WIDTH:0.45
;HEIGHT:0.4
G1 F494.289
G1 X104.84 Y108.809 E12.50218
G1 X104.13 Y108.906 E12.55252
G1 X103.906 Y108.987 E12.56925
G1 X103.152 Y108.741 E12.62497
G1 X104.026 Y107.641 E12.72367
G1 X104.463 Y107.301 E12.76257
G1 X104.9 Y107.085 E12.79681
G1 X105.774 Y106.913 E12.85939
G1 X106.21 Y106.999 E12.89061
G1 X106.647 Y107.342 E12.92964
G1 X107.126 Y107.945 E12.98374
G1 X108.463 Y105.469 E13.18142
G1 X107.521 Y105.675 E13.24916
G1 X107.084 Y105.59 E13.28043
G1 X106.647 Y105.246 E13.3195
G1 X105.774 Y104.147 E13.4181
G1 X105.337 Y103.806 E13.45704
G1 X104.9 Y103.591 E13.49125
G1 X104.026 Y103.419 E13.55383
G1 X103.59 Y103.504 E13.58504
G1 X103.153 Y103.848 E13.62411
G1 X102.279 Y104.947 E13.72275
G1 X101.843 Y105.288 E13.76163
G1 X101.406 Y105.503 E13.79584
G1 X101.029 Y105.577 E13.82283
G1 X100.861 Y105.065 E13.86068
G1 X100.483 Y104.46 E13.91079
G1 X99.601 Y103.669 E13.99402
G92 E0
G1 X103.839 Y97.824 F7800
;TYPE:Solid infill
;WIDTH:0.441804
;HEIGHT:0.2
G1 F902.518
G1 X103.993 Y97.869 E.00617
;WIDTH:0.475456
G1 F832.301
G1 X104.147 Y97.914 E.01286
;WIDTH:0.509108
G1 F772.221
G1 X104.3 Y97.959 E.02003
G1 X104.704 Y97.988 E.03824
;WIDTH:0.468518
G1 F845.869
G1 X104.959 Y97.953 E.04881
;WIDTH:0.429291
G1 F931.747
G1 X105.213 Y97.919 E.05836
;WIDTH:0.399998
G1 F1008.183
G1 X105.458 Y97.835 E.06728
;WIDTH:0.408636
G1 F984.37
G1 X106.216 Y97.379 E.09848
;WIDTH:0.411382
G1 F977.034
G1 X106.687 Y97.139 E.11727
;WIDTH:0.41812
G1 F959.488
G1 X107.292 Y96.865 E.14131
;WIDTH:0.427612
G1 F935.814
G1 X108.308 Y96.466 E.18181
G1 X108.811 Y96.349 E.20097
;WIDTH:0.39638
G1 F1018.503
G1 X109.849 Y96.308 E.23639
;WIDTH:0.422944
G1 F947.309
G1 X110.398 Y96.393 E.25675
G92 E0
G1 X112.179 Y97.498 F7800
;TYPE:Internal infill
;WIDTH:0.45
;HEIGHT:0.4
G1 F494.289
G1 X111.924 Y97.198 E.02766
G1 X111.429 Y96.848 E.07025
G1 X110.877 Y96.595 E.11291
G1 X110.797 Y96.872 E.13316
G1 X110.26 Y96.766 E.17161
G1 X110.141 Y96.859 E.18222
G1 X109.268 Y97.959 E.28087
G1 X108.831 Y98.299 E.31977
G1 X108.394 Y98.515 E.35401
G1 X107.521 Y98.687 E.41652
G1 X107.084 Y98.601 E.44781
G1 X106.647 Y98.258 E.48684
G1 X106.277 Y97.793 E.52859
G1 X105.575 Y98.214 E.58609
G1 X105.336 Y98.297 E.60386
G1 X104.728 Y98.405 E.64724
G1 X104.179 Y98.383 E.68584
G1 X103.375 Y98.055 E.74684
G1 X103.478 Y97.679 E.77423
G1 X102.874 Y97.21 E.82795
G1 X102.279 Y97.959 E.89515
G1 X101.843 Y98.299 E.93399
G1 X101.406 Y98.515 E.96823
G1 X100.532 Y98.687 E1.03081
G1 X100.095 Y98.601 E1.0621
G1 X99.659 Y98.258 E1.10107
G1 X98.785 Y97.159 E1.19971
G1 X98.287 Y96.788 E1.24334
M73 P24 R21
G1 X97.708 Y97.255 E1.2956
G1 X97.17 Y97.929 E1.35618
G1 X96.736 Y98.949 E1.43405
G1 X96.64 Y99.731 E1.4894
G1 X96.706 Y100.445 E1.53977
G1 X96.842 Y100.9 E1.57313
G1 X97.038 Y100.653 E1.59528
G1 X97.475 Y100.312 E1.63422
G1 X97.912 Y100.097 E1.66843
G1 X98.785 Y99.925 E1.73094
G1 X99.222 Y100.01 E1.76221
G1 X99.659 Y100.354 E1.80128
G1 X100.532 Y101.453 E1.89988
G1 X100.969 Y101.794 E1.93882
G1 X101.406 Y102.009 E1.97303
G1 X102.279 Y102.181 E2.03554
G1 X102.716 Y102.096 E2.06681
G1 X103.153 Y101.752 E2.10588
G1 X104.026 Y100.653 E2.20448
G1 X104.463 Y100.312 E2.24342
G1 X104.9 Y100.097 E2.27763
G1 X105.774 Y99.925 E2.34021
G1 X106.21 Y100.01 E2.37142
G1 X106.647 Y100.354 E2.41049
G1 X107.521 Y101.453 E2.50913
G1 X107.957 Y101.794 E2.54801
G1 X108.394 Y102.009 E2.58222
G1 X109.268 Y102.181 E2.6448
G1 X109.705 Y102.096 E2.67607
G1 X110.141 Y101.752 E2.71508
G1 X111.015 Y100.653 E2.81372
G1 X111.452 Y100.312 E2.85266
G1 X111.888 Y100.097 E2.88681
G1 X112.762 Y99.925 E2.94939
G1 X112.938 Y99.959 E2.96198
G1 X112.587 Y101.499 E3.07294
G1 X112.455 Y101.779 E3.09469
G1 X112.043 Y102.144 E3.13336
;LAYER_CHANGE
;Z:5.15
;HEIGHT:0.2
G92 E0
G1 Z5.15 F7800
G1 X103.753 Y97.632
;TYPE:Perimeter
;WIDTH:0.449999
G1 F884.349
G1 X104.03 Y97.722 E.01144
G1 X104.67 Y97.809 E.0368
G1 X105.206 Y97.782 E.05787
G1 X105.499 Y97.653 E.07044
G1 X106.248 Y97.171 E.10541
G1 X107.259 Y96.704 E.14914
G1 X108.246 Y96.314 E.19081
G1 X108.773 Y96.187 E.21209
G1 X109.221 Y96.158 E.22972
G1 X109.793 Y96.158 E.25218
G1 X110.336 Y96.205 E.27358
M73 Q24 S21
G1 X111.114 Y96.473 E.30589
G1 X111.682 Y96.769 E.33104
G1 X112.086 Y97.091 E.35133
G1 X112.438 Y97.524 E.37324
G1 X112.712 Y97.971 E.39383
G1 X112.937 Y98.419 E.41351
G1 X113.123 Y98.975 E.43653
G1 X113.201 Y99.638 E.46274
G1 X112.973 Y100.912 E.51356
G1 X112.777 Y101.599 E.54161
G1 X112.467 Y102.018 E.56208
G1 X111.826 Y102.547 E.59471
G1 X110.895 Y103.184 E.639
G1 X110.062 Y103.847 E.6808
G1 X109.279 Y104.672 E.72546
G1 X108.986 Y105.119 E.74645
G1 X108.627 Y105.734 E.77441
G1 X107.532 Y107.834 E.8674
G1 X107.235 Y108.281 E.88847
G1 X106.878 Y108.599 E.90724
G1 X105.879 Y109.173 E.95248
G1 X105.331 Y109.346 E.97504
G1 X104.836 Y109.392 E.99456
G1 X104.228 Y109.345 E1.0185
G1 X103.689 Y109.233 E1.04012
G1 X103.081 Y109.025 E1.06535
G1 X102.625 Y108.669 E1.08806
G1 X102.205 Y108.181 E1.11334
G1 X101.416 Y107.062 E1.1671
G1 X101.051 Y106.506 E1.19321
G1 X100.916 Y106.13 E1.2089
G1 X100.767 Y105.595 E1.23071
G1 X100.507 Y104.923 E1.259
G1 X100.186 Y104.497 E1.27994
G1 X99.589 Y103.949 E1.31176
G1 X98.96 Y103.544 E1.34113
G1 X98.498 Y103.203 E1.36368
G1 X97.436 Y102.319 E1.41793
G1 X97.198 Y102.025 E1.43278
G1 X96.893 Y101.574 E1.45416
G1 X96.667 Y101.03 E1.47729
G1 X96.51 Y100.429 E1.50168
G1 X96.448 Y99.78 E1.52728
G1 X96.474 Y99.449 E1.54032
G1 X96.568 Y98.876 E1.56312
G1 X96.896 Y98.027 E1.59886
G1 X97.409 Y97.293 E1.63402
G1 X97.988 Y96.756 E1.66503
G1 X98.424 Y96.472 E1.68546
G1 X99.065 Y96.2 E1.7128
G1 X99.612 Y96.037 E1.73521
G1 X100.371 Y95.952 E1.7652
G1 X100.979 Y95.991 E1.78912
G1 X101.564 Y96.126 E1.81269
G1 X102.047 Y96.31 E1.83298
G1 X102.341 Y96.505 E1.84683
G1 X103.251 Y97.271 E1.89353
G1 X103.698 Y97.609 E1.91553
G1 X103.927 Y97.258 F7800
G1 F884.349
G1 X104.09 Y97.319 E1.92236
G1 X104.602 Y97.395 E1.94268
G1 X105.031 Y97.403 E1.95953
G1 X105.279 Y97.311 E1.96992
G1 X106.051 Y96.813 E2.00599
G1 X107.098 Y96.33 E2.05126
G1 X108.123 Y95.925 E2.09453
G1 X108.712 Y95.783 E2.11832
G1 X109.376 Y95.74 E2.14445
G1 X109.925 Y95.754 E2.16601
G1 X110.424 Y95.805 E2.18571
G1 X111.275 Y96.098 E2.22105
G1 X111.904 Y96.425 E2.24889
G1 X112.462 Y96.885 E2.27728
G1 X112.775 Y97.294 E2.2975
G1 X113.208 Y98.002 E2.33009
G1 X113.364 Y98.387 E2.3464
G1 X113.563 Y99.053 E2.37369
G1 X113.608 Y99.677 E2.39825
G1 X113.329 Y101.148 E2.45704
G1 X113.1 Y101.87 E2.48678
G1 X112.76 Y102.303 E2.5084
G1 X112.071 Y102.873 E2.54351
G1 X111.145 Y103.505 E2.58753
G1 X110.357 Y104.127 E2.62695
G1 X109.574 Y104.953 E2.67164
G1 X108.988 Y105.922 E2.7161
G1 X107.893 Y108.022 E2.80909
G1 X107.538 Y108.556 E2.83427
G1 X107.119 Y108.929 E2.8563
G1 X106.165 Y109.491 E2.89977
G1 X105.664 Y109.679 E2.92078
G1 X105.117 Y109.792 E2.94271
G1 X104.584 Y109.805 E2.96364
G1 X103.858 Y109.69 E2.9925
G1 X103.265 Y109.529 E3.01663
G1 X102.789 Y109.325 E3.03696
G1 X102.334 Y108.955 E3.05999
G1 X101.884 Y108.432 E3.08708
G1 X100.964 Y107.128 E3.14974
G1 X100.68 Y106.68 E3.17057
G1 X100.528 Y106.253 E3.18837
G1 X100.38 Y105.724 E3.20994
G1 X100.22 Y105.249 E3.22962
G1 X99.904 Y104.79 E3.2515
G1 X99.369 Y104.292 E3.2802
G1 X98.728 Y103.879 E3.31014
G1 X98.247 Y103.524 E3.33361
G1 X97.144 Y102.606 E3.38996
G1 X96.881 Y102.281 E3.40638
M73 P25 R21
G1 X96.53 Y101.761 E3.43101
G1 X96.28 Y101.16 E3.45657
G1 X96.108 Y100.5 E3.48335
G1 X96.04 Y99.784 E3.51159
G1 X96.068 Y99.418 E3.526
G1 X96.175 Y98.763 E3.55206
G1 X96.531 Y97.84 E3.5909
G1 X96.802 Y97.425 E3.61036
M73 Q25 S21
G1 X97.105 Y97.02 E3.63022
G1 X97.737 Y96.434 E3.66406
G1 X98.232 Y96.112 E3.68725
G1 X99.143 Y95.725 E3.72611
G1 X99.544 Y95.635 E3.74225
G1 X100.362 Y95.543 E3.77457
G1 X101.038 Y95.587 E3.80117
G1 X101.683 Y95.735 E3.82715
G1 X102.234 Y95.945 E3.8503
G1 X102.795 Y96.317 E3.87673
G1 X103.347 Y96.823 E3.90613
G1 X103.849 Y97.229 E3.93148
G1 X103.87 Y97.237 E3.93236
G1 X104.11 Y96.859 F7800
;TYPE:External perimeter
G1 F884.349
G1 X104.522 Y97.149 E3.95214
G1 X105.219 Y96.832 E3.9822
G1 X105.679 Y96.59 E4.00261
G1 X106.231 Y96.239 E4.02829
G1 X106.858 Y95.9 E4.05628
G1 X107.347 Y95.701 E4.07701
G1 X107.842 Y95.64 E4.09659
G1 X108.362 Y95.54 E4.11738
G1 X109.005 Y95.336 E4.14387
G1 X110.247 Y95.188 E4.19298
G1 X110.913 Y95.48 E4.22153
G1 X111.599 Y95.597 E4.24885
G1 X112 Y96.119 E4.2747
G1 X112.623 Y96.471 E4.3028
G1 X112.95 Y97.127 E4.33158
G1 X113.478 Y97.444 E4.35576
G1 X113.849 Y98.105 E4.38552
G1 X113.931 Y98.805 E4.41319
G1 X114.18 Y99.525 E4.4431
G1 X113.824 Y100.105 E4.46982
G1 X113.842 Y100.584 E4.48864
G1 X113.594 Y101.093 E4.51087
G1 X113.401 Y101.653 E4.53413
G1 X113.392 Y102.48 E4.5666
G1 X112.928 Y102.948 E4.59248
G1 X112.442 Y103.093 E4.61239
G1 X111.983 Y103.503 E4.63656
G1 X111.436 Y103.664 E4.65895
G1 X110.841 Y104.101 E4.68794
G1 X110.437 Y104.488 E4.70991
G1 X109.673 Y105.382 E4.75608
G1 X109.441 Y106.107 E4.78597
G1 X109.136 Y106.687 E4.8117
G1 X108.937 Y107.212 E4.83375
G1 X108.646 Y107.725 E4.85691
G1 X108.124 Y108.095 E4.88203
G1 X107.951 Y108.692 E4.90644
G1 X107.41 Y109.143 E4.9341
G1 X106.835 Y109.537 E4.96147
G1 X105.75 Y109.995 E5.00771
G1 X105.224 Y110.146 E5.0292
G1 X104.616 Y110.387 E5.05488
G1 X104.002 Y110.275 E5.07939
G1 X103.573 Y110.099 E5.0976
G1 X102.968 Y109.659 E5.12697
G1 X102.395 Y109.622 E5.14952
G1 X102.022 Y108.978 E5.17874
G1 X101.602 Y108.642 E5.19986
G1 X101.445 Y108.201 E5.21824
G1 X101.134 Y107.754 E5.23962
G1 X100.717 Y107.404 E5.261
G1 X100.437 Y106.769 E5.28825
G1 X100.072 Y106.359 E5.3098
G1 X100.06 Y105.688 E5.33615
G1 X99.647 Y105.175 E5.36201
G1 X99.247 Y104.707 E5.38618
G1 X98.593 Y104.37 E5.41507
G1 X98.117 Y104.051 E5.43757
G1 X97.145 Y103.127 E5.49023
G1 X96.651 Y102.791 E5.51369
G1 X96.381 Y102.282 E5.53631
G1 X96.041 Y101.911 E5.55607
G1 X95.878 Y101.449 E5.57531
G1 X95.9 Y100.921 E5.59606
G1 X95.579 Y100.492 E5.6171
G1 X95.468 Y99.925 E5.63979
G1 X95.822 Y99.252 E5.66965
G1 X95.91 Y98.647 E5.69366
G1 X96.037 Y98.145 E5.71399
G1 X96.612 Y97.07 E5.76186
G1 X96.912 Y96.613 E5.78332
G1 X97.262 Y96.133 E5.80665
G1 X97.943 Y95.851 E5.83559
G1 X98.45 Y95.475 E5.86037
G1 X98.906 Y95.333 E5.87912
G1 X99.367 Y95.268 E5.8974
G1 X100.027 Y95.28 E5.92332
G1 X100.5 Y95.149 E5.94259
G1 X100.978 Y95.347 E5.9629
G1 X101.585 Y95.462 E5.98716
G1 X102.304 Y95.347 E6.01575
G1 X102.659 Y95.971 E6.04394
G1 X103.662 Y96.406 E6.08687
G1 X104.068 Y96.817 E6.10955
G1 X104.39 Y97.054 F7800
G1 X103.248 Y97.623
;TYPE:Solid infill
;WIDTH:0.442838
G1 F900.185
G1 X103.596 Y97.896 E6.12661
;WIDTH:0.479265
G1 F825.036
G1 X103.754 Y97.959 E6.13377
;WIDTH:0.515692
G1 F761.467
G1 X103.911 Y98.022 E6.14148
;WIDTH:0.552118
G1 F706.994
G1 X104.069 Y98.085 E6.14983
G1 X104.637 Y98.163 E6.17799
;WIDTH:0.551682
G1 F707.6
G1 X105.242 Y98.12 E6.20775
;WIDTH:0.522606
G1 F750.491
G1 X105.584 Y97.971 E6.22501
;WIDTH:0.514586
G1 F763.252
G1 X106.288 Y97.527 E6.26288
G1 X107.383 Y96.996 E6.31824
;WIDTH:0.474572
G1 F834.005
G1 X108.341 Y96.613 E6.3612
;WIDTH:0.464474
G1 F853.983
G1 X108.82 Y96.491 E6.3813
;WIDTH:0.454906
G1 F873.816
G1 X109.39 Y96.456 E6.40399
G1 X109.987 Y96.465 E6.42772
;WIDTH:0.427744
G1 F935.493
G1 X110.747 Y96.648 E6.45674
;WIDTH:0.421466
G1 F951.007
G1 X111.522 Y97.013 E6.48802
;WIDTH:0.437078
G1 F913.339
G1 X111.941 Y97.366 E6.50885
G1 X112.192 Y97.693 E6.52452
;WIDTH:0.46856
G1 F845.785
G1 X112.561 Y98.328 E6.55467
G1 X112.765 Y98.798 E6.5757
;WIDTH:0.454596
G1 F874.474
G1 X112.858 Y99.179 E6.59127
G1 X112.906 Y99.614 E6.60865
;LAYER_CHANGE
;Z:5.35
;HEIGHT:0.2
G92 E0
G1 Z5.35 F7800
G1 X103.732 Y97.767
;TYPE:Perimeter
;WIDTH:0.449999
G1 F884.349
G1 X103.805 Y97.809 E.00331
G1 X104.284 Y98.007 E.02366
G1 X104.648 Y98.024 E.03797
G1 X105.174 Y97.933 E.05893
G1 X105.536 Y97.795 E.07414
G1 X106.22 Y97.371 E.10574
G1 X106.692 Y97.134 E.12648
G1 X107.351 Y96.842 E.15478
G1 X108.311 Y96.47 E.19521
G1 X108.847 Y96.317 E.2171
G1 X109.896 Y96.296 E.2583
G1 X110.37 Y96.389 E.27727
G1 X110.927 Y96.552 E.30006
G1 X111.665 Y96.916 E.33237
G1 X111.991 Y97.182 E.34889
G1 X112.265 Y97.522 E.36604
G1 X112.659 Y98.175 E.39599
G1 X112.928 Y98.823 E.42354
G1 X112.987 Y99.119 E.43539
G1 X113.06 Y99.888 E.46572
G1 X112.914 Y100.761 E.50047
G1 X112.689 Y101.487 E.53031
G1 X112.567 Y101.647 E.53821
G1 X112.199 Y102.029 E.55904
G1 X111.114 Y102.883 E.61326
G1 X110.698 Y103.168 E.63306
G1 X110.295 Y103.482 E.65312
G1 X109.901 Y103.867 E.67475
G1 X109.641 Y104.208 E.69159
G1 X109.149 Y104.757 E.72054
G1 X108.692 Y105.544 E.75627
G1 X107.543 Y107.783 E.85508
G1 X107.253 Y108.226 E.87587
G1 X106.834 Y108.604 E.89803
G1 X106.291 Y108.922 E.92274
G1 X105.778 Y109.189 E.94545
G1 X105.226 Y109.324 E.96776
G1 X104.698 Y109.355 E.98853
G1 X104.189 Y109.315 E1.00858
G1 X103.661 Y109.201 E1.02979
G1 X103.099 Y109.009 E1.05311
G1 X102.63 Y108.647 E1.07637
G1 X102.25 Y108.193 E1.09962
G1 X101.253 Y106.779 E1.16755
G1 X101.024 Y106.315 E1.18787
G1 X100.629 Y105.043 E1.24017
G1 X100.37 Y104.559 E1.26172
G1 X100.151 Y104.294 E1.27522
G1 X99.706 Y103.915 E1.29817
G1 X98.947 Y103.375 E1.33474
G1 X98.101 Y102.739 E1.3763
G1 X97.499 Y102.19 E1.40829
G1 X97.141 Y101.747 E1.43065
G1 X96.769 Y100.958 E1.4649
G1 X96.681 Y100.611 E1.47896
G1 X96.596 Y100.088 E1.49976
G1 X96.598 Y99.541 E1.52124
G1 X96.684 Y98.924 E1.5457
G1 X96.985 Y98.158 E1.57802
G1 X97.389 Y97.543 E1.60691
G1 X98.075 Y96.856 E1.64503
G1 X98.773 Y96.425 E1.67724
G1 X99.361 Y96.215 E1.70176
G1 X100.323 Y96.085 E1.73988
G1 X100.908 Y96.115 E1.76288
G1 X101.498 Y96.25 E1.78664
G1 X102.067 Y96.447 E1.81028
G1 X102.455 Y96.743 E1.82944
G1 X103.512 Y97.64 E1.88387
G1 X103.68 Y97.737 E1.89149
G1 X103.898 Y97.404 F7800
G1 F884.349
G1 X103.907 Y97.411 E1.89194
G1 X104.375 Y97.611 E1.91192
G1 X104.593 Y97.62 E1.92049
G1 X105.105 Y97.532 E1.94089
G1 X105.322 Y97.449 E1.95001
G1 X106.021 Y97.015 E1.98232
G1 X106.518 Y96.766 E2.00415
G1 X107.195 Y96.466 E2.03323
G1 X108.31 Y96.034 E2.08018
G1 X108.812 Y95.911 E2.10047
G1 X109.931 Y95.888 E2.14442
G1 X110.449 Y95.99 E2.16515
G1 X111.084 Y96.176 E2.19113
G1 X111.887 Y96.571 E2.22627
G1 X112.281 Y96.894 E2.24627
G1 X112.599 Y97.288 E2.26615
G1 X113.023 Y97.991 E2.29838
G1 X113.319 Y98.704 E2.32869
G1 X113.413 Y99.175 E2.34755
G1 X113.468 Y99.919 E2.37684
G1 X113.311 Y100.856 E2.41414
G1 X113.057 Y101.676 E2.44785
G1 X112.826 Y101.979 E2.46281
G1 X112.471 Y102.333 E2.48249
G1 X111.469 Y103.134 E2.53286
G1 X110.948 Y103.49 E2.55764
G1 X110.547 Y103.802 E2.57759
G1 X110.189 Y104.155 E2.59733
G1 X109.956 Y104.469 E2.61268
G1 X109.501 Y104.963 E2.63905
G1 X109.054 Y105.73 E2.67391
G1 X107.905 Y107.969 E2.77272
G1 X107.557 Y108.499 E2.79762
G1 X107.076 Y108.934 E2.82308
G1 X106.086 Y109.497 E2.8678
G1 X105.587 Y109.662 E2.88844
G1 X105.074 Y109.761 E2.90895
G1 X104.409 Y109.763 E2.93506
G1 X103.964 Y109.691 E2.95276
G1 X103.406 Y109.559 E2.97527
G1 X102.795 Y109.301 E3.00131
G1 X102.338 Y108.932 E3.02437
G1 X101.927 Y108.442 E3.04948
G1 X101.02 Y107.155 E3.1113
G1 X100.729 Y106.698 E3.13257
G1 X100.248 Y105.186 E3.19487
G1 X100.016 Y104.761 E3.21388
G1 X99.885 Y104.602 E3.22197
G1 X99.47 Y104.247 E3.24341
G1 X98.706 Y103.704 E3.28021
G1 X97.841 Y103.053 E3.32272
G1 X97.202 Y102.47 E3.35668
G1 X96.793 Y101.965 E3.3822
G1 X96.384 Y101.096 E3.41991
G1 X96.213 Y100.419 E3.44733
G1 X96.172 Y99.892 E3.46808
G1 X96.201 Y99.325 E3.49037
G1 X96.29 Y98.814 E3.51074
G1 X96.622 Y97.97 E3.54635
G1 X97.072 Y97.285 E3.57853
G1 X97.82 Y96.534 E3.62015
G1 X98.595 Y96.057 E3.65588
G1 X99.289 Y95.814 E3.68475
G1 X100.306 Y95.676 E3.72505
G1 X100.965 Y95.71 E3.75096
G1 X101.775 Y95.896 E3.78359
G1 X102.263 Y96.087 E3.80417
G1 X102.725 Y96.438 E3.82695
G1 X103.147 Y96.813 E3.84912
G1 X103.851 Y97.367 E3.88429
G1 X104.034 Y97.12 F7800
;TYPE:External perimeter
G1 F884.349
G1 X104.269 Y97.278 E3.89541
G1 X104.824 Y97.052 E3.91894
G1 X105.239 Y96.914 E3.93611
G1 X105.636 Y96.635 E3.95516
G1 X106.1 Y96.421 E3.97522
G1 X107.294 Y96.154 E4.02326
G1 X107.833 Y95.958 E4.04578
G1 X108.293 Y95.751 E4.06559
G1 X108.827 Y95.668 E4.08681
G1 X109.524 Y95.505 E4.11492
G1 X110.026 Y95.609 E4.13505
G1 X111.168 Y95.724 E4.18012
G1 X111.585 Y96.041 E4.20069
G1 X111.985 Y96.291 E4.21921
G1 X112.602 Y96.426 E4.24401
G1 X113.295 Y97.374 E4.29012
G1 X113.452 Y98.136 E4.32067
G1 X113.807 Y98.604 E4.34373
G1 X113.957 Y99.895 E4.39476
G1 X113.608 Y100.536 E4.42342
G1 X113.753 Y101.312 E4.45442
G1 X113.444 Y101.763 E4.47589
G1 X113.086 Y102.144 E4.49642
G1 X112.735 Y102.597 E4.51892
G1 X112.212 Y102.889 E4.54244
G1 X111.952 Y103.507 E4.56877
G1 X111.377 Y103.568 E4.59147
G1 X110.8 Y103.99 E4.61954
G1 X110.512 Y104.473 E4.64162
G1 X110.075 Y105.058 E4.67029
G1 X109.664 Y105.426 E4.69195
G1 X109.495 Y106.087 E4.71874
G1 X109.212 Y106.552 E4.74011
G1 X108.784 Y106.98 E4.76388
G1 X108.583 Y107.675 E4.79229
G1 X108.288 Y108.322 E4.82021
G1 X107.266 Y109.332 E4.87663
G1 X106.66 Y109.753 E4.9056
G1 X105.913 Y109.899 E4.93549
G1 X105.376 Y110.182 E4.95932
G1 X104.706 Y110.129 E4.98571
G1 X104.134 Y109.96 E5.00913
G1 X103.512 Y109.947 E5.03356
G1 X103.02 Y110.021 E5.0531
G1 X102.636 Y109.67 E5.07353
G1 X102.051 Y109.425 E5.09843
G1 X101.71 Y109.053 E5.11824
G1 X100.987 Y108.04 E5.16711
G1 X100.454 Y107.057 E5.21102
G1 X100.041 Y105.994 E5.2558
G1 X100.035 Y105.44 E5.27755
G1 X99.701 Y104.99 E5.29955
G1 X99.163 Y104.496 E5.32823
G1 X98.231 Y103.759 E5.37488
G1 X97.88 Y103.363 E5.39566
G1 X97.194 Y103.098 E5.42454
G1 X96.752 Y102.503 E5.45364
G1 X96.23 Y102.175 E5.47785
G1 X96.222 Y101.451 E5.50628
G1 X95.705 Y100.878 E5.53658
G1 X95.662 Y100.248 E5.56137
G1 X95.841 Y99.545 E5.58985
G1 X95.677 Y98.807 E5.61953
G1 X95.898 Y98.2 E5.64489
G1 X96.223 Y97.602 E5.67161
G1 X96.77 Y97.282 E5.69649
G1 X96.84 Y96.663 E5.72095
G1 X97.961 Y95.949 E5.77314
G1 X98.539 Y95.609 E5.79947
G1 X99.079 Y95.509 E5.82103
G1 X100.302 Y95.46 E5.86909
G1 X100.852 Y95.379 E5.89092
G1 X101.527 Y95.432 E5.91751
G1 X101.955 Y95.658 E5.93651
G1 X102.471 Y95.747 E5.95707
G1 X102.796 Y96.229 E5.9799
G1 X103.355 Y96.31 E6.00208
G1 X103.672 Y96.876 E6.02755
G1 X103.984 Y97.086 E6.04232
G1 X104.359 Y97.227 F7800
G1 X104.654 Y98.84
;TYPE:Internal infill
;WIDTH:0.45
;HEIGHT:0.4
G1 F494.289
G1 X105.099 Y98.829 E6.07359
G1 X105.654 Y98.667 E6.11421
G1 X106.882 Y97.96 E6.21375
G1 X107.084 Y98.138 E6.23266
G1 X107.521 Y98.362 E6.26716
G1 X107.957 Y98.45 E6.29841
G1 X108.394 Y98.441 E6.32912
G1 X108.831 Y98.343 E6.36058
G1 X109.268 Y98.14 E6.39443
G1 X109.705 Y97.804 E6.43315
G1 X110.38 Y97.154 E6.49898
G1 X111.101 Y97.448 E6.55368
G1 X111.507 Y97.76 E6.58965
G1 X111.766 Y98.091 E6.61918
G1 X112.162 Y98.849 E6.67926
G1 X112.327 Y99.593 E6.7328
M73 P26 R21
G1 X112.313 Y100.161 E6.77271
G1 X111.888 Y100.171 E6.80257
G1 X111.452 Y100.269 E6.83396
G1 X111.015 Y100.472 E6.86781
G1 X110.578 Y100.808 E6.90653
M73 Q26 S21
G1 X109.705 Y101.632 E6.99086
G1 X109.268 Y101.856 E7.02536
G1 X108.831 Y101.945 E7.05669
G1 X108.394 Y101.935 E7.0874
G1 X107.957 Y101.837 E7.11886
G1 X107.521 Y101.634 E7.15265
G1 X107.084 Y101.298 E7.19137
G1 X106.21 Y100.474 E7.27575
G1 X105.774 Y100.249 E7.31022
G1 X105.337 Y100.161 E7.34154
G1 X104.9 Y100.171 E7.37225
G1 X104.463 Y100.269 E7.40371
G1 X104.026 Y100.472 E7.43756
G1 X103.59 Y100.808 E7.47623
G1 X102.716 Y101.632 E7.56061
G1 X102.279 Y101.856 E7.59511
G1 X101.843 Y101.945 E7.62637
G1 X101.406 Y101.935 E7.65708
G1 X100.969 Y101.837 E7.68854
G1 X100.532 Y101.634 E7.72239
G1 X100.095 Y101.298 E7.76111
G1 X99.222 Y100.474 E7.84544
G1 X98.785 Y100.249 E7.87997
G1 X98.348 Y100.161 E7.91129
G1 X97.912 Y100.171 E7.94193
G1 X97.349 Y100.327 E7.98297
G1 X97.314 Y99.357 E8.05116
G1 X97.602 Y98.517 E8.11354
G1 X97.818 Y98.137 E8.14425
G1 X98.307 Y97.578 E8.19642
G1 X98.973 Y97.122 E8.25312
G1 X100.095 Y98.138 E8.35945
G1 X100.532 Y98.362 E8.39395
G1 X100.969 Y98.45 E8.42527
G1 X101.406 Y98.441 E8.45598
G1 X101.843 Y98.343 E8.48744
G1 X102.279 Y98.14 E8.52123
G1 X102.663 Y97.844 E8.55529
G1 X101.932 Y97.199 E8.62377
G1 X101.598 Y97.029 E8.6501
G1 X101.054 Y96.855 E8.69022
G1 X100.535 Y96.814 E8.72679
G92 E0
G1 X100.195 Y103.45 F7800
G1 F494.289
G1 X100.5 Y103.743 E.02971
G1 X100.272 Y103.995 E.05358
G1 X100.633 Y104.405 E.09196
G1 X100.889 Y104.869 E.12919
G1 X101.083 Y105.436 E.17129
G1 X101.843 Y105.331 E.22519
G1 X102.279 Y105.128 E.25898
G1 X102.716 Y104.792 E.2977
G1 X103.59 Y103.968 E.38208
G1 X104.026 Y103.744 E.41651
G1 X104.463 Y103.655 E.44784
G1 X104.9 Y103.665 E.47855
G1 X105.337 Y103.763 E.51001
G1 X105.774 Y103.966 E.54386
G1 X106.21 Y104.302 E.58253
G1 X107.084 Y105.126 E.66691
G1 X107.521 Y105.351 E.70144
G1 X107.957 Y105.439 E.73269
G1 X108.409 Y105.426 E.76446
G1 X107.21 Y107.763 E.94898
G1 X106.916 Y108.118 E.98136
G1 X106.21 Y107.462 E1.04906
G1 X105.774 Y107.238 E1.08349
G1 X105.337 Y107.15 E1.11481
G1 X104.9 Y107.159 E1.14552
G1 X104.463 Y107.257 E1.17698
G1 X104.026 Y107.46 E1.21083
G1 X103.59 Y107.796 E1.2495
G1 X102.889 Y108.468 E1.31772
G1 X103.233 Y108.733 E1.34822
G1 X103.614 Y108.876 E1.37681
G1 X104.466 Y109.05 E1.4379
G1 X105.193 Y109.02 E1.48901
G92 E0
G1 X99.956 Y103.762 F7800
;TYPE:Solid infill
;WIDTH:0.440228
;HEIGHT:0.2
G1 F906.098
G1 X98.535 Y102.691 E.06819
;WIDTH:0.444746
G1 F895.91
G1 X97.72 Y101.982 E.11006
;WIDTH:0.451978
G1 F880.071
G1 X97.402 Y101.583 E.13019
;WIDTH:0.460266
G1 F862.594
G1 X97.062 Y100.853 E.16261
;WIDTH:0.466094
G1 F850.714
G1 X96.927 Y100.302 E.18577
G1 X96.893 Y99.883 E.20293
;WIDTH:0.463208
G1 F856.555
G1 X96.915 Y99.339 E.225
;WIDTH:0.435844
G1 F916.208
G1 X97.006 Y98.918 E.24132
;WIDTH:0.443192
G1 F899.388
G1 X97.231 Y98.357 E.26466
G1 X97.488 Y97.922 E.28417
;WIDTH:0.421724
G1 F950.36
G1 X98.023 Y97.313 E.31379
G1 X98.567 Y96.895 E.33886
;WIDTH:0.422722
G1 F947.862
G1 X99.102 Y96.616 E.36096
;WIDTH:0.471202
G1 F840.568
G1 X99.424 Y96.525 E.37478
G1 X100.232 Y96.397 E.40857
;WIDTH:0.463392
G1 F856.181
G1 X100.865 Y96.425 E.43427
G1 X101.563 Y96.584 E.4633
;WIDTH:0.465826
G1 F851.253
G1 X101.909 Y96.722 E.47849
G1 X102.68 Y97.334 E.51864
;WIDTH:0.460502
G1 F862.107
G1 X102.905 Y97.542 E.53098
;WIDTH:0.495947
G1 F794.655
G1 X103.13 Y97.749 E.54434
;WIDTH:0.531392
G1 F736.992
G1 X103.355 Y97.956 E.55874
;WIDTH:0.53399
G1 F733.093
G1 X103.962 Y98.264 E.59098
G1 X104.418 Y98.373 E.61319
;WIDTH:0.572654
G1 F679.586
G1 X104.72 Y98.358 E.62864
;WIDTH:0.617912
G1 F626.096
G1 X105.023 Y98.342 E.64547
G1 X105.269 Y98.276 E.6596
;WIDTH:0.592377
G1 F655.192
G1 X105.514 Y98.211 E.67303
;WIDTH:0.566842
G1 F687.125
G1 X106.05 Y97.89 E.7046
;WIDTH:0.562296
G1 F693.139
G1 X106.521 Y97.624 E.7317
G1 X107.481 Y97.155 E.78522
;WIDTH:0.517264
G1 F758.943
G1 X107.714 Y97.051 E.79689
;WIDTH:0.490945
G1 F803.527
G1 X107.947 Y96.947 E.80792
;WIDTH:0.494622
G1 F796.986
G1 X108.536 Y96.734 E.83521
G1 X109.098 Y96.626 E.86014
;WIDTH:0.48128
G1 F821.243
G1 X109.783 Y96.619 E.8891
G1 X110.285 Y96.693 E.91055
;WIDTH:0.490836
G1 F803.722
G1 X110.802 Y96.854 E.93394
G1 X111.279 Y97.074 E.95663
;WIDTH:0.49205
G1 F801.55
G1 X111.758 Y97.413 E.98205
G1 X112.097 Y97.844 E1.0058
;WIDTH:0.490984
G1 F803.457
G1 X112.368 Y98.322 E1.02955
G1 X112.615 Y98.918 E1.05743
;WIDTH:0.490398
G1 F804.509
G1 X112.737 Y99.499 E1.08305
;WIDTH:0.478264
G1 F826.932
G1 X112.717 Y99.913 E1.10045
;WIDTH:0.444928
G1 F895.505
G1 X112.697 Y100.326 E1.11648
;WIDTH:0.430974
G1 F927.706
G1 X112.573 Y100.863 E1.13711
;WIDTH:0.45774
G1 F867.846
G1 X112.48 Y101.102 E1.14737
;WIDTH:0.484506
G1 F815.243
G1 X112.387 Y101.342 E1.15833
;WIDTH:0.499754
G1 F788.032
G1 X111.974 Y101.786 E1.18505
G1 X111.593 Y102.112 E1.20715
;WIDTH:0.487686
G1 F809.414
G1 X110.578 Y102.872 E1.26155
;WIDTH:0.462546
G1 F857.907
G1 X110.431 Y102.984 E1.26903
;LAYER_CHANGE
;Z:5.55
;HEIGHT:0.2
G92 E0
G1 Z5.55 F7800
G1 X103.498 Y97.847
;TYPE:Perimeter
;WIDTH:0.449999
G1 F884.349
G1 X103.98 Y98.119 E.02173
G1 X104.265 Y98.218 E.03358
G1 X105.142 Y98.207 E.06802
G1 X105.487 Y98.07 E.0826
G1 X106.136 Y97.66 E.11274
G1 X107.572 Y96.933 E.17594
G1 X108.572 Y96.55 E.21799
G1 X108.828 Y96.506 E.22819
G1 X109.48 Y96.462 E.25385
G1 X110.023 Y96.472 E.27517
G1 X110.777 Y96.651 E.3056
G1 X111.299 Y96.906 E.32841
G1 X111.681 Y97.131 E.34582
G1 X112.005 Y97.453 E.36376
G1 X112.348 Y97.972 E.38819
G1 X112.586 Y98.42 E.40811
G1 X112.802 Y98.933 E.42997
G1 X112.858 Y99.296 E.44439
G1 X112.9 Y100.127 E.47706
G1 X112.749 Y100.826 E.50514
G1 X112.527 Y101.44 E.53078
G1 X112.316 Y101.668 E.54298
G1 X111.517 Y102.372 E.58479
G1 X110.328 Y103.298 E.64396
G1 X109.817 Y103.809 E.67234
G1 X109.158 Y104.658 E.71454
G1 X108.758 Y105.352 E.74599
G1 X107.519 Y107.793 E.85347
G1 X107.273 Y108.168 E.87108
G1 X106.792 Y108.609 E.8967
G1 X106.099 Y109.013 E.9282
G1 X105.506 Y109.232 E.95302
G1 X104.978 Y109.325 E.97407
G1 X104.454 Y109.33 E.99465
G1 X104.092 Y109.271 E1.00905
G1 X103.504 Y109.139 E1.03271
G1 X103.012 Y108.93 E1.0537
G1 X102.631 Y108.622 E1.07294
G1 X102.259 Y108.175 E1.09577
G1 X101.817 Y107.576 E1.125
G1 X101.151 Y106.545 E1.17319
G1 X100.94 Y105.934 E1.19857
G1 X100.805 Y105.41 E1.21982
G1 X100.601 Y104.886 E1.2419
G1 X100.377 Y104.399 E1.26295
G1 X100.18 Y104.149 E1.27545
G1 X99.683 Y103.693 E1.30193
G1 X99.22 Y103.413 E1.32318
G1 X98.196 Y102.615 E1.37415
G1 X97.576 Y102.053 E1.40701
G1 X97.159 Y101.501 E1.43417
G1 X96.927 Y100.983 E1.45646
G1 X96.809 Y100.453 E1.47778
G1 X96.729 Y99.953 E1.49766
G1 X96.735 Y99.447 E1.51753
G1 X96.846 Y98.905 E1.53925
G1 X97.093 Y98.252 E1.56666
G1 X97.341 Y97.827 E1.58598
G1 X97.934 Y97.189 E1.62018
G1 X98.37 Y96.832 E1.64231
G1 X98.843 Y96.572 E1.6635
G1 X99.284 Y96.386 E1.68229
G1 X100.282 Y96.222 E1.722
G1 X101.062 Y96.282 E1.75272
G1 X101.527 Y96.409 E1.77165
G1 X102.126 Y96.651 E1.79702
G1 X103.08 Y97.457 E1.84606
G1 X103.449 Y97.813 E1.86619
G1 X103.741 Y97.52 F7800
G1 F884.349
G1 X103.769 Y97.546 E1.86769
G1 X104.213 Y97.779 E1.88738
G1 X104.5 Y97.826 E1.8988
G1 X105.001 Y97.817 E1.91847
G1 X105.27 Y97.725 E1.92963
G1 X105.935 Y97.306 E1.96049
G1 X107.407 Y96.56 E2.02529
G1 X108.464 Y96.155 E2.06973
G1 X108.959 Y96.072 E2.08944
G1 X109.467 Y96.055 E2.1094
G1 X110.084 Y96.068 E2.13363
G1 X110.915 Y96.266 E2.16717
G1 X111.764 Y96.681 E2.20428
G1 X112.102 Y96.94 E2.221
G1 X112.467 Y97.367 E2.24306
G1 X112.947 Y98.232 E2.2819
G1 X113.198 Y98.826 E2.30722
G1 X113.268 Y99.281 E2.3253
G1 X113.307 Y100.171 E2.36028
G1 X113.141 Y100.939 E2.39113
G1 X112.881 Y101.656 E2.42108
G1 X112.601 Y101.96 E2.43731
G1 X111.776 Y102.687 E2.48049
G1 X110.616 Y103.586 E2.53811
G1 X110.105 Y104.097 E2.56649
G1 X109.51 Y104.862 E2.60454
G1 X109.121 Y105.536 E2.6351
G1 X107.882 Y107.977 E2.74258
G1 X107.579 Y108.44 E2.76431
G1 X107.035 Y108.938 E2.79327
G1 X106.274 Y109.383 E2.82788
G1 X105.612 Y109.627 E2.85558
G1 X105.016 Y109.731 E2.87934
G1 X104.423 Y109.737 E2.90263
G1 X103.908 Y109.654 E2.92311
G1 X103.384 Y109.529 E2.94426
G1 X102.802 Y109.278 E2.96915
G1 X102.339 Y108.908 E2.99242
G1 X101.938 Y108.426 E3.01704
G1 X101.483 Y107.808 E3.04717
G1 X100.78 Y106.72 E3.09803
G1 X100.555 Y106.067 E3.12515
G1 X100.361 Y105.344 E3.15454
G1 X100.046 Y104.646 E3.18461
G1 X99.904 Y104.448 E3.19418
G1 X99.426 Y104.008 E3.21969
G1 X98.993 Y103.752 E3.23944
G1 X97.934 Y102.926 E3.29217
G1 X97.274 Y102.329 E3.32711
G1 X96.807 Y101.71 E3.35756
G1 X96.539 Y101.112 E3.38329
G1 X96.398 Y100.484 E3.40856
G1 X96.322 Y99.974 E3.42881
G1 X96.329 Y99.403 E3.45123
G1 X96.454 Y98.792 E3.47572
G1 X96.724 Y98.076 E3.50577
G1 X97.009 Y97.588 E3.52796
G1 X97.646 Y96.901 E3.56475
G1 X98.151 Y96.488 E3.59037
G1 X98.647 Y96.215 E3.6126
G1 X99.179 Y95.99 E3.63528
G1 X100.265 Y95.812 E3.67849
G1 X101.132 Y95.879 E3.71263
G1 X101.839 Y96.072 E3.74141
G1 X102.344 Y96.303 E3.76321
G1 X103.366 Y97.166 E3.81573
G1 X103.697 Y97.479 E3.83362
G1 X104.087 Y97.058 F7800
;TYPE:External perimeter
G1 F884.349
G1 X104.575 Y97.45 E3.8582
G1 X105.069 Y97.371 E3.87784
G1 X105.501 Y96.909 E3.90268
G1 X106.199 Y96.694 E3.93136
G1 X106.707 Y96.389 E3.95463
G1 X107.398 Y96.192 E3.98284
G1 X107.9 Y96.146 E4.00263
G1 X108.348 Y95.884 E4.02301
G1 X109.022 Y95.706 E4.05038
G1 X110.11 Y95.861 E4.09353
G1 X110.765 Y95.905 E4.11931
G1 X111.254 Y96.183 E4.1414
G1 X111.931 Y96.406 E4.16939
G1 X112.47 Y96.471 E4.19071
G1 X112.806 Y97.185 E4.22169
G1 X112.983 Y97.72 E4.24382
G1 X113.245 Y98.2 E4.26529
G1 X113.522 Y98.561 E4.28316
G1 X113.741 Y99.15 E4.30783
G1 X113.524 Y99.669 E4.32992
G1 X113.647 Y100.216 E4.35193
G1 X113.457 Y100.637 E4.37007
G1 X113.596 Y101.217 E4.39349
G1 X112.866 Y102.456 E4.44995
G1 X112.225 Y102.626 E4.47599
G1 X111.91 Y103.132 E4.49939
G1 X111.454 Y103.655 E4.52663
G1 X110.691 Y103.886 E4.55793
G1 X110.279 Y104.402 E4.58386
G1 X109.441 Y106.246 E4.66339
G1 X108.866 Y106.763 E4.69375
G1 X108.553 Y107.187 E4.71444
G1 X108.579 Y107.866 E4.74112
G1 X108.279 Y108.395 E4.765
G1 X107.849 Y108.759 E4.78712
G1 X107.253 Y109.037 E4.81294
G1 X106.967 Y109.505 E4.83448
G1 X106.292 Y109.706 E4.86213
G1 X105.744 Y110.197 E4.89102
G1 X105.122 Y110.328 E4.91598
G1 X104.404 Y110.251 E4.94433
G1 X103.892 Y109.968 E4.9673
G1 X103.288 Y109.942 E4.99104
M73 P27 R21
G1 X102.809 Y109.509 E5.01639
G1 X102.397 Y109.315 E5.03427
G1 X101.85 Y108.83 E5.06297
G1 X101.555 Y108.38 E5.0841
G1 X101.196 Y107.77 E5.11189
G1 X100.717 Y107.434 E5.13486
G1 X100.564 Y106.752 E5.1623
G1 X100.303 Y106.173 E5.18724
G1 X100.004 Y105.687 E5.20964
G1 X99.688 Y105.279 E5.2299
M73 Q27 S21
G1 X99.597 Y104.677 E5.25381
G1 X99.139 Y104.499 E5.2731
G1 X98.604 Y104.061 E5.30025
G1 X98.157 Y103.437 E5.33039
G1 X97.538 Y103.083 E5.35839
G1 X97.159 Y102.663 E5.3806
G1 X96.541 Y102.357 E5.40768
G1 X96.47 Y101.715 E5.43304
G1 X95.995 Y101.102 E5.46349
G1 X96.113 Y100.547 E5.48577
G1 X96.032 Y100.031 E5.50628
G1 X95.951 Y98.74 E5.55707
G1 X96.254 Y98.096 E5.58502
G1 X96.385 Y97.624 E5.60425
G1 X96.793 Y97.061 E5.63155
G1 X97.306 Y96.681 E5.65662
G1 X97.64 Y96.271 E5.67738
G1 X97.98 Y95.94 E5.69601
G1 X98.514 Y95.84 E5.71734
G1 X98.961 Y95.577 E5.7377
G1 X99.709 Y95.608 E5.7671
G1 X100.161 Y95.53 E5.78511
G1 X100.86 Y95.45 E5.81274
G1 X101.445 Y95.599 E5.83644
G1 X102.106 Y95.832 E5.86396
G1 X102.862 Y95.946 E5.89398
G1 X103.243 Y96.306 E5.91456
G1 X103.654 Y96.826 E5.94059
G1 X104.037 Y97.026 E5.95756
G1 X104.352 Y97.272 F7800
G92 E0
G1 X100.016 Y103.614
;TYPE:Solid infill
;WIDTH:0.4401
G1 F906.392
G1 X99.907 Y103.526 E.00537
;WIDTH:0.474487
G1 F834.17
G1 X99.798 Y103.437 E.01123
;WIDTH:0.508874
G1 F772.608
G1 X98.438 Y102.401 E.08807
;WIDTH:0.502378
G1 F783.532
G1 X97.822 Y101.828 E.12535
G1 X97.44 Y101.335 E.15299
;WIDTH:0.507322
G1 F775.19
G1 X97.246 Y100.877 E.17527
G1 X97.083 Y100.214 E.20585
;WIDTH:0.498394
G1 F790.385
G1 X97.066 Y99.476 E.23828
G1 X97.161 Y98.979 E.26051
;WIDTH:0.49056
G1 F804.218
G1 X97.37 Y98.441 E.28543
G1 X97.638 Y97.983 E.30834
;WIDTH:0.48757
G1 F809.626
G1 X97.968 Y97.598 E.33009
;WIDTH:0.463326
G1 F856.315
G1 X98.256 Y97.352 E.34545
;WIDTH:0.488388
G1 F808.139
G1 X98.545 Y97.106 E.36176
G1 X99.103 Y96.795 E.38921
;WIDTH:0.481366
G1 F821.082
G1 X99.366 Y96.695 E.40111
;WIDTH:0.503642
G1 F781.382
G1 X100.297 Y96.556 E.44294
G1 X101.005 Y96.607 E.47448
;WIDTH:0.499782
G1 F787.984
G1 X101.587 Y96.767 E.50108
G1 X101.949 Y96.933 E.51863
;WIDTH:0.499656
G1 F788.201
G1 X102.435 Y97.324 E.54611
;WIDTH:0.520392
G1 F753.971
G1 X102.785 Y97.669 E.56874
;WIDTH:0.557486
G1 F699.619
G1 X103.134 Y98.014 E.5931
;WIDTH:0.59528
G1 F651.749
G1 X103.362 Y98.216 E.60933
G1 X103.891 Y98.478 E.64078
;WIDTH:0.565126
G1 F689.383
G1 X104.401 Y98.583 E.66701
;WIDTH:0.54816
G1 F712.533
G1 X104.952 Y98.577 E.69386
G1 X105.575 Y98.41 E.72529
;WIDTH:0.570858
G1 F681.898
G1 X105.951 Y98.204 E.74712
;WIDTH:0.615314
G1 F628.937
G1 X106.787 Y97.75 E.79964
;WIDTH:0.587364
G1 F661.225
G1 X107.247 Y97.501 E.82711
;WIDTH:0.559414
G1 F697.007
G1 X107.717 Y97.26 E.85342
;WIDTH:0.555048
G1 F702.949
G1 X108.556 Y96.932 E.89792
;WIDTH:0.542898
G1 F720.032
G1 X109.189 Y96.81 E.92901
;WIDTH:0.528402
G1 F741.531
G1 X109.702 Y96.799 E.95304
;WIDTH:0.540954
G1 F722.842
G1 X110.513 Y96.949 E.99266
G1 X111.021 Y97.148 E1.01887
;WIDTH:0.543296
G1 F719.459
G1 X111.455 Y97.401 E1.04312
;WIDTH:0.57024
G1 F682.697
G1 X111.833 Y97.815 E1.07163
G1 X112.328 Y98.692 E1.12285
;WIDTH:0.55267
G1 F706.229
G1 X112.456 Y99.026 E1.14044
G1 X112.556 Y99.548 E1.16657
;WIDTH:0.544232
G1 F718.116
G1 X112.548 Y100.09 E1.19278
G1 X112.418 Y100.731 E1.22441
;WIDTH:0.543802
G1 X112.229 Y101.227 E1.25005
G1 X112.061 Y101.445 E1.26335
;WIDTH:0.548362
G1 F712.248
G1 X111.291 Y102.099 E1.3126
;WIDTH:0.570716
G1 F682.082
G1 X110.574 Y102.642 E1.35839
G1 X110.429 Y102.778 E1.36851
;WIDTH:0.534495
G1 F732.34
G1 X110.284 Y102.914 E1.37794
;WIDTH:0.498274
G1 F790.595
G1 X110.138 Y103.05 E1.3867
;WIDTH:0.462052
G1 F858.918
G1 X109.761 Y103.453 E1.40901
;LAYER_CHANGE
;Z:5.75
;HEIGHT:0.2
G92 E0
G1 Z5.75 F7800
G1 X103.412 Y98.075
;TYPE:Perimeter
;WIDTH:0.449999
G1 F884.349
G1 X103.432 Y98.098 E.0012
G1 X103.93 Y98.333 E.02282
G1 X104.331 Y98.435 E.03907
G1 X104.864 Y98.46 E.06002
G1 X105.359 Y98.361 E.07984
G1 X105.637 Y98.236 E.09181
G1 X106.089 Y97.947 E.11288
G1 X106.56 Y97.686 E.13402
G1 X107.956 Y96.967 E.19568
G1 X108.601 Y96.753 E.22236
G1 X109.132 Y96.644 E.24364
G1 X109.47 Y96.648 E.25691
G1 X110.085 Y96.691 E.28112
G1 X110.644 Y96.825 E.30369
G1 X111.3 Y97.109 E.33176
G1 X111.784 Y97.48 E.3557
G1 X112.096 Y97.878 E.37556
G1 X112.531 Y98.709 E.41239
G1 X112.663 Y99.247 E.43414
G1 X112.715 Y99.722 E.4529
G1 X112.699 Y100.358 E.47788
G1 X112.604 Y100.72 E.49258
G1 X112.411 Y101.212 E.51333
G1 X112.22 Y101.507 E.52713
G1 X111.576 Y102.093 E.56132
G1 X110.408 Y102.971 E.61869
G1 X109.625 Y103.88 E.6658
G1 X109.164 Y104.538 E.69735
G1 X108.824 Y105.159 E.72515
G1 X107.512 Y107.768 E.83981
G1 X107.245 Y108.175 E.85892
G1 X106.783 Y108.602 E.88362
G1 X106.155 Y108.961 E.91202
G1 X105.483 Y109.201 E.94004
G1 X105.127 Y109.261 E.95422
G1 X104.483 Y109.304 E.97956
G1 X104.039 Y109.234 E.99721
G1 X103.483 Y109.109 E1.01959
G1 X103.019 Y108.906 E1.03948
G1 X102.629 Y108.595 E1.05907
G1 X102.253 Y108.147 E1.08203
G1 X101.871 Y107.632 E1.10721
G1 X101.552 Y107.097 E1.13167
G1 X101.193 Y106.547 E1.15746
G1 X100.877 Y105.651 E1.19476
G1 X100.736 Y105.02 E1.22015
G1 X100.424 Y104.316 E1.25039
G1 X100.2 Y103.997 E1.26569
G1 X99.67 Y103.486 E1.2946
G1 X99.266 Y103.22 E1.31359
G1 X98.531 Y102.677 E1.34947
G1 X97.668 Y101.918 E1.3946
G1 X97.352 Y101.489 E1.41552
G1 X97.195 Y101.155 E1.43001
G1 X97.001 Y100.645 E1.45143
G1 X96.912 Y100.038 E1.47552
G1 X96.924 Y99.311 E1.50407
G1 X97.009 Y98.929 E1.51944
G1 X97.25 Y98.346 E1.54421
G1 X97.497 Y97.91 E1.56389
G1 X98.041 Y97.29 E1.59628
G1 X98.586 Y96.883 E1.62299
G1 X99.114 Y96.61 E1.64633
G1 X99.67 Y96.492 E1.66865
G1 X100.273 Y96.402 E1.69259
G1 X101.13 Y96.469 E1.72634
G1 X101.571 Y96.61 E1.74452
G1 X102.151 Y96.872 E1.76951
G1 X102.959 Y97.584 E1.8118
G1 X103.371 Y98.031 E1.83567
G1 X103.662 Y97.748 F7800
G1 F884.349
G1 X104.087 Y97.957 E1.85427
G1 X104.351 Y98.028 E1.865
G1 X104.974 Y98.042 E1.88947
G1 X105.418 Y97.894 E1.90785
G1 X105.88 Y97.597 E1.92942
G1 X106.368 Y97.327 E1.95132
G1 X107.798 Y96.59 E2.01449
G1 X108.495 Y96.359 E2.04332
G1 X109.093 Y96.236 E2.06729
G1 X109.61 Y96.242 E2.08759
G1 X110.141 Y96.288 E2.10852
G1 X110.784 Y96.442 E2.13448
G1 X111.508 Y96.755 E2.16545
G1 X112.073 Y97.189 E2.19342
G1 X112.44 Y97.656 E2.21674
G1 X112.914 Y98.564 E2.25696
G1 X113.084 Y99.254 E2.28486
G1 X113.122 Y99.732 E2.30369
G1 X113.105 Y100.416 E2.33056
G1 X112.945 Y101.021 E2.35513
G1 X112.708 Y101.544 E2.37768
G1 X112.52 Y101.785 E2.38968
G1 X111.835 Y102.408 E2.42604
G1 X110.746 Y103.217 E2.47931
G1 X109.956 Y104.117 E2.52633
G1 X109.521 Y104.733 E2.55594
G1 X109.188 Y105.342 E2.58319
G1 X107.876 Y107.951 E2.69785
G1 X107.55 Y108.448 E2.72119
G1 X107.026 Y108.932 E2.7492
G1 X106.326 Y109.332 E2.78086
G1 X105.587 Y109.596 E2.81167
G1 X104.964 Y109.702 E2.83648
G1 X104.455 Y109.711 E2.85647
G1 X103.85 Y109.616 E2.88052
G1 X103.363 Y109.498 E2.9002
G1 X102.808 Y109.254 E2.924
G1 X102.338 Y108.881 E2.94756
G1 X101.933 Y108.4 E2.97225
G1 X101.532 Y107.858 E2.99872
G1 X101.211 Y107.32 E3.02332
G1 X100.826 Y106.728 E3.05105
G1 X100.481 Y105.754 E3.09162
G1 X100.364 Y105.185 E3.11443
G1 X100.052 Y104.482 E3.14463
G1 X99.917 Y104.29 E3.15385
G1 X99.388 Y103.779 E3.18273
G1 X99.044 Y103.562 E3.1987
G1 X98.275 Y102.994 E3.23624
G1 X97.366 Y102.195 E3.28376
G1 X97 Y101.698 E3.308
G1 X96.827 Y101.328 E3.32404
G1 X96.604 Y100.743 E3.34862
G1 X96.505 Y100.064 E3.37556
G1 X96.518 Y99.264 E3.40698
G1 X96.619 Y98.806 E3.4254
G1 X96.883 Y98.167 E3.45255
G1 X97.164 Y97.673 E3.47487
G1 X97.763 Y96.989 E3.51057
G1 X98.37 Y96.537 E3.54029
G1 X98.975 Y96.223 E3.56705
G1 X99.586 Y96.094 E3.59157
G1 X100.272 Y95.993 E3.6188
G1 X101.209 Y96.066 E3.6557
G1 X101.903 Y96.289 E3.68432
G1 X102.379 Y96.531 E3.70529
G1 X103.253 Y97.301 E3.75103
G1 X103.611 Y97.718 E3.77261
G1 X103.932 Y97.407 F7800
;TYPE:External perimeter
G1 F884.349
G1 X104.34 Y97.441 E3.78869
G1 X104.976 Y97.722 E3.81599
G1 X105.425 Y97.318 E3.83971
G1 X106.083 Y96.97 E3.86894
G1 X106.559 Y96.611 E3.89235
G1 X107.776 Y96.184 E3.94299
G1 X108.352 Y95.897 E3.96826
G1 X109.014 Y95.838 E3.99436
G1 X109.541 Y95.826 E4.01506
G1 X110.079 Y95.709 E4.03668
G1 X110.538 Y96.086 E4.06
G1 X111.033 Y96.265 E4.08067
G1 X111.68 Y96.462 E4.10723
G1 X112.108 Y96.934 E4.13225
G1 X112.684 Y97.17 E4.15669
G1 X112.904 Y97.875 E4.18569
G1 X113.257 Y98.218 E4.20502
G1 X113.529 Y98.845 E4.23186
G1 X113.328 Y99.562 E4.2611
G1 X113.425 Y100.139 E4.28407
G1 X113.548 Y100.837 E4.3119
G1 X113.096 Y101.451 E4.34184
G1 X112.288 Y102.444 E4.39211
G1 X111.964 Y102.962 E4.4161
G1 X111.442 Y103.283 E4.44016
G1 X110.73 Y103.604 E4.47083
G1 X110.445 Y103.989 E4.48964
G1 X110.124 Y104.339 E4.50829
G1 X109.738 Y105.195 E4.54516
G1 X109.506 Y105.858 E4.57274
G1 X109.164 Y106.258 E4.5934
G1 X108.932 Y106.692 E4.61272
G1 X108.795 Y107.217 E4.63402
G1 X108.561 Y107.872 E4.66133
G1 X108.228 Y108.44 E4.68718
G1 X107.658 Y108.686 E4.71156
G1 X107.259 Y109.35 E4.74198
G1 X106.697 Y109.816 E4.77065
G1 X106.082 Y109.641 E4.79576
G1 X105.664 Y109.927 E4.81565
G1 X104.997 Y110 E4.842
G1 X104.262 Y110.11 E4.87118
G1 X103.644 Y110.119 E4.89545
G1 X103.003 Y109.981 E4.9212
G1 X102.361 Y109.679 E4.94906
G1 X102.021 Y109.306 E4.96888
G1 X101.575 Y108.913 E4.99222
G1 X101.37 Y108.475 E5.01121
G1 X101.249 Y107.884 E5.0349
G1 X100.882 Y107.495 E5.0559
G1 X100.649 Y106.885 E5.08154
G1 X100.329 Y106.496 E5.10132
G1 X100.228 Y105.92 E5.12428
G1 X100.158 Y105.321 E5.14796
G1 X99.778 Y104.837 E5.17212
G1 X99.216 Y104.413 E5.19976
G1 X98.785 Y104.034 E5.2223
G1 X98.469 Y103.409 E5.2498
G1 X97.893 Y103.02 E5.27709
G1 X97.426 Y102.794 E5.29746
G1 X97.18 Y102.329 E5.31812
G1 X96.469 Y101.964 E5.3495
G1 X96.461 Y101.466 E5.36906
G1 X96.064 Y100.903 E5.39611
G1 X96.103 Y99.423 E5.45424
G1 X96.238 Y98.705 E5.48293
G1 X96.586 Y98.311 E5.50357
G1 X96.725 Y97.748 E5.52634
G1 X97.019 Y97.237 E5.54949
G1 X97.47 Y96.743 E5.57575
G1 X98.023 Y96.288 E5.60387
G1 X98.421 Y96.075 E5.62159
G1 X99.063 Y95.899 E5.64773
G1 X99.604 Y95.862 E5.66902
G1 X100.213 Y95.458 E5.69772
G1 X100.703 Y95.697 E5.71913
G1 X101.385 Y95.814 E5.7463
G1 X101.924 Y95.832 E5.76748
G1 X102.475 Y96.11 E5.79171
G1 X102.969 Y96.45 E5.81526
G1 X103.352 Y96.987 E5.84116
G1 X103.699 Y97.387 E5.86195
G1 X103.872 Y97.402 E5.86877
G1 X104.271 Y97.435 F7800
G1 X104.571 Y99.228
;TYPE:Internal infill
;WIDTH:0.45
;HEIGHT:0.4
G1 F494.289
G1 X103.975 Y99.217 E5.91065
G1 X103.234 Y98.989 E5.96511
G1 X102.869 Y98.762 E5.99531
G1 X102.428 Y98.299 E6.04023
G1 X101.843 Y98.457 E6.0828
G1 X101.406 Y98.442 E6.11352
G1 X100.969 Y98.339 E6.14506
G1 X100.532 Y98.131 E6.17906
G1 X99.616 Y97.309 E6.26552
G1 X98.895 Y97.621 E6.32071
G1 X98.184 Y98.312 E6.39036
M73 P27 R20
G1 X97.973 Y98.679 E6.4201
G1 X97.726 Y99.332 E6.46914
G1 X97.695 Y99.997 E6.51591
G1 X97.73 Y100.163 E6.52783
G1 X98.348 Y100.272 E6.57191
G1 X98.785 Y100.48 E6.60591
G1 X100.095 Y101.649 E6.72925
G1 X100.532 Y101.868 E6.76359
G1 X100.969 Y101.951 E6.79484
G1 X101.406 Y101.936 E6.82556
G1 X101.843 Y101.833 E6.8571
G1 X102.279 Y101.625 E6.89104
G1 X103.59 Y100.457 E7.01439
G1 X104.026 Y100.238 E7.04867
G1 X104.463 Y100.155 E7.07992
G1 X104.9 Y100.17 E7.11064
G1 X105.337 Y100.272 E7.14216
G1 X105.774 Y100.48 E7.17616
G1 X107.084 Y101.649 E7.2995
G1 X107.521 Y101.868 E7.33384
G1 X107.957 Y101.951 E7.36502
G1 X108.394 Y101.936 E7.39574
G1 X108.831 Y101.833 E7.42728
G1 X109.268 Y101.625 E7.46128
M73 P28 R20
G1 X110.578 Y100.457 E7.58457
G1 X111.015 Y100.238 E7.61891
G1 X111.452 Y100.155 E7.65016
G1 X111.852 Y100.168 E7.67827
G1 X111.888 Y99.605 E7.7179
M73 Q28 S21
G1 X111.821 Y99.248 E7.74342
G1 X111.6 Y98.758 E7.78118
G1 X111.231 Y98.228 E7.82655
G1 X110.972 Y97.963 E7.85258
G1 X110.605 Y97.738 E7.88282
G1 X110.27 Y97.641 E7.90732
G1 X109.705 Y98.154 E7.96093
G1 X109.268 Y98.374 E7.9953
G1 X108.831 Y98.457 E8.02655
G1 X108.394 Y98.442 E8.05727
G1 X107.957 Y98.339 E8.08881
G1 X107.553 Y98.147 E8.12023
G1 X106.243 Y98.867 E8.22524
G1 X105.337 Y99.135 E8.29161
G92 E0
G1 X100.187 Y103.557 F7800
;TYPE:Solid infill
;WIDTH:0.48175
;HEIGHT:0.2
G1 F820.363
G1 X99.826 Y103.196 E.02161
;WIDTH:0.522598
G1 F750.503
G1 X99.393 Y102.866 E.0468
;WIDTH:0.522758
G1 X98.743 Y102.409 E.08357
G1 X98.109 Y101.852 E.12263
;WIDTH:0.529224
G1 F740.278
G1 X97.766 Y101.469 E.14675
G1 X97.54 Y101.069 E.1683
;WIDTH:0.542418
G1 F720.724
G1 X97.36 Y100.595 E.19273
G1 X97.261 Y100.08 E.218
;WIDTH:0.532594
G1 F735.183
G1 X97.27 Y99.352 E.25239
;WIDTH:0.552008
G1 F707.147
G1 X97.35 Y99.036 E.2684
G1 X97.556 Y98.513 E.296
M73 Q28 S20
;WIDTH:0.533118
G1 F734.397
G1 X97.808 Y98.074 E.31993
;WIDTH:0.536942
G1 F728.712
G1 X98.265 Y97.563 E.3526
G1 X98.666 Y97.245 E.37699
;WIDTH:0.539192
G1 F725.409
G1 X99.232 Y96.942 E.40772
G1 X99.911 Y96.791 E.44102
;WIDTH:0.527158
G1 F743.436
G1 X100.421 Y96.758 E.46489
G1 X101.03 Y96.799 E.4934
;WIDTH:0.526754
G1 F744.057
G1 X101.607 Y96.982 E.52165
;WIDTH:0.543526
G1 F719.128
G1 X102.055 Y97.256 E.54701
;WIDTH:0.579681
G1 F670.69
G1 X102.368 Y97.556 E.56946
;WIDTH:0.615836
G1 F628.364
G1 X102.681 Y97.856 E.59342
G1 X103.052 Y98.265 E.62393
;WIDTH:0.60412
G1 F641.483
G1 X103.328 Y98.481 E.6429
G1 X103.839 Y98.689 E.67276
;WIDTH:0.56761
G1 F686.119
G1 X104.125 Y98.765 E.68774
;WIDTH:0.549632
G1 F710.463
G1 X104.78 Y98.793 E.71978
;WIDTH:0.510114
G1 F770.558
G1 X105.134 Y98.749 E.73586
;WIDTH:0.485908
G1 F812.663
G1 X105.626 Y98.605 E.75776
;WIDTH:0.53316
G1 F734.334
G1 X105.847 Y98.499 E.76935
;WIDTH:0.580412
G1 F669.777
G1 X106.068 Y98.393 E.78206
;WIDTH:0.627664
G1 F615.654
G1 X106.29 Y98.286 E.79596
;WIDTH:0.64667
G1 F596.273
G1 X107.152 Y97.817 E.85311
;WIDTH:0.614551
G1 F629.777
G1 X107.571 Y97.583 E.87957
;WIDTH:0.605258
G1 F640.184
G1 X108.105 Y97.321 E.91183
G1 X108.699 Y97.118 E.94588
;WIDTH:0.594374
G1 F652.82
G1 X109.197 Y97.019 E.97289
;WIDTH:0.596282
G1 F650.569
G1 X109.711 Y97.029 E1.00033
;WIDTH:0.631114
G1 F612.043
G1 X110.206 Y97.107 E1.02876
G1 X110.754 Y97.283 E1.06141
;WIDTH:0.616234
G1 F627.928
G1 X111.239 Y97.551 E1.09205
;WIDTH:0.634796
G1 F608.236
G1 X111.616 Y97.91 E1.12177
G1 X111.996 Y98.495 E1.16159
;WIDTH:0.587916
G1 F660.555
G1 X112.248 Y99.07 E1.19459
;WIDTH:0.568028
G1 F685.573
G1 X112.354 Y99.59 E1.22147
;WIDTH:0.592112
G1 F655.508
G1 X112.325 Y100.244 E1.25615
;WIDTH:0.617616
G1 F626.418
G1 X112.192 Y100.753 E1.28531
G1 X112.031 Y101.133 E1.30819
;WIDTH:0.598426
G1 F648.058
G1 X111.713 Y101.476 E1.33325
;WIDTH:0.60265
G1 F643.167
G1 X110.479 Y102.464 E1.41859
;WIDTH:0.567113
G1 F686.77
G1 X110.34 Y102.591 E1.42811
;WIDTH:0.531576
G1 F736.716
G1 X110.201 Y102.718 E1.43698
;WIDTH:0.500718
G1 F786.373
G1 X109.907 Y103.046 E1.45643
G1 X109.774 Y103.225 E1.46628
;WIDTH:0.46672
G1 F849.457
G1 X109.641 Y103.404 E1.4754
;WIDTH:0.432722
G1 F923.546
G1 X109.508 Y103.583 E1.48378
G1 X109.168 Y103.407 F7800
;TYPE:Internal infill
;WIDTH:0.45
;HEIGHT:0.4
G1 F494.289
G1 X108.997 Y103.679 E1.50635
G1 X109.257 Y103.872 E1.5291
G1 X108.935 Y104.324 E1.56809
G1 X108.352 Y105.42 E1.6553
G1 X107.957 Y105.328 E1.68379
G1 X107.521 Y105.12 E1.71773
G1 X106.21 Y103.951 E1.84112
G1 X105.774 Y103.732 E1.8754
G1 X105.337 Y103.649 E1.90665
G1 X104.9 Y103.664 E1.93737
G1 X104.463 Y103.767 E1.96891
G1 X104.026 Y103.975 E2.00291
G1 X102.716 Y105.143 E2.1262
G1 X102.279 Y105.362 E2.16054
G1 X101.843 Y105.445 E2.19172
G1 X101.133 Y105.366 E2.2419
G1 X101.469 Y106.411 E2.31901
G1 X102.126 Y107.463 E2.40614
G1 X102.738 Y108.25 E2.47618
G1 X103.59 Y107.446 E2.55847
G1 X104.026 Y107.226 E2.59278
G1 X104.463 Y107.143 E2.62403
G1 X104.9 Y107.158 E2.65475
G1 X105.337 Y107.261 E2.68629
G1 X105.774 Y107.469 E2.72029
G1 X106.68 Y108.282 E2.8058
G1 X106.027 Y108.682 E2.8596
G1 X105.406 Y108.904 E2.90593
G1 X104.897 Y108.991 E2.94221
G1 X104.399 Y108.981 E2.9772
;LAYER_CHANGE
;Z:5.95
;HEIGHT:0.2
G92 E0
G1 Z5.95 F7800
G1 X103.332 Y98.306
;TYPE:Perimeter
;WIDTH:0.449999
G1 F884.349
G1 X103.597 Y98.457 E.01198
G1 X104.15 Y98.631 E.03474
G1 X104.728 Y98.667 E.05748
G1 X105.186 Y98.584 E.07576
G1 X105.848 Y98.374 E.10303
G1 X106.553 Y97.99 E.13455
G1 X107.289 Y97.559 E.16804
G1 X108.084 Y97.148 E.20318
G1 X108.589 Y96.988 E.22398
G1 X109.227 Y96.852 E.24959
G1 X109.682 Y96.85 E.26746
G1 X110.523 Y97.014 E.3011
G1 X111.031 Y97.204 E.3224
G1 X111.43 Y97.459 E.34099
G1 X111.644 Y97.681 E.3531
G1 X112.036 Y98.227 E.37949
G1 X112.364 Y98.918 E.40952
G1 X112.517 Y99.598 E.43689
G1 X112.472 Y100.295 E.46431
G1 X112.355 Y100.759 E.4831
G1 X112.102 Y101.313 E.50701
G1 X111.686 Y101.727 E.53005
G1 X110.962 Y102.259 E.56533
G1 X110.397 Y102.705 E.59359
G1 X109.792 Y103.401 E.6298
G1 X109.507 Y103.814 E.6495
G1 X109.183 Y104.318 E.67303
G1 X108.763 Y105.221 E.71213
G1 X107.511 Y107.732 E.8223
G1 X107.201 Y108.204 E.84447
G1 X106.769 Y108.602 E.86753
G1 X106.234 Y108.917 E.89191
G1 X105.631 Y109.111 E.91678
G1 X105.044 Y109.244 E.94041
G1 X104.525 Y109.278 E.96083
G1 X104.009 Y109.2 E.98132
G1 X103.461 Y109.078 E1.00336
G1 X103.026 Y108.883 E1.02208
G1 X102.627 Y108.567 E1.04206
G1 X102.246 Y108.119 E1.06515
G1 X101.907 Y107.664 E1.08743
G1 X101.242 Y106.571 E1.13767
G1 X100.903 Y105.634 E1.17679
G1 X100.81 Y105.097 E1.19819
G1 X100.622 Y104.517 E1.22213
G1 X100.366 Y104.026 E1.24387
G1 X100.164 Y103.76 E1.25698
G1 X99.489 Y103.135 E1.2931
G1 X98.45 Y102.375 E1.34364
G1 X97.616 Y101.568 E1.38921
G1 X97.411 Y101.219 E1.4051
G1 X97.229 Y100.694 E1.42692
G1 X97.095 Y100.114 E1.45029
G1 X97.105 Y99.552 E1.47236
G1 X97.154 Y99.145 E1.48846
G1 X97.324 Y98.655 E1.50882
G1 X97.59 Y98.133 E1.53182
G1 X97.984 Y97.592 E1.5581
G1 X98.642 Y97.075 E1.59096
G1 X99.257 Y96.751 E1.61825
G1 X99.68 Y96.644 E1.63538
G1 X100.395 Y96.592 E1.66353
G1 X101.148 Y96.657 E1.69321
G1 X101.634 Y96.826 E1.71341
G1 X101.994 Y97.003 E1.72916
G1 X102.432 Y97.364 E1.75145
G1 X103.281 Y98.275 E1.80035
G1 X103.581 Y97.972 F7800
G1 F884.349
G1 X103.71 Y98.065 E1.80659
G1 X104.206 Y98.228 E1.82709
G1 X104.713 Y98.259 E1.84703
G1 X105.078 Y98.192 E1.8616
G1 X105.653 Y98.017 E1.8852
G1 X106.347 Y97.638 E1.91625
G1 X107.093 Y97.202 E1.95018
G1 X107.928 Y96.771 E1.98708
G1 X108.484 Y96.594 E2.00999
G1 X109.183 Y96.445 E2.03805
G1 X109.72 Y96.443 E2.05914
G1 X110.635 Y96.621 E2.09574
G1 X111.214 Y96.838 E2.12002
G1 X111.69 Y97.141 E2.14218
G1 X111.957 Y97.42 E2.15734
G1 X112.388 Y98.019 E2.18632
G1 X112.751 Y98.784 E2.21957
G1 X112.927 Y99.566 E2.25104
G1 X112.875 Y100.358 E2.2822
G1 X112.788 Y100.706 E2.29628
G1 X112.575 Y101.292 E2.32076
G1 X112.348 Y101.674 E2.33821
G1 X111.944 Y102.042 E2.35967
G1 X110.704 Y102.972 E2.42053
G1 X110.148 Y103.611 E2.45379
G1 X109.846 Y104.039 E2.47436
G1 X109.549 Y104.496 E2.49576
G1 X109.136 Y105.386 E2.53428
G1 X107.777 Y108.112 E2.65388
G1 X107.504 Y108.478 E2.67181
G1 X107.013 Y108.931 E2.69804
G1 X106.402 Y109.29 E2.72587
G1 X105.756 Y109.499 E2.75253
G1 X105.112 Y109.645 E2.77846
G1 X104.498 Y109.686 E2.80262
G1 X103.948 Y109.603 E2.82446
G1 X103.34 Y109.467 E2.84892
G1 X102.814 Y109.231 E2.87156
G1 X102.337 Y108.855 E2.89541
G1 X101.928 Y108.373 E2.92023
G1 X101.569 Y107.892 E2.9438
G1 X100.874 Y106.751 E2.99626
G1 X100.507 Y105.733 E3.03875
G1 X100.409 Y105.167 E3.0613
G1 X100.249 Y104.681 E3.08139
G1 X100.006 Y104.216 E3.10199
G1 X99.884 Y104.056 E3.10989
G1 X99.249 Y103.463 E3.144
G1 X98.19 Y102.69 E3.19548
G1 X97.642 Y102.178 E3.22493
G1 X97.289 Y101.815 E3.24481
G1 X97.039 Y101.39 E3.26417
G1 X96.844 Y100.826 E3.2876
G1 X96.687 Y100.148 E3.31493
G1 X96.702 Y99.297 E3.34835
G1 X96.798 Y98.873 E3.36542
G1 X97.045 Y98.254 E3.39159
G1 X97.34 Y97.756 E3.41432
G1 X97.693 Y97.303 E3.43687
G1 X98.197 Y96.907 E3.46204
G1 X98.665 Y96.6 E3.48402
G1 X99.114 Y96.367 E3.50388
G1 X99.616 Y96.241 E3.5242
G1 X100.397 Y96.184 E3.55495
G1 X101.234 Y96.255 E3.58793
G1 X102.006 Y96.524 E3.62003
G1 X102.216 Y96.662 E3.6299
G1 X102.713 Y97.069 E3.65512
G1 X103.468 Y97.89 E3.69891
G1 X103.533 Y97.936 E3.70204
G1 X103.92 Y97.518 F7800
;TYPE:External perimeter
G1 F884.349
G1 X104.032 Y97.667 E3.70936
G1 X104.546 Y97.642 E3.72957
G1 X105.171 Y97.835 E3.75525
G1 X105.814 Y97.482 E3.78405
G1 X106.211 Y97.225 E3.80262
G1 X106.806 Y97.105 E3.82645
G1 X107.361 Y96.686 E3.85375
G1 X108.542 Y96.17 E3.90435
G1 X109.733 Y96.206 E3.95114
G1 X110.285 Y96.258 E3.97291
G1 X110.918 Y96.16 E3.99806
G1 X111.569 Y96.43 E4.02573
G1 X111.947 Y96.845 E4.04777
G1 X112.23 Y97.279 E4.06811
G1 X112.609 Y97.755 E4.092
G1 X112.921 Y98.278 E4.11591
G1 X113.379 Y99.342 E4.16139
G1 X113.372 Y99.866 E4.18197
G1 X113.271 Y100.348 E4.20131
G1 X113.042 Y100.754 E4.21961
G1 X112.412 Y102.166 E4.28032
G1 X112.087 Y102.674 E4.304
G1 X111.555 Y103.017 E4.32885
G1 X110.906 Y103.097 E4.35453
G1 X110.551 Y103.484 E4.37515
G1 X110.153 Y103.992 E4.40049
G1 X109.878 Y104.52 E4.42387
G1 X109.821 Y105.033 E4.44414
G1 X109.454 Y105.584 E4.47013
G1 X109.192 Y106.113 E4.49331
G1 X109.032 Y106.583 E4.5128
G1 X108.617 Y106.995 E4.53576
G1 X108.631 Y107.539 E4.55713
G1 X108.234 Y108.034 E4.58204
G1 X107.975 Y108.553 E4.60481
G1 X107.536 Y108.792 E4.62444
G1 X107.083 Y109.377 E4.65349
G1 X106.546 Y109.622 E4.67667
G1 X106.007 Y109.955 E4.70155
G1 X105.286 Y109.823 E4.73033
G1 X104.751 Y110.037 E4.75295
G1 X104.206 Y109.882 E4.7752
G1 X103.706 Y110.002 E4.79539
G1 X103.215 Y109.741 E4.81722
G1 X102.758 Y109.618 E4.8358
G1 X102.252 Y109.381 E4.85774
G1 X101.872 Y109.037 E4.87787
G1 X101.673 Y108.532 E4.89918
G1 X101.109 Y108.101 E4.92705
G1 X100.855 Y107.662 E4.94696
G1 X100.54 Y107.233 E4.96786
G1 X100.358 Y106.516 E4.99691
G1 X100.204 Y105.391 E5.04149
G1 X99.684 Y104.813 E5.07202
G1 X99.551 Y104.343 E5.0912
G1 X99.127 Y103.971 E5.11335
G1 X98.699 Y103.556 E5.13676
G1 X98.111 Y103.208 E5.16359
G1 X97.727 Y102.729 E5.1877
G1 X97.303 Y102.335 E5.21043
G1 X96.792 Y102.107 E5.2324
G1 X96.726 Y101.39 E5.26067
G1 X96.372 Y101.028 E5.28055
G1 X96.226 Y100.384 E5.30648
G1 X96.329 Y99.758 E5.33139
G1 X96.37 Y99.189 E5.35379
G1 X96.445 Y98.748 E5.37135
G1 X96.561 Y98.294 E5.38975
G1 X97.072 Y97.795 E5.41779
G1 X97.142 Y97.27 E5.43859
G1 X97.415 Y96.779 E5.46065
G1 X97.957 Y96.369 E5.48733
G1 X98.569 Y96.315 E5.51145
G1 X98.959 Y96.007 E5.53096
G1 X99.364 Y95.784 E5.54911
G1 X99.905 Y95.621 E5.5713
G1 X100.388 Y95.723 E5.59068
G1 X100.996 Y95.652 E5.61472
G1 X101.436 Y95.964 E5.6359
G1 X101.958 Y96.006 E5.65646
G1 X102.488 Y96.286 E5.68
G1 X103.011 Y96.534 E5.70273
G1 X103.362 Y96.923 E5.7233
G1 X103.792 Y97.347 E5.74701
G1 X103.884 Y97.47 E5.75304
G1 X104.239 Y97.654 F7800
G92 E0
G1 X100.064 Y103.192
;TYPE:Solid infill
;WIDTH:0.567012
G1 F686.902
G1 X99.759 Y102.884 E.02191
;WIDTH:0.576082
G1 F675.217
G1 X98.744 Y102.154 E.08621
;WIDTH:0.551504
G1 F707.848
G1 X98.369 Y101.813 E.11107
;WIDTH:0.580276
G1 F669.947
G1 X98.169 Y101.596 E.12637
;WIDTH:0.609048
G1 F635.899
G1 X97.968 Y101.38 E.14248
;WIDTH:0.63531
G1 F607.708
G1 X97.774 Y101.052 E.16425
G1 X97.544 Y100.427 E.2023
;WIDTH:0.608076
G1 F636.992
M73 P29 R20
G1 X97.466 Y99.953 E.22849
;WIDTH:0.589496
G1 F658.646
G1 X97.482 Y99.391 E.25813
G1 X97.543 Y99.105 E.27355
;WIDTH:0.593898
G1 F653.384
G1 X97.738 Y98.635 E.30059
;WIDTH:0.60789
G1 F637.202
G1 X97.996 Y98.202 E.32806
G1 X98.255 Y97.862 E.35135
;WIDTH:0.599056
G1 F647.324
G1 X98.642 Y97.529 E.37874
;WIDTH:0.581012
G1 F669.031
G1 X98.986 Y97.338 E.39916
;WIDTH:0.60816
G1 F636.898
G1 X99.33 Y97.146 E.42064
;WIDTH:0.62561
G1 F617.824
G1 X99.743 Y97.034 E.44469
G1 X100.392 Y96.974 E.48132
M73 Q29 S20
;WIDTH:0.60084
G1 F645.254
G1 X100.951 Y97.011 E.51147
;WIDTH:0.580256
G1 F669.972
G1 X101.447 Y97.147 E.53813
;WIDTH:0.609176
G1 F635.755
G1 X101.723 Y97.3 E.55537
;WIDTH:0.636351
G1 F606.642
G1 X101.938 Y97.484 E.57157
;WIDTH:0.663526
G1 F580.078
G1 X102.152 Y97.668 E.58846
;WIDTH:0.677232
G1 F567.544
G1 X102.87 Y98.447 E.65328
G1 X103.047 Y98.571 E.6665
;WIDTH:0.648795
G1 F594.182
G1 X103.224 Y98.696 E.67916
;WIDTH:0.620358
G1 F623.444
G1 X103.775 Y98.908 E.71204
;WIDTH:0.580404
G1 F669.787
G1 X104.023 Y98.97 E.72529
;WIDTH:0.560834
G1 F695.096
G1 X104.363 Y98.979 E.74228
;WIDTH:0.521809
G1 F751.74
G1 X104.703 Y98.988 E.75799
;WIDTH:0.482784
G1 F818.435
G1 X105.053 Y98.944 E.77296
;WIDTH:0.499272
G1 F788.865
G1 X105.468 Y98.841 E.79178
;WIDTH:0.532744
G1 F734.958
G1 X105.883 Y98.738 E.81198
;WIDTH:0.57829
G1 F672.432
G1 X106.307 Y98.539 E.83617
;WIDTH:0.623836
G1 F619.711
G1 X106.731 Y98.34 E.86241
;WIDTH:0.632782
G1 F610.312
G1 X107.48 Y97.906 E.91166
G1 X108.235 Y97.514 E.96006
;WIDTH:0.628418
G1 F614.861
G1 X108.688 Y97.362 E.98704
;WIDTH:0.659348
G1 F584.01
G1 X109.271 Y97.262 E1.02221
G1 X109.76 Y97.28 E1.0513
;WIDTH:0.680822
G1 F564.35
G1 X110.082 Y97.357 E1.07167
;WIDTH:0.707122
G1 F542.004
G1 X110.405 Y97.433 E1.09293
;WIDTH:0.711544
G1 F538.419
G1 X110.835 Y97.597 E1.12261
G1 X111.152 Y97.798 E1.14682
;WIDTH:0.71073
G1 F539.075
G1 X111.49 Y98.175 E1.17943
;WIDTH:0.665772
G1 F577.986
G1 X111.844 Y98.752 E1.2201
;WIDTH:0.6464
G1 F596.54
G1 X112.01 Y99.185 E1.24709
G1 X112.109 Y99.727 E1.27916
;WIDTH:0.674354
G1 F570.131
G1 X112.057 Y100.23 E1.30996
G1 X111.964 Y100.629 E1.33491
;WIDTH:0.700642
G1 F547.344
G1 X111.78 Y101.022 E1.36244
G1 X111.416 Y101.398 E1.39564
;WIDTH:0.687782
G1 F558.259
G1 X110.566 Y102.043 E1.46201
;WIDTH:0.660814
G1 F582.624
G1 X110.447 Y102.166 E1.47221
;WIDTH:0.618801
G1 F625.129
G1 X110.327 Y102.289 E1.48176
;WIDTH:0.576788
G1 F674.325
G1 X110.208 Y102.412 E1.49057
;WIDTH:0.534774
G1 F731.925
G1 X109.982 Y102.699 E1.5079
;WIDTH:0.492283
G1 F801.135
G1 X109.757 Y102.985 E1.52367
;WIDTH:0.449792
G1 F884.801
G1 X109.532 Y103.271 E1.53795
;WIDTH:0.4073
G1 F987.98
G1 X109.503 Y103.314 E1.53977
;LAYER_CHANGE
;Z:6.15
;HEIGHT:0.2
G92 E0
G1 Z6.15 F7800
G1 X103.324 Y98.59
;TYPE:Perimeter
;WIDTH:0.449999
G1 F884.349
G1 X103.373 Y98.625 E.00236
G1 X103.883 Y98.795 E.02347
G1 X104.201 Y98.845 E.03611
G1 X105.036 Y98.809 E.06893
G1 X105.858 Y98.597 E.10226
G1 X106.397 Y98.35 E.12554
G1 X106.867 Y98.108 E.1463
G1 X107.533 Y97.702 E.17693
G1 X107.994 Y97.457 E.19743
G1 X108.479 Y97.252 E.2181
G1 X109.248 Y97.095 E.24892
G1 X109.688 Y97.115 E.26621
G1 X110.216 Y97.218 E.28733
G1 X110.773 Y97.383 E.31014
G1 X111.218 Y97.655 E.33062
G1 X111.627 Y98.11 E.35464
G1 X111.942 Y98.568 E.37647
G1 X112.197 Y99.13 E.4007
G1 X112.282 Y99.581 E.41872
G1 X112.251 Y100.061 E.43761
G1 X112.161 Y100.565 E.45771
G1 X111.996 Y101.042 E.47753
G1 X111.676 Y101.411 E.49671
G1 X110.598 Y102.232 E.54991
G1 X110.228 Y102.617 E.57088
G1 X109.823 Y103.091 E.59536
G1 X109.508 Y103.591 E.61856
G1 X109.22 Y104.065 E.64034
G1 X108.815 Y104.929 E.67781
G1 X108.596 Y105.493 E.70157
G1 X107.414 Y107.89 E.80651
G1 X107.156 Y108.234 E.82339
G1 X106.753 Y108.602 E.84482
G1 X106.305 Y108.877 E.86546
G1 X105.677 Y109.068 E.89123
G1 X105.189 Y109.185 E.91093
G1 X104.566 Y109.253 E.93554
G1 X103.963 Y109.166 E.95946
G1 X103.433 Y109.045 E.98081
G1 X103.037 Y108.862 E.99794
G1 X102.607 Y108.52 E1.01951
G1 X102.243 Y108.094 E1.04151
G1 X101.93 Y107.671 E1.06217
G1 X101.289 Y106.589 E1.11155
G1 X101.039 Y105.967 E1.13787
G1 X100.712 Y104.571 E1.19417
G1 X100.54 Y104.098 E1.21393
G1 X100.206 Y103.542 E1.2394
G1 X99.983 Y103.283 E1.25282
G1 X99.428 Y102.826 E1.28105
G1 X98.645 Y102.275 E1.31864
G1 X98.134 Y101.803 E1.34595
G1 X97.79 Y101.412 E1.3664
G1 X97.586 Y101.063 E1.38227
G1 X97.383 Y100.405 E1.40931
G1 X97.295 Y99.811 E1.43289
G1 X97.346 Y99.233 E1.45567
G1 X97.545 Y98.705 E1.47783
G1 X97.867 Y98.079 E1.50547
G1 X98.207 Y97.713 E1.52508
G1 X98.678 Y97.293 E1.54986
G1 X99.296 Y96.978 E1.5771
G1 X99.939 Y96.838 E1.60294
G1 X100.51 Y96.817 E1.62538
G1 X101.063 Y96.851 E1.64713
G1 X101.62 Y97.045 E1.67029
G1 X102.028 Y97.314 E1.68948
G1 X103.045 Y98.392 E1.74767
G1 X103.275 Y98.556 E1.75876
G1 X103.534 Y98.235 F7800
G1 F884.349
G1 X103.597 Y98.275 E1.76169
G1 X104.199 Y98.437 E1.78617
G1 X104.809 Y98.434 E1.81012
G1 X105.339 Y98.311 E1.83148
G1 X105.88 Y98.156 E1.85358
G1 X106.655 Y97.761 E1.88773
G1 X107.321 Y97.355 E1.91836
G1 X107.821 Y97.088 E1.94062
G1 X108.358 Y96.862 E1.9635
G1 X109.216 Y96.687 E1.99788
G1 X109.737 Y96.709 E2.01836
G1 X110.416 Y96.851 E2.0456
G1 X110.955 Y97.017 E2.06774
G1 X111.474 Y97.334 E2.09162
G1 X111.958 Y97.872 E2.12003
G1 X112.301 Y98.373 E2.14387
G1 X112.588 Y99.006 E2.17116
G1 X112.691 Y99.556 E2.19313
G1 X112.643 Y100.31 E2.2228
G1 X112.549 Y100.692 E2.23825
G1 X112.351 Y101.254 E2.26165
G1 X111.956 Y101.71 E2.28534
G1 X110.864 Y102.542 E2.33924
G1 X110.168 Y103.307 E2.37985
G1 X109.588 Y104.238 E2.42292
G1 X109.195 Y105.077 E2.4593
G1 X108.969 Y105.657 E2.48374
G1 X107.762 Y108.104 E2.59087
G1 X107.458 Y108.508 E2.61072
G1 X106.999 Y108.929 E2.63518
G1 X106.473 Y109.251 E2.6594
G1 X105.532 Y109.537 E2.69802
G1 X105.035 Y109.626 E2.71784
G1 X104.541 Y109.661 E2.73729
G1 X103.888 Y109.567 E2.76319
G1 X103.314 Y109.435 E2.78632
G1 X102.824 Y109.209 E2.80751
G1 X102.317 Y108.807 E2.83292
G1 X101.924 Y108.348 E2.85665
G1 X101.59 Y107.896 E2.87872
G1 X101.085 Y107.044 E2.91761
G1 X100.804 Y106.474 E2.94256
G1 X100.607 Y105.95 E2.96454
G1 X100.49 Y105.462 E2.98424
G1 X100.395 Y104.941 E3.00503
G1 X100.191 Y104.308 E3.03114
G1 X99.857 Y103.752 E3.05661
G1 X99.723 Y103.596 E3.06468
G1 X99.193 Y103.159 E3.09165
G1 X98.388 Y102.592 E3.13031
G1 X97.842 Y102.088 E3.15949
G1 X97.459 Y101.652 E3.18228
G1 X97.214 Y101.234 E3.2013
G1 X97.029 Y100.697 E3.2236
G1 X96.901 Y100.099 E3.24761
G1 X96.879 Y99.6 E3.26722
G1 X96.95 Y99.129 E3.28592
G1 X97.249 Y98.337 E3.31916
G1 X97.537 Y97.835 E3.34188
G1 X98.041 Y97.294 E3.37091
G1 X98.453 Y96.951 E3.39196
G1 X99.158 Y96.592 E3.42302
G1 X99.877 Y96.435 E3.45192
G1 X100.532 Y96.41 E3.47766
G1 X101.149 Y96.45 E3.50194
G1 X101.797 Y96.675 E3.52887
G1 X102.31 Y97.02 E3.55314
G1 X103.341 Y98.113 E3.61214
G1 X103.484 Y98.203 E3.61877
G1 X103.806 Y97.776 F7800
;TYPE:External perimeter
G1 F884.349
G1 X104.304 Y97.981 E3.63992
G1 X105.059 Y98.031 E3.66963
G1 X105.614 Y97.971 E3.69155
G1 X106.17 Y97.417 E3.72237
G1 X106.651 Y97.177 E3.74348
G1 X107.236 Y97.09 E3.7667
G1 X107.643 Y96.766 E3.78713
G1 X108.187 Y96.506 E3.8108
G1 X108.804 Y96.246 E3.83709
G1 X109.533 Y96.449 E3.8668
G1 X110.038 Y96.274 E3.88779
G1 X110.533 Y96.418 E3.90803
G1 X111.135 Y96.461 E3.93173
G1 X111.695 Y97.04 E3.96336
G1 X111.901 Y97.456 E3.98159
G1 X112.551 Y97.876 E4.01198
G1 X112.706 Y98.454 E4.03548
G1 X113.077 Y98.839 E4.05647
G1 X113.154 Y100.229 E4.11113
G1 X113.033 Y100.598 E4.12638
G1 X113.016 Y101.16 E4.14846
G1 X112.352 Y101.582 E4.17935
G1 X112.157 Y102.271 E4.20747
G1 X111.596 Y102.594 E4.23289
G1 X111.223 Y102.861 E4.2509
G1 X110.925 Y103.204 E4.26874
G1 X110.398 Y103.637 E4.29552
G1 X109.964 Y104.148 E4.32184
G1 X109.847 Y104.894 E4.35149
G1 X109.377 Y105.236 E4.37431
G1 X108.964 Y106.927 E4.44266
G1 X108.389 Y107.435 E4.47279
G1 X108.163 Y108.149 E4.5022
G1 X107.762 Y108.709 E4.52924
G1 X107.35 Y109.232 E4.55538
G1 X106.8 Y109.683 E4.58331
G1 X106.214 Y109.776 E4.60661
G1 X105.702 Y109.963 E4.62801
G1 X105.183 Y109.883 E4.64863
G1 X104.583 Y109.868 E4.6722
G1 X104.123 Y109.982 E4.69081
G1 X103.629 Y109.788 E4.71165
G1 X102.951 Y109.886 E4.73855
G1 X102.419 Y109.542 E4.76343
G1 X102.145 Y109.05 E4.78554
G1 X101.656 Y108.779 E4.80749
G1 X101.489 Y108.155 E4.83285
G1 X100.831 Y107.704 E4.86417
G1 X100.69 Y106.994 E4.89259
G1 X100.478 Y106.331 E4.91992
G1 X100.118 Y105.803 E4.94501
G1 X99.768 Y104.721 E4.98966
G1 X99.418 Y104.111 E5.01727
G1 X99.153 Y103.728 E5.03556
G1 X98.677 Y103.523 E5.05591
G1 X97.889 Y102.477 E5.10733
G1 X97.385 Y102.132 E5.13131
G1 X96.909 Y101.719 E5.15605
G1 X96.87 Y101.176 E5.17743
G1 X96.45 Y100.572 E5.20632
G1 X96.324 Y99.865 E5.23452
G1 X96.657 Y99.382 E5.25756
G1 X96.492 Y98.709 E5.28477
G1 X97.367 Y97.611 E5.3399
G1 X97.638 Y97.237 E5.35803
G1 X98.016 Y96.537 E5.38927
G1 X98.684 Y96.486 E5.41558
G1 X99.275 Y96.34 E5.43948
G1 X99.731 Y95.935 E5.46343
G1 X100.197 Y95.898 E5.48178
G1 X100.815 Y96.22 E5.50914
G1 X101.359 Y96.02 E5.5319
G1 X102.036 Y96.269 E5.56022
G1 X102.519 Y96.729 E5.58641
G1 X103.382 Y97.31 E5.62726
G1 X103.726 Y97.743 E5.64897
G1 X103.75 Y97.753 E5.64999
G1 X104.12 Y97.905 F7800
G1 X103.86 Y99.606
;TYPE:Internal infill
;WIDTH:0.45
;HEIGHT:0.4
G1 F494.289
G1 X103.153 Y99.457 E5.70075
G1 X102.521 Y99.176 E5.74934
G1 X101.917 Y98.628 E5.80663
G1 X101.406 Y98.52 E5.84332
G1 X100.969 Y98.299 E5.87772
G1 X100.532 Y97.952 E5.91692
G1 X100.345 Y97.711 E5.93835
G1 X100.233 Y97.706 E5.94623
G1 X99.666 Y97.833 E5.98705
G1 X99.021 Y98.156 E6.03772
G1 X98.741 Y98.454 E6.06645
G1 X98.406 Y98.951 E6.10855
G1 X98.214 Y99.438 E6.14532
G1 X98.228 Y99.938 E6.18046
G1 X98.322 Y100.299 E6.20667
G1 X98.785 Y100.66 E6.24791
G1 X99.659 Y101.782 E6.34782
G1 X100.095 Y102.122 E6.38666
G1 X100.532 Y102.198 E6.41782
G1 X101.406 Y102.014 E6.48056
G1 X101.843 Y101.793 E6.51496
G1 X102.279 Y101.446 E6.55411
G1 X103.153 Y100.324 E6.65402
G1 X103.59 Y99.984 E6.69292
G1 X104.026 Y99.907 E6.72402
G1 X104.9 Y100.092 E6.78678
G1 X105.337 Y100.312 E6.82115
G1 X105.774 Y100.66 E6.86039
G1 X106.647 Y101.782 E6.96026
G1 X107.084 Y102.122 E6.99916
G1 X107.521 Y102.198 E7.03032
G1 X108.394 Y102.014 E7.093
G1 X108.831 Y101.793 E7.1274
G1 X109.268 Y101.446 E7.1666
G1 X110.141 Y100.324 E7.26647
G1 X110.578 Y99.984 E7.30537
G1 X111.015 Y99.907 E7.33654
G1 X111.214 Y99.949 E7.35083
G1 X111.255 Y99.704 E7.36828
G1 X111.212 Y99.413 E7.38894
G1 X110.828 Y98.697 E7.44602
G1 X110.54 Y98.45 E7.47267
G1 X110.171 Y98.249 E7.50219
G1 X109.705 Y98.627 E7.54434
G1 X109.268 Y98.704 E7.57551
G1 X108.394 Y98.52 E7.63825
G1 X108.147 Y98.395 E7.6577
G1 X106.676 Y99.186 E7.77503
G1 X105.932 Y99.379 E7.82903
G92 E0
G1 X108.834 Y103.337 F7800
G1 F494.289
G1 X108.624 Y103.927 E.04399
G1 X108.888 Y104.054 E.06457
G1 X108.278 Y105.449 E.17153
G1 X107.957 Y105.288 E.19676
G1 X107.521 Y104.94 E.23595
G1 X106.647 Y103.818 E.33586
G1 X106.21 Y103.478 E.37476
G1 X105.774 Y103.402 E.40585
G1 X104.9 Y103.586 E.46859
G1 X104.463 Y103.807 E.50299
G1 X104.026 Y104.154 E.54219
G1 X103.153 Y105.276 E.64206
G1 X102.716 Y105.616 E.68096
G1 X102.279 Y105.693 E.71213
M73 P30 R20
G1 X101.406 Y105.508 E.77482
G1 X101.202 Y105.405 E.79087
G1 X101.563 Y106.453 E.86874
G1 X102.185 Y107.502 E.95441
G1 X102.592 Y108.033 E1.00141
M73 Q30 S20
G1 X103.153 Y107.313 E1.06553
G1 X103.59 Y106.973 E1.10443
G1 X104.026 Y106.896 E1.13553
G1 X104.9 Y107.08 E1.19827
G1 X105.337 Y107.301 E1.23267
G1 X105.774 Y107.648 E1.27187
G1 X106.404 Y108.458 E1.34396
G1 X106.175 Y108.597 E1.36278
G1 X105.366 Y108.843 E1.42218
G1 X104.805 Y108.943 E1.46221
G1 X104.052 Y108.87 E1.51536
G92 E0
G1 X109.282 Y103.35 F7800
;TYPE:Solid infill
;WIDTH:0.51213
;HEIGHT:0.2
G1 F767.247
G1 X109.587 Y102.841 E.02686
;WIDTH:0.548652
G1 F711.839
G1 X109.73 Y102.653 E.03838
;WIDTH:0.585174
G1 F663.896
G1 X109.873 Y102.464 E.05078
G92 E0
G1 X108.836 Y97.588 F7800
;WIDTH:0.637408
G1 F605.563
G1 X108.905 Y97.553 E.00444
;WIDTH:0.595156
G1 F651.896
G1 X108.974 Y97.517 E.00859
;WIDTH:0.552904
G1 F705.905
G1 X109.042 Y97.481 E.01237
;WIDTH:0.510651
G1 F769.673
G1 X109.111 Y97.445 E.01588
;WIDTH:0.468399
G1 F846.106
G1 X109.18 Y97.409 E.01907
;WIDTH:0.426147
G1 F939.393
G1 X109.249 Y97.373 E.02195
;WIDTH:0.383894
G1 F1055.799
G1 X109.644 Y97.383 E.03495
;WIDTH:0.378661
G1 F1072.255
G1 X110.147 Y97.478 E.05153
;WIDTH:0.407081
G1 F988.574
G1 X110.626 Y97.633 E.06921
;WIDTH:0.420959
G1 F952.283
G1 X111.051 Y97.901 E.08753
G1 X111.402 Y98.268 E.10605
;WIDTH:0.394321
G1 F1024.471
G1 X111.705 Y98.717 E.12441
;WIDTH:0.400285
G1 F1007.373
G1 X111.914 Y99.185 E.14208
;WIDTH:0.403453
G1 F998.522
G1 X111.995 Y99.649 E.15846
;WIDTH:0.41987
G1 F955.034
G1 X111.945 Y100.22 E.1793
G1 X111.79 Y100.759 E.19969
;WIDTH:0.413141
G1 F972.392
G1 X111.69 Y100.958 E.20764
G1 X111.262 Y101.372 E.2289
;WIDTH:0.405047
G1 F994.126
G1 X110.382 Y102.048 E.26766
;WIDTH:0.400217
G1 F1007.565
G1 X110.219 Y102.235 E.27621
;WIDTH:0.420389
G1 F953.722
G1 X110.15 Y102.281 E.27923
;WIDTH:0.461585
G1 F859.876
G1 X110.081 Y102.327 E.28258
;WIDTH:0.502782
G1 F782.845
G1 X110.012 Y102.373 E.28626
;WIDTH:0.543978
G1 F718.48
G1 X109.942 Y102.419 E.29031
;WIDTH:0.585174
G1 F663.896
G1 X109.873 Y102.464 E.29462
G1 X109.89 Y102.377 E.29926
;WIDTH:0.543978
G1 F718.48
G1 X109.907 Y102.289 E.30359
;WIDTH:0.502782
G1 F782.845
G1 X109.923 Y102.201 E.30756
;WIDTH:0.461585
G1 F859.876
G1 X109.94 Y102.113 E.31118
;WIDTH:0.420389
G1 F953.722
G1 X109.957 Y102.026 E.31441
;WIDTH:0.400217
G1 F1007.565
G1 X110.164 Y101.765 E.32589
;WIDTH:0.405047
G1 F994.126
G1 X111.055 Y101.074 E.36527
;WIDTH:0.413141
G1 F972.392
G1 X111.417 Y100.707 E.38368
G1 X111.514 Y100.466 E.39296
;WIDTH:0.399977
G1 F1008.242
G1 X111.635 Y99.721 E.41895
;WIDTH:0.401321
G1 F1004.462
G1 X111.582 Y99.32 E.43293
G1 X111.387 Y98.868 E.44995
;WIDTH:0.395572
G1 F1020.836
G1 X111.074 Y98.408 E.46888
;WIDTH:0.405769
G1 F992.148
G1 X110.519 Y97.983 E.49335
G1 X110.048 Y97.794 E.51111
;WIDTH:0.378661
G1 F1072.255
G1 X109.61 Y97.716 E.52552
;WIDTH:0.383894
G1 F1055.799
G1 X109.285 Y97.711 E.53621
;WIDTH:0.431482
G1 F926.495
G1 X109.201 Y97.688 E.53947
;WIDTH:0.479069
G1 F825.407
G1 X109.117 Y97.665 E.54313
;WIDTH:0.526656
G1 F744.208
G1 X109.032 Y97.642 E.54724
;WIDTH:0.564445
G1 F690.284
G1 X108.965 Y97.624 E.55073
;WIDTH:0.602234
G1 F643.647
G1 X108.899 Y97.607 E.55441
;WIDTH:0.640022
G1 F602.912
G1 X108.832 Y97.589 E.55841
;WIDTH:0.657102
G1 F586.145
G1 X108.605 Y97.644 E.57225
G1 X107.808 Y98.008 E.62416
;WIDTH:0.647404
G1 F595.549
G1 X106.962 Y98.494 E.68105
;WIDTH:0.622162
G1 F621.502
G1 X106.461 Y98.74 E.71223
G1 X106.285 Y98.803 E.72267
;WIDTH:0.588211
G1 F660.198
G1 X106.109 Y98.867 E.73252
;WIDTH:0.55426
G1 F704.033
G1 X105.932 Y98.93 E.74179
;WIDTH:0.520308
G1 F754.104
G1 X105.35 Y99.05 E.76915
;WIDTH:0.493251
G1 F799.412
G1 X104.767 Y99.171 E.79501
;WIDTH:0.497372
G1 F792.163
G1 X104.398 Y99.174 E.81119
;WIDTH:0.52855
G1 F741.305
G1 X104.028 Y99.176 E.82852
;WIDTH:0.534696
G1 F732.041
G1 X103.816 Y99.137 E.83874
;WIDTH:0.565117
G1 F689.395
G1 X103.563 Y99.07 E.85192
;WIDTH:0.595538
G1 F651.445
G1 X103.311 Y99.002 E.86583
;WIDTH:0.630324
G1 F612.866
G1 X102.917 Y98.805 E.89079
;WIDTH:0.679103
G1 F565.875
G1 X102.739 Y98.661 E.90484
;WIDTH:0.727882
G1 F525.577
G1 X102.561 Y98.516 E.92001
G1 X101.968 Y97.889 E.97703
;WIDTH:0.719506
G1 F532.083
G1 X101.722 Y97.667 E.99865
;WIDTH:0.694396
G1 F552.591
G1 X101.476 Y97.445 E1.01947
;WIDTH:0.681652
G1 F563.617
G1 X100.977 Y97.267 E1.05211
G1 X100.487 Y97.217 E1.08245
;WIDTH:0.649124
G1 F593.86
G1 X99.993 Y97.241 E1.11137
;WIDTH:0.667232
G1 F576.635
G1 X99.436 Y97.371 E1.14581
G1 X98.906 Y97.639 E1.18157
;WIDTH:0.66311
G1 F580.467
G1 X98.597 Y97.881 E1.20505
;WIDTH:0.670164
G1 F573.939
G1 X98.204 Y98.327 E1.24101
G1 X97.948 Y98.757 E1.27129
;WIDTH:0.630136
G1 F613.062
G1 X97.722 Y99.391 E1.30941
;WIDTH:0.66364
G1 F579.972
G1 X97.725 Y100.034 E1.34791
G1 X97.956 Y100.88 E1.40042
;WIDTH:0.65868
G1 F584.643
G1 X98.225 Y101.306 E1.43034
;WIDTH:0.632274
G1 F610.838
G1 X98.639 Y101.762 E1.46535
;WIDTH:0.591444
G1 F656.307
G1 X99.039 Y102.093 E1.49282
;WIDTH:0.593902
G1 F653.379
G1 X99.66 Y102.529 E1.53314
G1 X100.091 Y102.908 E1.56364
;WIDTH:0.566112
G1 F688.084
G1 X100.175 Y103.026 E1.57095
;WIDTH:0.528211
G1 F741.824
G1 X100.259 Y103.145 E1.57777
;WIDTH:0.490309
G1 F804.669
G1 X100.343 Y103.263 E1.58402
;WIDTH:0.452408
G1 F879.148
G1 X100.428 Y103.382 E1.5898
;LAYER_CHANGE
;Z:6.35
;HEIGHT:0.2
G92 E0
G1 Z6.35 F7800
G1 X103.378 Y98.857
;TYPE:Perimeter
;WIDTH:0.449999
G1 F884.349
G1 X103.771 Y98.993 E.01633
G1 X104.114 Y99.049 E.02998
G1 X104.81 Y99.02 E.05733
G1 X106.271 Y98.684 E.11619
G1 X107.179 Y98.228 E.15609
G1 X107.909 Y97.767 E.18999
G1 X108.581 Y97.482 E.21865
G1 X109.1 Y97.379 E.23943
G1 X109.691 Y97.386 E.26264
G1 X110.113 Y97.485 E.27966
G1 X110.633 Y97.649 E.30107
G1 X111.027 Y97.876 E.31892
G1 X111.39 Y98.245 E.33924
G1 X111.769 Y98.839 E.36691
G1 X111.933 Y99.373 E.38884
G1 X111.995 Y99.845 E.40753
G1 X111.9 Y100.361 E.42813
G1 X111.742 Y100.851 E.44835
G1 X111.445 Y101.207 E.46655
G1 X110.478 Y101.957 E.5146
G1 X110.222 Y102.249 E.52985
G1 X109.846 Y102.762 E.55482
G1 X109.311 Y103.636 E.59506
G1 X108.811 Y104.783 E.64419
G1 X108.429 Y105.766 E.6856
G1 X107.503 Y107.668 E.76866
G1 X107.242 Y108.089 E.78811
G1 X106.849 Y108.501 E.81047
G1 X106.377 Y108.835 E.83317
G1 X105.183 Y109.153 E.88169
G1 X104.607 Y109.228 E.9045
G1 X104.035 Y109.15 E.92717
G1 X103.436 Y109.011 E.95131
G1 X103.033 Y108.832 E.96862
G1 X102.575 Y108.46 E.99179
G1 X102.241 Y108.072 E1.01189
G1 X101.943 Y107.662 E1.03179
G1 X101.337 Y106.608 E1.07953
G1 X101.129 Y106.113 E1.10061
G1 X100.955 Y105.594 E1.1221
G1 X100.813 Y104.776 E1.1547
G1 X100.668 Y104.208 E1.17772
G1 X100.509 Y103.782 E1.19557
G1 X100.106 Y103.132 E1.2256
G1 X99.852 Y102.854 E1.24039
G1 X99.375 Y102.499 E1.26374
G1 X98.941 Y102.209 E1.28424
G1 X98.563 Y101.904 E1.30331
G1 X98.22 Y101.532 E1.32318
G1 X97.913 Y101.102 E1.34393
G1 X97.688 Y100.647 E1.36386
G1 X97.545 Y99.993 E1.39015
G1 X97.58 Y99.219 E1.42057
G1 X97.827 Y98.65 E1.44493
G1 X98.23 Y98.006 E1.47476
G1 X98.719 Y97.55 E1.50101
G1 X99.402 Y97.217 E1.53085
G1 X100.136 Y97.05 E1.56041
G1 X100.673 Y97.078 E1.58152
G1 X101.251 Y97.15 E1.60439
G1 X101.564 Y97.307 E1.61814
G1 X102.004 Y97.683 E1.64087
G1 X102.379 Y98.122 E1.66354
G1 X102.889 Y98.637 E1.692
G1 X103.167 Y98.785 E1.70437
G1 X103.321 Y98.838 E1.71076
G1 X103.516 Y98.474 F7800
G1 F884.349
G1 X103.904 Y98.608 E1.72688
G1 X104.11 Y98.642 E1.73508
G1 X104.723 Y98.622 E1.75916
G1 X106.09 Y98.319 E1.81414
G1 X106.962 Y97.883 E1.85242
G1 X107.719 Y97.405 E1.88757
G1 X108.461 Y97.09 E1.91922
G1 X109.062 Y96.971 E1.94328
G1 X109.74 Y96.979 E1.9699
G1 X110.206 Y97.089 E1.9887
G1 X110.801 Y97.276 E2.01319
G1 X111.279 Y97.551 E2.03484
G1 X111.71 Y97.991 E2.05902
G1 X112.138 Y98.659 E2.09017
G1 X112.234 Y98.93 E2.10146
G1 X112.374 Y99.5 E2.12451
G1 X112.395 Y99.972 E2.14306
G1 X112.278 Y100.542 E2.16591
G1 X112.095 Y101.064 E2.18763
G1 X111.729 Y101.502 E2.21004
G1 X110.691 Y102.309 E2.26166
G1 X110.529 Y102.547 E2.27296
G1 X110.193 Y102.974 E2.29429
G1 X109.659 Y103.848 E2.33451
G1 X109.191 Y104.931 E2.38083
G1 X108.803 Y105.929 E2.42287
G1 X107.747 Y108.096 E2.51752
G1 X107.412 Y108.539 E2.53933
G1 X106.985 Y108.929 E2.56204
G1 X106.545 Y109.211 E2.58256
G1 X105.256 Y109.553 E2.63492
G1 X104.706 Y109.633 E2.65674
G1 X104.115 Y109.572 E2.68007
G1 X103.579 Y109.462 E2.70155
G1 X103.001 Y109.29 E2.72523
G1 X102.674 Y109.09 E2.74028
G1 X102.285 Y108.746 E2.76067
G1 X101.921 Y108.325 E2.78252
G1 X101.601 Y107.884 E2.80391
G1 X100.971 Y106.789 E2.85351
G1 X100.673 Y106.08 E2.88371
G1 X100.512 Y105.418 E2.91046
G1 X100.318 Y104.479 E2.94811
G1 X100.163 Y103.997 E2.96799
G1 X99.76 Y103.347 E2.99802
G1 X99.607 Y103.18 E3.00691
G1 X99.154 Y102.841 E3.02913
G1 X98.715 Y102.547 E3.04988
G1 X98.267 Y102.185 E3.0725
G1 X97.87 Y101.749 E3.09565
G1 X97.561 Y101.306 E3.11686
G1 X97.298 Y100.771 E3.14027
G1 X97.138 Y100.037 E3.16977
G1 X97.139 Y99.752 E3.18096
G1 X97.184 Y99.108 E3.20631
G1 X97.466 Y98.46 E3.23406
G1 X97.913 Y97.745 E3.26717
G1 X98.486 Y97.211 E3.29792
G1 X99.265 Y96.831 E3.33195
G1 X100.101 Y96.64 E3.36562
G1 X101.019 Y96.689 E3.40172
G1 X101.587 Y96.836 E3.42476
G1 X101.903 Y97.041 E3.43955
G1 X102.299 Y97.401 E3.46056
G1 X102.632 Y97.798 E3.48091
G1 X103.057 Y98.244 E3.5051
G1 X103.3 Y98.4 E3.51644
G1 X103.459 Y98.455 E3.52305
G1 X103.696 Y97.975 F7800
;TYPE:External perimeter
G1 F884.349
G1 X103.924 Y98.109 E3.53343
G1 X104.429 Y98.103 E3.55326
G1 X105.04 Y98.127 E3.57727
G1 X105.673 Y97.808 E3.6051
G1 X106.297 Y97.855 E3.62967
G1 X106.749 Y97.481 E3.65271
G1 X107.229 Y97.37 E3.67205
G1 X107.831 Y97.002 E3.69975
G1 X108.421 Y96.87 E3.72349
G1 X108.956 Y96.518 E3.74864
G1 X109.634 Y96.508 E3.77526
G1 X110.064 Y96.813 E3.79596
G1 X110.74 Y96.808 E3.8225
G1 X111.836 Y97.475 E3.87288
G1 X112.327 Y98.051 E3.9026
G1 X112.591 Y98.581 E3.92585
G1 X112.73 Y99.891 E3.97758
G1 X112.637 Y100.208 E3.99055
G1 X112.703 Y100.795 E4.01374
G1 X112.321 Y101.403 E4.04193
G1 X111.898 Y101.64 E4.06097
G1 X111.496 Y102.056 E4.08368
G1 X111.087 Y102.543 E4.10865
G1 X110.89 Y102.987 E4.12772
G1 X110.399 Y103.495 E4.15546
G1 X110.096 Y104.104 E4.18217
G1 X109.484 Y105.161 E4.23013
G1 X109.439 Y105.924 E4.26014
G1 X109.017 Y106.383 E4.28462
G1 X108.897 Y107.004 E4.30945
G1 X108.477 Y107.627 E4.33895
G1 X108.226 Y108.29 E4.36679
G1 X107.747 Y108.678 E4.39099
G1 X107.387 Y109.088 E4.41241
G1 X106.926 Y109.265 E4.4318
G1 X106.343 Y109.662 E4.45949
G1 X105.802 Y109.701 E4.48079
G1 X105.304 Y109.97 E4.50301
G1 X104.748 Y110.085 E4.5253
G1 X104.081 Y110.1 E4.5515
G1 X102.753 Y109.702 E4.60593
G1 X102.219 Y109.456 E4.62902
G1 X101.938 Y108.698 E4.66076
G1 X101.397 Y108.415 E4.68473
G1 X101.205 Y107.846 E4.70831
G1 X100.856 Y107.354 E4.73199
G1 X100.433 Y106.98 E4.75416
G1 X100.167 Y106.387 E4.77968
G1 X100.219 Y105.015 E4.83359
G1 X99.738 Y104.358 E4.86556
G1 X99.64 Y103.718 E4.89098
G1 X99.249 Y103.388 E4.91107
G1 X98.614 Y102.988 E4.94054
G1 X98.108 Y102.606 E4.96543
G1 X97.765 Y102.033 E4.99165
G1 X97.209 Y101.635 E5.0185
G1 X97.043 Y101.191 E5.03711
G1 X96.79 Y100.636 E5.06106
G1 X96.901 Y100.052 E5.0844
G1 X96.612 Y99.483 E5.10946
G1 X96.906 Y99.043 E5.13024
G1 X97.022 Y98.483 E5.15269
G1 X97.252 Y97.888 E5.17774
G1 X97.661 Y97.592 E5.19756
G1 X98.034 Y97.087 E5.22221
G1 X98.484 Y96.861 E5.24198
G1 X98.953 Y96.414 E5.26742
G1 X99.404 Y96.27 E5.28601
G1 X99.892 Y96.306 E5.30522
G1 X100.406 Y96.219 E5.32569
G1 X100.884 Y96.173 E5.34455
G1 X101.489 Y96.388 E5.36976
G1 X102.227 Y96.543 E5.39937
G1 X102.516 Y96.968 E5.41955
G1 X102.777 Y97.64 E5.44786
G1 X103.515 Y97.869 E5.4782
G1 X103.644 Y97.944 E5.48406
G1 X104.016 Y98.091 F7800
G92 E0
G1 X101.419 Y97.561
;TYPE:Solid infill
;WIDTH:0.433553
G1 F921.581
G1 X101.798 Y97.9 E.01916
G1 X102.131 Y98.274 E.03803
;WIDTH:0.408292
G1 F985.297
G1 X102.387 Y98.518 E.05049
;WIDTH:0.380297
G1 F1067.056
G1 X102.642 Y98.761 E.06195
;WIDTH:0.352302
G1 F1163.61
G1 X103.241 Y99.066 E.08201
;WIDTH:0.323329
G1 F1200
G1 X103.619 Y99.16 E.09255
;WIDTH:0.29315
G1 X103.997 Y99.255 E.10196
;WIDTH:0.262971
G1 X104.858 Y99.222 E.12025
;WIDTH:0.295845
G1 X105.529 Y99.104 E.13687
;WIDTH:0.297661
G1 X106.058 Y98.994 E.15015
;WIDTH:0.340084
G1 X106.675 Y98.762 E.16904
G1 X107.204 Y98.494 E.18604
;WIDTH:0.355986
G1 F1149.917
G1 X108.04 Y97.992 E.21549
;WIDTH:0.360814
G1 F1132.453
G1 X108.643 Y97.738 E.23555
;WIDTH:0.397457
G1 F1015.409
G1 X109.144 Y97.659 E.25289
;WIDTH:0.428178
G1 F934.439
G1 X109.655 Y97.68 E.27189
;WIDTH:0.438441
G1 F910.192
G1 X110.143 Y97.801 E.29107
;WIDTH:0.450313
G1 F883.668
G1 X110.712 Y98.047 E.31543
G1 X111.071 Y98.352 E.33394
;WIDTH:0.446049
G1 F893.014
G1 X111.385 Y98.801 E.35524
;WIDTH:0.454876
G1 F873.88
G1 X111.566 Y99.187 E.37218
;WIDTH:0.463344
G1 F856.278
G1 X111.678 Y99.684 E.39284
G1 X111.663 Y99.909 E.40198
;WIDTH:0.471704
G1 F839.584
G1 X111.542 Y100.505 E.42713
;WIDTH:0.481157
G1 F821.473
G1 X111.359 Y100.81 E.44216
G1 X110.907 Y101.223 E.46804
;WIDTH:0.474165
G1 F834.792
G1 X110.299 Y101.72 E.5007
;WIDTH:0.432164
G1 F924.87
G1 X110.016 Y102.039 E.51671
;WIDTH:0.426952
G1 F937.422
G1 X109.926 Y102.214 E.524
;WIDTH:0.405251
G1 F993.567
G1 X109.62 Y102.589 E.54092
;WIDTH:0.406416
G1 F990.382
G1 X109.024 Y103.57 E.58116
G1 X109.448 Y102.455 E.62298
;WIDTH:0.426952
G1 F937.422
G1 X109.723 Y101.79 E.64964
;WIDTH:0.432164
G1 F924.87
G1 X110.056 Y101.416 E.66844
;WIDTH:0.474165
G1 F834.792
G1 X110.627 Y100.896 E.70056
;WIDTH:0.481157
G1 F821.473
G1 X111.04 Y100.51 E.72446
G1 X111.201 Y100.226 E.73826
;WIDTH:0.4538
G1 F876.168
G1 X111.263 Y99.849 E.7534
;WIDTH:0.459276
G1 F864.645
G1 X111.192 Y99.378 E.77253
G1 X111.108 Y99.144 E.78251
;WIDTH:0.458595
G1 F866.061
G1 X110.82 Y98.678 E.80447
;WIDTH:0.457634
G1 F868.068
G1 X110.574 Y98.446 E.818
;WIDTH:0.458901
G1 F865.424
G1 X110.332 Y98.312 E.8291
G1 X109.846 Y98.112 E.85019
;WIDTH:0.422951
G1 F947.291
G1 X109.278 Y98.015 E.87131
;WIDTH:0.399461
G1 F1009.702
G1 X108.786 Y98.032 E.88824
;WIDTH:0.36342
G1 F1123.245
G1 X108.512 Y98.105 E.89701
;WIDTH:0.355986
G1 F1149.917
G1 X108.176 Y98.273 E.90835
G1 X107.323 Y98.754 E.93792
;WIDTH:0.340084
G1 F1200
G1 X106.812 Y99.026 E.95451
G1 X106.465 Y99.16 E.96517
;WIDTH:0.317984
G1 X106.096 Y99.246 E.97522
;WIDTH:0.29693
G1 X105.58 Y99.351 E.98812
;WIDTH:0.295845
G1 X105.247 Y99.376 E.99627
;WIDTH:0.266988
G1 X104.517 Y99.478 E1.0122
;WIDTH:0.283794
G1 X103.66 Y99.441 E1.03213
;WIDTH:0.323329
G1 X103.171 Y99.337 E1.04565
G1 X102.943 Y99.245 E1.0523
;WIDTH:0.349862
G1 F1172.86
G1 X102.629 Y99.09 E1.06267
;WIDTH:0.381308
G1 F1063.867
G1 X102.316 Y98.935 E1.07407
;WIDTH:0.409079
G1 F983.179
G1 X101.855 Y98.515 E1.0961
;WIDTH:0.427407
G1 F936.312
G1 X101.24 Y97.905 E1.12822
G1 X100.961 Y97.745 E1.14015
;WIDTH:0.403856
G1 F997.407
G1 X100.587 Y97.667 E1.15345
;WIDTH:0.371756
G1 F1094.771
G1 X100.075 Y97.664 E1.16969
;WIDTH:0.375004
G1 F1084.063
G1 X99.478 Y97.847 E1.18969
G1 X98.953 Y98.144 E1.20901
;WIDTH:0.373669
G1 F1088.439
G1 X98.65 Y98.457 E1.22291
;WIDTH:0.373875
G1 F1087.761
G1 X98.272 Y99.115 E1.24713
;WIDTH:0.39742
G1 F1015.515
G1 X98.178 Y99.66 E1.26604
G1 X98.258 Y100.316 E1.28864
;WIDTH:0.394081
G1 F1025.171
G1 X98.342 Y100.584 E1.29815
;WIDTH:0.382128
G1 F1061.296
G1 X98.783 Y101.309 E1.32591
;WIDTH:0.359787
G1 F1136.123
G1 X99.022 Y101.548 E1.33624
;WIDTH:0.401491
G1 F1003.988
G1 X99.055 Y101.61 E1.33867
;WIDTH:0.445552
G1 F894.118
G1 X99.087 Y101.673 E1.34141
;WIDTH:0.489613
G1 F805.924
G1 X99.119 Y101.735 E1.34442
;WIDTH:0.533674
G1 F733.566
G1 X99.152 Y101.798 E1.34779
;WIDTH:0.577735
G1 F673.13
G1 X99.184 Y101.86 E1.35139
;WIDTH:0.621796
G1 F621.895
G1 X99.217 Y101.922 E1.35531
G1 X99.148 Y101.898 E1.35939
;WIDTH:0.577735
G1 F673.13
G1 X99.08 Y101.873 E1.36313
;WIDTH:0.533674
G1 F733.566
G1 X99.011 Y101.849 E1.36659
;WIDTH:0.489613
G1 F805.924
G1 X98.942 Y101.825 E1.36974
;WIDTH:0.445552
G1 F894.118
G1 X98.874 Y101.8 E1.37255
;WIDTH:0.401491
G1 F1003.988
G1 X98.805 Y101.776 E1.37508
;WIDTH:0.358365
G1 F1141.245
G1 X98.579 Y101.556 E1.38468
;WIDTH:0.39358
G1 F1026.635
G1 X98.256 Y101.138 E1.40255
;WIDTH:0.396508
G1 F1018.134
G1 X97.948 Y100.532 E1.42573
;WIDTH:0.413268
G1 F972.059
G1 X97.836 Y99.982 E1.44578
G1 X97.825 Y99.68 E1.45658
;WIDTH:0.407137
G1 F988.422
G1 X97.866 Y99.273 E1.47095
G1 X98.073 Y98.766 E1.49019
;WIDTH:0.378408
G1 F1073.064
G1 X98.456 Y98.164 E1.51328
;WIDTH:0.388945
G1 F1040.387
G1 X98.9 Y97.768 E1.53314
G1 X99.512 Y97.471 E1.55584
;WIDTH:0.3842
G1 F1054.852
G1 X100.093 Y97.332 E1.57551
;WIDTH:0.37012
G1 F1100.245
G1 X100.576 Y97.339 E1.59076
;WIDTH:0.403856
G1 F997.407
G1 X101.097 Y97.415 E1.60909
;WIDTH:0.413095
G1 F972.513
G1 X101.233 Y97.477 E1.61443
G92 E0
G1 X99.217 Y101.922 F7800
;WIDTH:0.621796
G1 F621.895
G1 X99.256 Y101.952 E.00275
;WIDTH:0.623316
G1 F620.266
G1 X99.83 Y102.35 E.04185
G1 X99.997 Y102.505 E.05461
;WIDTH:0.582686
G1 F666.956
G1 X100.163 Y102.66 E.06643
;WIDTH:0.542056
G1 F721.246
G1 X100.288 Y102.862 E.07787
;WIDTH:0.505702
G1 F777.904
G1 X100.413 Y103.064 E.08847
;WIDTH:0.469348
G1 F844.222
M73 P31 R20
G1 X100.538 Y103.266 E.09824
;LAYER_CHANGE
;Z:6.55
;HEIGHT:0.2
G92 E0
G1 Z6.55 F7800
G1 X103.712 Y99.17
;TYPE:Perimeter
;WIDTH:0.449999
G1 F884.349
G1 X104.145 Y99.241 E.01723
G1 X104.71 Y99.208 E.03945
G1 X106.218 Y98.932 E.09964
G1 X106.497 Y98.838 E.1112
G1 X107.409 Y98.374 E.15138
G1 X108.32 Y97.862 E.19241
G1 X108.826 Y97.698 E.2133
M73 Q31 S20
G1 X109.4 Y97.692 E.23584
G1 X110.042 Y97.766 E.26121
G1 X110.665 Y98.066 E.28836
G1 X111.065 Y98.381 E.30835
G1 X111.329 Y98.756 E.32636
G1 X111.591 Y99.307 E.35032
G1 X111.651 Y99.716 E.36655
G1 X111.567 Y100.166 E.38452
G1 X111.464 Y100.661 E.40437
G1 X111.086 Y101.054 E.42578
G1 X110.191 Y101.745 E.47018
G1 X109.921 Y102.103 E.48779
G1 X109.8 Y102.42 E.50111
G1 X109.627 Y102.672 E.51311
G1 X109.253 Y103.324 E.54262
G1 X108.76 Y104.767 E.60249
G1 X108.322 Y105.921 E.65096
G1 X107.489 Y107.656 E.72653
G1 X107.236 Y108.069 E.74555
G1 X106.92 Y108.425 E.76424
G1 X106.44 Y108.797 E.78808
G1 X105.291 Y109.094 E.83468
G1 X104.783 Y109.194 E.85501
G1 X104.518 Y109.18 E.86543
G1 X103.932 Y109.082 E.88876
G1 X103.162 Y108.878 E.92004
G1 X102.735 Y108.574 E.94062
G1 X102.348 Y108.168 E.96264
G1 X101.957 Y107.654 E.988
G1 X101.386 Y106.628 E1.0341
G1 X101.088 Y105.947 E1.06329
G1 X100.893 Y105.046 E1.09949
G1 X100.774 Y104.386 E1.12582
G1 X100.515 Y103.528 E1.16101
G1 X100.111 Y102.799 E1.19374
G1 X99.859 Y102.551 E1.20762
G1 X99.156 Y102.068 E1.24111
G1 X98.709 Y101.716 E1.26345
G1 X98.405 Y101.354 E1.28201
G1 X98.05 Y100.809 E1.30755
G1 X97.839 Y99.993 E1.34064
G1 X97.821 Y99.369 E1.36515
G1 X98.058 Y98.768 E1.39052
G1 X98.434 Y98.209 E1.41697
G1 X98.784 Y97.837 E1.43703
G1 X99.534 Y97.462 E1.46995
G1 X100.2 Y97.313 E1.49675
G1 X100.868 Y97.369 E1.52307
G1 X101.358 Y97.507 E1.54306
G1 X101.868 Y98.002 E1.57097
G1 X102.47 Y98.647 E1.60561
G1 X102.799 Y98.881 E1.62146
G1 X103.384 Y99.116 E1.64621
G1 X103.653 Y99.16 E1.65691
G1 X103.793 Y98.775 F7800
G1 F884.349
G1 X104.128 Y98.834 E1.67027
G1 X104.637 Y98.807 E1.69028
G1 X105.539 Y98.642 E1.72628
G1 X106.312 Y98.475 E1.75733
G1 X107.224 Y98.011 E1.79751
G1 X107.622 Y97.779 E1.8156
G1 X108.265 Y97.443 E1.84409
G1 X108.773 Y97.291 E1.86491
G1 X109.608 Y97.282 E1.8977
G1 X110.158 Y97.372 E1.91958
G1 X110.553 Y97.546 E1.93653
G1 X111.015 Y97.807 E1.95736
G1 X111.451 Y98.19 E1.98015
G1 X111.771 Y98.691 E2.00349
G1 X111.986 Y99.195 E2.025
G1 X112.066 Y99.735 E2.04643
G1 X112.006 Y99.981 E2.05637
G1 X111.931 Y100.494 E2.07673
G1 X111.823 Y100.874 E2.09224
G1 X111.303 Y101.406 E2.12145
G1 X110.479 Y102.035 E2.16215
G1 X110.293 Y102.27 E2.17392
G1 X110.133 Y102.692 E2.19164
G1 X109.974 Y102.884 E2.20143
G1 X109.637 Y103.46 E2.22763
G1 X109.148 Y104.892 E2.28704
G1 X108.696 Y106.082 E2.33702
G1 X107.733 Y108.089 E2.42443
G1 X107.366 Y108.57 E2.44819
G1 X107.061 Y108.846 E2.46434
G1 X106.611 Y109.173 E2.48618
G1 X105.389 Y109.489 E2.53574
G1 X104.81 Y109.603 E2.55891
G1 X104.289 Y109.575 E2.5794
G1 X103.466 Y109.398 E2.61245
G1 X102.985 Y109.248 E2.63223
G1 X102.781 Y109.12 E2.64169
G1 X102.362 Y108.789 E2.66266
G1 X101.915 Y108.295 E2.68882
G1 X101.612 Y107.872 E2.70925
G1 X101.02 Y106.809 E2.75702
G1 X100.699 Y106.072 E2.78858
G1 X100.495 Y105.132 E2.82635
G1 X100.381 Y104.492 E2.85187
G1 X100.158 Y103.722 E2.88335
G1 X99.819 Y103.098 E2.91123
G1 X99.628 Y102.887 E2.92241
G1 X98.839 Y102.344 E2.96002
G1 X98.422 Y102.009 E2.98102
G1 X97.959 Y101.455 E3.00937
G1 X97.67 Y100.967 E3.03164
G1 X97.433 Y100.051 E3.06879
G1 X97.412 Y99.298 E3.09837
G1 X97.695 Y98.578 E3.12875
G1 X98.115 Y97.955 E3.15825
G1 X98.537 Y97.506 E3.18244
G1 X99.396 Y97.076 E3.22016
M73 P31 R19
G1 X100.165 Y96.903 E3.25111
G1 X100.79 Y96.935 E3.27568
G1 X101.306 Y97.049 E3.29643
G1 X101.602 Y97.176 E3.30908
G1 X102.159 Y97.717 E3.33957
G1 X102.767 Y98.369 E3.37457
G1 X102.965 Y98.51 E3.38411
G1 X103.466 Y98.717 E3.40539
G1 X103.734 Y98.765 E3.41608
G1 X103.895 Y98.291 F7800
;TYPE:External perimeter
G1 F884.349
G1 X104.129 Y98.252 E3.42539
G1 X104.644 Y98.485 E3.44758
G1 X105.163 Y98.113 E3.47265
G1 X106.235 Y98.163 E3.51479
G1 X106.627 Y97.728 E3.53778
G1 X107.327 Y97.56 E3.56605
G1 X107.736 Y97.357 E3.58398
G1 X108.914 Y97.029 E3.63199
G1 X109.381 Y96.856 E3.65154
G1 X110.038 Y96.789 E3.67747
G1 X110.541 Y96.927 E3.69795
G1 X110.954 Y97.503 E3.72578
G1 X111.399 Y97.779 E3.74634
G1 X112.047 Y98.088 E3.77453
G1 X112.134 Y98.881 E3.80585
G1 X112.601 Y99.427 E3.83406
G1 X112.389 Y99.918 E3.85506
G1 X112.442 Y100.383 E3.87344
G1 X112.366 Y101.084 E3.90113
G1 X111.827 Y101.356 E3.92484
G1 X111.448 Y101.953 E3.95261
G1 X111.105 Y102.324 E3.97245
G1 X110.602 Y102.667 E3.99635
G1 X110.38 Y103.111 E4.01584
G1 X109.935 Y103.666 E4.04377
G1 X109.747 Y104.128 E4.06335
G1 X109.82 Y104.767 E4.0886
G1 X109.425 Y105.286 E4.11421
G1 X109.321 Y106.043 E4.14421
G1 X108.884 Y106.568 E4.17103
G1 X108.466 Y107.154 E4.19929
G1 X108.284 Y107.785 E4.22508
G1 X108.029 Y108.453 E4.25315
G1 X107.465 Y108.908 E4.2816
G1 X106.867 Y109.25 E4.30865
G1 X106.587 Y109.656 E4.32801
G1 X106.119 Y109.65 E4.34639
G1 X105.548 Y109.797 E4.36954
G1 X104.857 Y110.085 E4.39893
G1 X104.223 Y109.969 E4.42424
G1 X103.724 Y110.057 E4.44414
G1 X103.094 Y109.638 E4.47385
G1 X102.71 Y109.324 E4.49333
G1 X102.178 Y108.967 E4.51849
G1 X101.614 Y108.622 E4.54445
G1 X101.005 Y107.755 E4.58605
G1 X100.828 Y107.14 E4.61118
G1 X100.352 Y106.627 E4.63866
G1 X100.11 Y105.911 E4.66834
G1 X99.997 Y105.279 E4.69355
G1 X100.139 Y104.51 E4.72425
G1 X99.987 Y103.948 E4.74711
G1 X99.611 Y103.582 E4.76771
G1 X99.293 Y102.949 E4.79552
G1 X98.739 Y102.536 E4.82265
G1 X98.113 Y102.53 E4.84723
G1 X97.696 Y101.992 E4.87396
G1 X97.428 Y101.517 E4.89537
G1 X97.355 Y100.95 E4.91782
G1 X97.212 Y100.326 E4.94296
G1 X97.024 Y99.814 E4.96438
G1 X97.112 Y99.212 E4.98827
G1 X97.414 Y98.539 E5.01723
G1 X97.411 Y97.943 E5.04063
G1 X97.926 Y97.712 E5.06279
G1 X98.302 Y96.956 E5.09594
G1 X98.907 Y96.908 E5.11977
G1 X99.498 Y96.541 E5.14709
G1 X100.067 Y96.695 E5.17024
G1 X100.576 Y96.355 E5.19427
G1 X100.982 Y96.726 E5.21586
G1 X101.694 Y96.664 E5.24392
G1 X102.102 Y97.098 E5.26731
G1 X102.607 Y97.449 E5.29146
G1 X102.899 Y98.112 E5.31991
G1 X103.499 Y98.358 E5.34537
G1 X103.836 Y98.301 E5.35879
G1 X104.235 Y98.318 F7800
G92 E0
G1 X106.434 Y99.788
;TYPE:Internal infill
;WIDTH:0.45
;HEIGHT:0.4
G1 F494.289
G1 X106.953 Y99.673 E.03734
G1 X107.55 Y99.436 E.08246
M73 Q31 S19
G1 X108.664 Y98.831 E.17151
G1 X109.393 Y99.306 E.23263
G1 X109.684 Y99.743 E.26951
G1 X109.68 Y100.179 E.30014
G1 X109.536 Y100.628 E.33326
G1 X109.052 Y101.288 E.39076
G1 X108.937 Y101.709 E.42142
G1 X108.736 Y101.926 E.4422
G1 X107.395 Y102.8 E.55465
G1 X107.104 Y103.237 E.59153
G1 X107.109 Y103.674 E.62223
G1 X107.389 Y104.547 E.68664
G1 X107.65 Y104.984 E.7224
G1 X108.159 Y105.49 E.77282
G1 X107.122 Y107.715 E.94527
G1 X106.839 Y108.086 E.97805
G1 X106.308 Y108.516 E1.02605
G1 X106.077 Y108.576 E1.04282
G1 X105.905 Y108.041 E1.0823
G1 X105.645 Y107.605 E1.11796
G1 X105.242 Y107.168 E1.15972
G1 X103.901 Y106.294 E1.27217
G1 X103.61 Y105.857 E1.30905
G1 X103.614 Y105.421 E1.33968
G1 X103.895 Y104.547 E1.40417
G1 X104.155 Y104.11 E1.43989
G1 X104.558 Y103.674 E1.4816
G1 X105.899 Y102.8 E1.59405
G1 X106.19 Y102.363 E1.63093
G1 X106.186 Y101.926 E1.66163
G1 X105.905 Y101.053 E1.72606
G1 X105.645 Y100.616 E1.76178
G1 X105.242 Y100.179 E1.80354
G1 X104.86 Y99.931 E1.83553
G1 X103.805 Y99.963 E1.90968
G1 X103.131 Y99.908 E1.95719
G1 X102.695 Y99.806 E1.98865
G1 X102.691 Y100.179 E2.01485
G1 X102.411 Y101.053 E2.07932
G1 X102.15 Y101.49 E2.11508
G1 X101.748 Y101.926 E2.15674
G1 X100.794 Y102.547 E2.23671
G1 X101.038 Y103.103 E2.27936
G1 X101.124 Y103.544 E2.31092
G1 X101.083 Y103.559 E2.31399
G1 X101.109 Y103.626 E2.31904
G1 X100.909 Y103.727 E2.33478
G1 X101.323 Y105.589 E2.46878
G1 X102.405 Y106.294 E2.5595
G1 X102.696 Y106.731 E2.59638
G1 X102.691 Y107.168 E2.62708
G1 X102.472 Y107.85 E2.6774
G1 X102.862 Y108.28 E2.71818
G1 X103.295 Y108.601 E2.75605
G1 X104.583 Y108.877 E2.84859
G92 E0
G1 X98.149 Y99.925 F7800
;TYPE:Solid infill
;WIDTH:0.473596
;HEIGHT:0.2
G1 F835.895
G1 X98.156 Y99.384 E.02248
G1 X98.341 Y98.892 E.04432
;WIDTH:0.451024
G1 F882.128
G1 X98.674 Y98.401 E.06767
G1 X99.032 Y98.052 E.08735
;WIDTH:0.445562
G1 F894.094
G1 X99.657 Y97.737 E.11453
;WIDTH:0.433897
G1 F920.77
G1 X100.252 Y97.613 E.13745
;WIDTH:0.454895
G1 F873.839
G1 X100.795 Y97.671 E.15915
;WIDTH:0.50313
G1 F782.252
G1 X101.217 Y97.832 E.1792
G1 X101.646 Y98.227 E.20509
;WIDTH:0.471328
G1 F840.32
G1 X101.951 Y98.532 E.22291
;WIDTH:0.440734
G1 F904.945
G1 X102.256 Y98.836 E.23943
;WIDTH:0.41014
G1 F980.339
G1 X102.42 Y98.947 E.24644
;WIDTH:0.381366
G1 F1063.685
G1 X102.584 Y99.058 E.2529
;WIDTH:0.352592
G1 F1162.52
G1 X103.236 Y99.318 E.27387
;WIDTH:0.305472
G1 F1200
G1 X103.615 Y99.38 E.2836
;WIDTH:0.279757
G1 X103.993 Y99.443 E.29235
;WIDTH:0.261956
G1 X104.567 Y99.43 E.30448
;WIDTH:0.272629
G1 X105.149 Y99.345 E.31751
;WIDTH:0.301547
G1 X105.477 Y99.3 E.32577
;WIDTH:0.330464
G1 X106.321 Y99.159 E.3495
;WIDTH:0.369034
G1 F1103.908
G1 X106.726 Y99.019 E.36298
;WIDTH:0.391017
G1 F1034.194
G1 X107.54 Y98.616 E.39348
;WIDTH:0.404126
G1 F996.661
G1 X108.301 Y98.18 E.42404
G1 X108.754 Y98.012 E.44087
;WIDTH:0.396694
G1 F1017.599
G1 X109.009 Y97.975 E.44966
;WIDTH:0.424229
G1 F944.117
G1 X109.273 Y97.986 E.45938
;WIDTH:0.451763
G1 F880.534
G1 X109.536 Y97.997 E.46976
;WIDTH:0.50169
G1 F784.707
G1 X109.919 Y98.081 E.48711
;WIDTH:0.522519
G1 F750.627
G1 X110.382 Y98.295 E.51071
G1 X110.609 Y98.458 E.52364
;WIDTH:0.527801
G1 F742.45
G1 X110.89 Y98.707 E.5412
G1 X111.161 Y99.171 E.56633
;WIDTH:0.537544
G1 F727.826
G1 X111.281 Y99.598 E.58749
G1 X111.275 Y99.85 E.59952
;WIDTH:0.578715
G1 F671.899
G1 X111.155 Y100.417 E.62947
;WIDTH:0.581274
G1 F668.705
G1 X110.802 Y100.809 E.65686
G1 X110.404 Y101.128 E.68335
;WIDTH:0.567954
G1 F685.67
G1 X110.165 Y101.335 E.69936
;WIDTH:0.534643
G1 F732.12
G1 X109.926 Y101.542 E.71436
;WIDTH:0.501331
G1 F785.321
G1 X109.798 Y101.75 E.72516
;WIDTH:0.463136
G1 F856.703
G1 X109.669 Y101.958 E.73508
;WIDTH:0.42494
G1 F942.359
G1 X109.469 Y102.426 E.75383
;WIDTH:0.421312
G1 F951.394
G1 X109.102 Y102.973 E.77787
;WIDTH:0.44022
G1 F906.116
G1 X109.005 Y103.177 E.78653
G1 X109.039 Y102.948 E.7954
;WIDTH:0.421312
G1 F951.394
G1 X109.192 Y102.194 E.82348
;WIDTH:0.447079
G1 F890.739
G1 X109.319 Y101.832 E.83844
;WIDTH:0.4861
G1 F812.311
G1 X109.446 Y101.471 E.8548
;WIDTH:0.501331
G1 F785.321
G1 X109.61 Y101.213 E.86832
;WIDTH:0.534643
G1 F732.12
G1 X109.84 Y100.968 E.88426
;WIDTH:0.567954
G1 F685.67
G1 X110.07 Y100.723 E.90128
;WIDTH:0.571985
G1 F680.446
G1 X110.613 Y100.254 E.93789
G1 X110.74 Y100.036 E.95076
;WIDTH:0.547979
G1 F712.788
G1 X110.792 Y99.769 E.96401
;WIDTH:0.532623
G1 F735.139
G1 X110.734 Y99.398 E.98175
;WIDTH:0.527801
G1 F742.45
G1 X110.48 Y98.966 E1.00519
G1 X110.355 Y98.841 E1.01346
;WIDTH:0.50348
G1 F781.657
G1 X109.768 Y98.507 E1.04346
;WIDTH:0.50169
G1 F784.707
G1 X109.499 Y98.401 E1.05625
;WIDTH:0.451763
G1 F880.534
G1 X109.234 Y98.363 E1.06681
;WIDTH:0.423647
G1 F945.561
G1 X108.97 Y98.324 E1.07661
;WIDTH:0.404126
G1 F996.661
G1 X108.478 Y98.495 E1.09476
G1 X107.384 Y99.093 E1.1382
;WIDTH:0.395532
G1 F1020.952
G1 X106.86 Y99.316 E1.15757
;WIDTH:0.369034
G1 F1103.908
G1 X106.374 Y99.437 E1.17332
;WIDTH:0.330464
G1 F1200
G1 X105.83 Y99.54 E1.18868
G1 X105.494 Y99.557 E1.19801
;WIDTH:0.300772
G1 X105.157 Y99.574 E1.2064
;WIDTH:0.27108
G1 X104.571 Y99.649 E1.2194
;WIDTH:0.268489
G1 X103.817 Y99.647 E1.2358
;WIDTH:0.308391
G1 X103.118 Y99.559 E1.25384
;WIDTH:0.335837
G1 X102.759 Y99.439 E1.26453
;WIDTH:0.363283
G1 F1123.725
G1 X102.401 Y99.32 E1.27619
;WIDTH:0.41014
G1 F980.339
G1 X102.021 Y99.114 E1.2915
;WIDTH:0.437105
G1 F913.277
G1 X101.82 Y98.962 E1.30108
;WIDTH:0.46407
G1 F854.802
G1 X101.619 Y98.81 E1.31132
;WIDTH:0.473923
G1 F835.261
G1 X101.186 Y98.378 E1.33675
G1 X100.751 Y98.091 E1.35842
;WIDTH:0.467523
G1 F847.851
G1 X100.426 Y98.006 E1.37218
;WIDTH:0.432301
G1 F924.544
G1 X100.039 Y98.023 E1.38673
;WIDTH:0.427168
G1 F936.895
G1 X99.705 Y98.134 E1.39977
;WIDTH:0.443812
G1 F897.997
G1 X99.173 Y98.45 E1.4237
G1 X98.831 Y98.863 E1.44443
;WIDTH:0.446863
G1 F891.215
G1 X98.589 Y99.317 E1.46447
;WIDTH:0.463234
G1 F856.503
G1 X98.569 Y99.896 E1.48796
G1 X98.662 Y100.399 E1.5087
;WIDTH:0.438443
G1 F910.187
G1 X98.883 Y100.852 E1.52793
;WIDTH:0.438282
G1 X99.197 Y101.257 E1.54747
;WIDTH:0.42178
G1 F950.219
G1 X99.476 Y101.519 E1.56146
;WIDTH:0.398507
G1 F1012.41
G1 X99.883 Y101.867 E1.57983
;WIDTH:0.406859
G1 F989.177
G1 X99.917 Y101.929 E1.58231
;WIDTH:0.449965
G1 F884.424
G1 X99.95 Y101.991 E1.58507
;WIDTH:0.493071
G1 F799.733
M73 P32 R19
G1 X99.984 Y102.053 E1.58814
;WIDTH:0.536177
G1 F729.844
G1 X100.017 Y102.115 E1.59148
;WIDTH:0.579283
G1 F671.188
G1 X100.05 Y102.177 E1.59511
;WIDTH:0.622388
G1 F621.259
G1 X100.084 Y102.239 E1.59906
G1 X100.017 Y102.218 E1.60298
;WIDTH:0.579283
G1 F671.188
G1 X99.95 Y102.198 E1.6066
;WIDTH:0.536177
G1 F729.844
G1 X99.884 Y102.178 E1.60988
;WIDTH:0.493071
G1 F799.733
G1 X99.817 Y102.157 E1.61293
;WIDTH:0.449965
G1 F884.424
G1 X99.75 Y102.137 E1.61568
;WIDTH:0.406859
G1 F989.177
G1 X99.683 Y102.117 E1.61813
;WIDTH:0.392767
G1 F1029.023
G1 X99.306 Y101.818 E1.63437
;WIDTH:0.42178
G1 F950.219
G1 X98.928 Y101.519 E1.65198
;WIDTH:0.433109
G1 F922.63
G1 X98.6 Y101.125 E1.67127
;WIDTH:0.452221
G1 F879.548
G1 X98.351 Y100.716 E1.69017
G1 X98.27 Y100.461 E1.70073
;WIDTH:0.454689
G1 F874.277
G1 X98.194 Y100.124 E1.71445
G92 E0
G1 X100.084 Y102.239 F7800
;WIDTH:0.622388
G1 F621.259
G1 X100.174 Y102.342 E.00764
;WIDTH:0.585286
G1 F663.758
G1 X100.263 Y102.445 E.01476
;WIDTH:0.548184
G1 F712.499
G1 X100.372 Y102.644 E.02582
;WIDTH:0.514062
G1 F764.102
G1 X100.48 Y102.842 E.03607
;WIDTH:0.479939
G1 F823.763
G1 X100.588 Y103.041 E.04561
;LAYER_CHANGE
;Z:6.75
;HEIGHT:0.2
G92 E0
G1 Z6.75 F7800
G1 X103.255 Y99.308
;TYPE:Perimeter
;WIDTH:0.449999
G1 F884.349
M73 Q32 S19
G1 X103.38 Y99.342 E.00509
G1 X103.941 Y99.407 E.02726
G1 X104.529 Y99.403 E.05035
G1 X105.055 Y99.328 E.07121
G1 X105.672 Y99.278 E.09552
G1 X106.462 Y99.111 E.12722
G1 X106.859 Y98.961 E.14388
G1 X108.353 Y98.139 E.21083
G1 X108.645 Y98.032 E.22304
G1 X109.271 Y98.003 E.24765
G1 X109.879 Y98.121 E.27197
G1 X110.522 Y98.423 E.29986
G1 X110.658 Y98.542 E.30696
G1 X110.888 Y98.805 E.32068
G1 X111.12 Y99.227 E.33959
G1 X111.252 Y99.821 E.36348
G1 X111.201 Y100.204 E.37865
G1 X111.045 Y100.458 E.39035
G1 X110.467 Y101.034 E.42239
G1 X110.032 Y101.427 E.44541
G1 X109.706 Y101.789 E.46454
G1 X108.967 Y103.743 E.54657
G1 X108.646 Y104.86 E.5922
G1 X108.27 Y105.962 E.63792
G1 X107.373 Y107.861 E.72038
G1 X107.012 Y108.333 E.74371
G1 X106.536 Y108.74 E.7683
G1 X104.755 Y109.167 E.84021
G1 X103.9 Y109.051 E.87409
G1 X103.34 Y108.901 E.89685
G1 X102.966 Y108.717 E.91322
G1 X102.532 Y108.357 E.93536
G1 X101.958 Y107.623 E.97195
G1 X101.435 Y106.649 E1.01536
G1 X101.103 Y105.915 E1.04699
G1 X100.954 Y105.237 E1.07425
G1 X100.79 Y104.211 E1.11505
G1 X100.548 Y103.266 E1.15335
G1 X100.228 Y102.645 E1.18078
G1 X100.063 Y102.412 E1.19199
G1 X99.898 Y102.272 E1.20049
G1 X99.199 Y101.768 E1.23433
G1 X98.761 Y101.33 E1.25865
G1 X98.308 Y100.56 E1.29373
G1 X98.249 Y100.338 E1.30275
G1 X98.17 Y99.824 E1.32317
G1 X98.208 Y99.27 E1.34497
G1 X98.269 Y99.052 E1.35386
G1 X98.646 Y98.418 E1.38282
G1 X98.906 Y98.145 E1.39762
G1 X99.474 Y97.823 E1.42326
G1 X99.98 Y97.658 E1.44416
G1 X100.446 Y97.637 E1.46248
G1 X100.955 Y97.728 E1.48278
G1 X101.23 Y97.9 E1.49552
G1 X102.131 Y98.777 E1.54489
G1 X102.444 Y98.985 E1.55965
G1 X103.116 Y99.27 E1.58831
G1 X103.197 Y99.292 E1.59161
G1 X103.36 Y98.909 F7800
G1 F884.349
G1 X103.434 Y98.939 E1.59475
G1 X103.94 Y99 E1.61476
G1 X104.482 Y98.998 E1.63604
G1 X104.995 Y98.926 E1.65638
G1 X105.587 Y98.88 E1.67969
G1 X106.378 Y98.712 E1.71144
G1 X106.66 Y98.606 E1.72327
G1 X107.768 Y97.985 E1.77314
G1 X108.351 Y97.681 E1.79896
G1 X108.729 Y97.596 E1.81417
G1 X109.31 Y97.595 E1.83698
G1 X110.007 Y97.732 E1.86487
G1 X110.746 Y98.079 E1.89693
G1 X111.1 Y98.388 E1.91538
G1 X111.417 Y98.867 E1.93793
G1 X111.561 Y99.239 E1.95359
G1 X111.664 Y99.845 E1.97773
G1 X111.592 Y100.346 E1.9976
G1 X111.371 Y100.705 E2.01415
G1 X110.648 Y101.449 E2.05488
G1 X110.21 Y101.808 E2.07712
G1 X110.025 Y102.066 E2.08959
G1 X109.357 Y103.86 E2.16476
G1 X109.205 Y104.368 E2.18558
G1 X109.029 Y105.065 E2.21381
G1 X108.662 Y106.085 E2.25637
G1 X107.827 Y107.861 E2.33343
G1 X107.558 Y108.29 E2.35331
G1 X107.181 Y108.733 E2.37615
G1 X106.7 Y109.122 E2.40044
G1 X104.777 Y109.577 E2.47803
G1 X104.099 Y109.517 E2.50476
G1 X103.492 Y109.372 E2.52926
G1 X102.961 Y109.199 E2.55119
G1 X102.745 Y109.059 E2.5613
G1 X102.233 Y108.635 E2.5874
G1 X101.616 Y107.846 E2.62673
G1 X101.07 Y106.83 E2.67202
G1 X100.715 Y106.044 E2.70588
G1 X100.494 Y105.041 E2.74621
G1 X100.438 Y104.47 E2.76874
G1 X100.186 Y103.453 E2.80988
G1 X99.866 Y102.831 E2.83735
G1 X99.668 Y102.607 E2.84909
G1 X99.196 Y102.284 E2.87155
G1 X98.771 Y101.928 E2.89332
G1 X98.426 Y101.563 E2.91304
G1 X97.928 Y100.718 E2.95155
G1 X97.838 Y100.339 E2.96685
G1 X97.761 Y99.74 E2.99056
G1 X97.803 Y99.224 E3.01089
G1 X97.903 Y98.872 E3.02526
G1 X98.32 Y98.171 E3.05729
G1 X98.653 Y97.821 E3.07626
G1 X99.022 Y97.612 E3.09291
G1 X99.511 Y97.381 E3.11414
G1 X100.075 Y97.22 E3.13717
G1 X100.636 Y97.235 E3.15921
G1 X101.113 Y97.347 E3.17845
G1 X101.483 Y97.578 E3.19558
G1 X102.356 Y98.428 E3.24342
G1 X102.603 Y98.61 E3.25547
G1 X103.304 Y98.887 E3.28507
G1 X103.449 Y98.575 F7800
;TYPE:External perimeter
G1 F884.349
G1 X103.948 Y98.751 E3.30585
G1 X104.65 Y98.684 E3.33354
G1 X105.154 Y98.373 E3.35679
G1 X105.917 Y98.449 E3.3869
G1 X106.597 Y98.329 E3.41401
G1 X107.031 Y97.956 E3.43648
G1 X107.447 Y97.726 E3.45514
G1 X108.139 Y97.489 E3.48386
G1 X108.655 Y97.205 E3.50699
G1 X109.117 Y97.233 E3.52516
G1 X109.715 Y97.182 E3.54873
G1 X110.343 Y97.316 E3.57394
G1 X110.968 Y97.726 E3.60329
G1 X111.518 Y98.219 E3.63229
G1 X111.848 Y98.61 E3.65238
G1 X111.915 Y99.693 E3.69498
G1 X111.806 Y100.44 E3.72462
G1 X111.64 Y100.902 E3.7439
G1 X111.317 Y101.59 E3.77374
G1 X110.83 Y101.751 E3.79388
G1 X110.555 Y102.344 E3.81955
G1 X110.403 Y102.783 E3.83779
G1 X110.202 Y103.271 E3.85851
G1 X109.62 Y103.796 E3.88929
G1 X109.42 Y104.964 E3.93582
G1 X109.226 Y105.591 E3.96159
G1 X108.8 Y106.666 E4.00699
G1 X108.36 Y107.247 E4.03561
G1 X108.39 Y107.926 E4.0623
G1 X107.908 Y108.195 E4.08397
G1 X107.799 Y108.723 E4.10514
G1 X107.361 Y108.953 E4.12456
G1 X106.885 Y109.497 E4.15294
G1 X106.244 Y109.754 E4.18006
G1 X105.634 Y109.851 E4.20431
G1 X105.046 Y110.047 E4.22865
G1 X104.302 Y109.86 E4.25877
G1 X103.687 Y109.64 E4.28442
G1 X102.904 Y109.719 E4.31532
G1 X102.476 Y109.176 E4.34247
G1 X101.802 Y108.948 E4.37041
G1 X101.387 Y108.411 E4.39706
G1 X101.334 Y107.849 E4.41922
G1 X100.783 Y107.573 E4.44342
G1 X100.747 Y106.963 E4.46741
G1 X100.646 Y106.503 E4.4859
G1 X100.275 Y105.905 E4.51353
G1 X100.137 Y105.447 E4.53231
G1 X100.034 Y104.908 E4.55386
G1 X99.936 Y104.212 E4.58146
G1 X99.791 Y103.622 E4.60532
G1 X99.513 Y103.177 E4.62592
G1 X99.23 Y102.858 E4.64266
G1 X98.633 Y102.549 E4.66905
G1 X98.496 Y101.979 E4.69207
G1 X98.075 Y101.542 E4.7159
G1 X97.185 Y99.741 E4.79478
G1 X97.566 Y99.15 E4.82239
G1 X97.809 Y98.554 E4.84766
G1 X97.939 Y97.827 E4.87666
G1 X98.563 Y97.396 E4.90644
G1 X99.157 Y97.085 E4.93277
G1 X100.25 Y96.62 E4.97941
G1 X100.892 Y96.847 E5.00615
G1 X101.511 Y97.034 E5.03154
G1 X101.883 Y97.437 E5.05307
G1 X102.182 Y97.867 E5.07363
G1 X102.825 Y98.212 E5.10228
G1 X103.381 Y98.551 E5.12785
G1 X103.393 Y98.555 E5.12835
G1 X103.77 Y98.688 F7800
G92 E0
G1 X100.811 Y98.074
;TYPE:Solid infill
;WIDTH:0.579038
G1 F671.494
G1 X101.109 Y98.278 E.01867
;WIDTH:0.551
G1 F708.55
G1 X101.406 Y98.548 E.03834
;WIDTH:0.522397
G1 F750.819
G1 X101.704 Y98.818 E.05694
;WIDTH:0.493793
G1 F798.451
G1 X101.868 Y98.935 E.0657
;WIDTH:0.460162
G1 F862.81
G1 X102.032 Y99.051 E.07378
;WIDTH:0.42653
G1 F938.454
G1 X102.196 Y99.168 E.08123
;WIDTH:0.392898
G1 F1028.636
G1 X102.45 Y99.268 E.09044
;WIDTH:0.410382
G1 F979.694
G1 X102.502 Y99.314 E.0929
;WIDTH:0.453502
G1 F876.806
G1 X102.555 Y99.361 E.09571
;WIDTH:0.496621
G1 F793.474
G1 X102.607 Y99.407 E.09875
;WIDTH:0.539741
G1 F724.607
G1 X102.66 Y99.453 E.10211
;WIDTH:0.582861
G1 F666.74
G1 X102.712 Y99.499 E.10573
;WIDTH:0.62598
G1 F617.432
G1 X102.765 Y99.545 E.10968
G1 X102.695 Y99.55 E.11363
;WIDTH:0.582861
G1 F666.74
G1 X102.626 Y99.555 E.11723
;WIDTH:0.539741
G1 F724.607
G1 X102.556 Y99.56 E.12059
;WIDTH:0.496621
G1 F793.474
G1 X102.486 Y99.565 E.12366
;WIDTH:0.453502
G1 F876.806
G1 X102.417 Y99.57 E.1264
;WIDTH:0.410382
G1 F979.694
G1 X102.347 Y99.575 E.12889
;WIDTH:0.386419
G1 F1048.038
G1 X102.123 Y99.51 E.13662
;WIDTH:0.413505
G1 F971.437
G1 X101.913 Y99.412 E.1449
;WIDTH:0.440591
G1 F905.271
G1 X101.703 Y99.315 E.15377
;WIDTH:0.483464
G1 F817.171
G1 X101.437 Y99.154 E.16698
;WIDTH:0.526337
G1 F744.699
G1 X101.17 Y98.994 E.18149
;WIDTH:0.564895
G1 F689.688
G1 X100.711 Y98.614 E.21149
G1 X100.23 Y98.491 E.23649
;WIDTH:0.547915
G1 F712.878
G1 X99.955 Y98.535 E.25006
;WIDTH:0.530539
G1 F738.281
G1 X99.495 Y98.769 E.27433
G1 X99.173 Y99.15 E.29779
;WIDTH:0.525338
G1 F746.241
G1 X99.005 Y99.621 E.32106
G1 X99.022 Y100.03 E.34011
;WIDTH:0.535774
G1 F730.439
G1 X99.087 Y100.222 E.34975
G1 X99.512 Y100.967 E.39052
;WIDTH:0.513601
G1 F764.849
G1 X99.9 Y101.506 E.42067
;WIDTH:0.557218
G1 F699.983
G1 X100.274 Y101.933 E.44883
;WIDTH:0.587895
G1 F660.581
G1 X100.319 Y102.05 E.45542
;WIDTH:0.618572
G1 F625.378
G1 X100.365 Y102.168 E.46245
G1 X100.268 Y102.109 E.46875
;WIDTH:0.587895
G1 F660.581
G1 X100.171 Y102.05 E.47472
;WIDTH:0.557218
G1 F699.983
G1 X99.656 Y101.703 E.50553
;WIDTH:0.513601
G1 F764.849
G1 X99.162 Y101.278 E.53511
G1 X99.054 Y101.124 E.54365
;WIDTH:0.535774
G1 F730.439
G1 X98.628 Y100.384 E.58424
G1 X98.52 Y99.832 E.61098
;WIDTH:0.547815
G1 F713.02
G1 X98.561 Y99.339 E.63507
G1 X98.738 Y98.948 E.65597
;WIDTH:0.537967
G1 F727.204
G1 X99.049 Y98.501 E.68197
G1 X99.272 Y98.335 E.69524
;WIDTH:0.530735
G1 F737.985
G1 X99.775 Y98.09 E.72157
;WIDTH:0.547915
G1 F712.878
G1 X100.244 Y97.986 E.74497
;WIDTH:0.568006
G1 F685.603
G1 X100.61 Y98.043 E.76373
G92 E0
G1 X102.765 Y99.545 F7800
;WIDTH:0.62598
G1 F617.432
G1 X102.927 Y99.592 E.00949
;WIDTH:0.591048
G1 F656.781
G1 X103.089 Y99.639 E.01841
;WIDTH:0.556116
G1 F701.486
G1 X103.419 Y99.674 E.03484
;WIDTH:0.513396
G1 F765.182
G1 X103.749 Y99.709 E.0499
;WIDTH:0.470676
G1 F841.601
G1 X104.534 Y99.702 E.08229
;WIDTH:0.475097
G1 F832.992
G1 X104.907 Y99.669 E.0979
;WIDTH:0.512672
G1 F766.362
G1 X105.28 Y99.635 E.11487
;WIDTH:0.550462
G1 F709.302
G1 X105.631 Y99.603 E.13212
;WIDTH:0.588251
G1 F660.15
G1 X105.982 Y99.571 E.15066
;WIDTH:0.62604
G1 F617.369
G1 X106.334 Y99.538 E.17054
G1 X107.945 Y98.737 F7800
;WIDTH:0.493529
G1 F798.919
G1 X107.393 Y99.019 E.19748
;WIDTH:0.458533
G1 F866.19
G1 X107.155 Y99.128 E.20797
;WIDTH:0.421429
G1 F951.102
G1 X106.917 Y99.237 E.21753
;WIDTH:0.384324
G1 F1054.469
G1 X106.673 Y99.314 E.22596
;WIDTH:0.40876
G1 F984.039
G1 X106.616 Y99.351 E.22836
;WIDTH:0.452216
G1 F879.56
G1 X106.56 Y99.389 E.23103
;WIDTH:0.495672
G1 F795.138
G1 X106.503 Y99.426 E.234
;WIDTH:0.539128
G1 F725.503
G1 X106.447 Y99.464 E.23724
;WIDTH:0.582584
G1 F667.082
G1 X106.39 Y99.501 E.24078
;WIDTH:0.62604
G1 F617.369
G1 X106.334 Y99.538 E.24456
G1 X106.405 Y99.553 E.24864
;WIDTH:0.582584
G1 F667.082
G1 X106.476 Y99.567 E.25241
;WIDTH:0.539128
G1 F725.503
G1 X106.547 Y99.581 E.25587
;WIDTH:0.495672
G1 F795.138
G1 X106.618 Y99.595 E.25903
;WIDTH:0.452216
G1 F879.56
G1 X106.689 Y99.609 E.26189
;WIDTH:0.40876
G1 F984.039
G1 X106.761 Y99.624 E.26449
;WIDTH:0.411918
G1 F975.615
G1 X107.149 Y99.514 E.27884
;WIDTH:0.458533
G1 F866.19
G1 X107.537 Y99.405 E.295
;WIDTH:0.468685
G1 F845.537
G1 X108.08 Y99.135 E.3199
;WIDTH:0.498631
G1 F789.974
G1 X108.342 Y99.041 E.33214
;WIDTH:0.528577
G1 F741.264
G1 X108.604 Y98.948 E.34516
G1 X108.972 Y98.765 E.36441
;WIDTH:0.496538
G1 F793.619
G1 X109.209 Y98.787 E.37482
G1 X109.771 Y99.209 E.40557
;WIDTH:0.449999
G1 F884.349
G1 X109.905 Y99.46 E.41674
G1 X109.914 Y99.587 E.42174
G1 X109.776 Y100.063 E.4412
G1 X109.273 Y100.695 E.47292
G1 X109.085 Y101.133 E.49164
G1 X108.963 Y101.834 E.51958
;WIDTH:0.431614
G1 F926.178
G1 X108.886 Y102.093 E.52971
;WIDTH:0.421152
G1 F951.797
G1 X108.862 Y102.57 E.54713
;WIDTH:0.443326
G1 F899.087
G1 X108.711 Y103.559 E.58577
G1 X109.077 Y102.628 E.6244
;WIDTH:0.428045
G1 F934.761
G1 X109.319 Y101.983 E.64999
;WIDTH:0.449999
G1 F884.349
G1 X109.46 Y101.612 E.66557
G1 X109.841 Y101.189 E.68792
G1 X110.171 Y100.91 E.70489
G1 X110.849 Y100.194 E.74361
G1 X110.924 Y99.987 E.75225
G1 X110.93 Y99.754 E.7614
G1 X110.798 Y99.242 E.78216
G1 X110.515 Y98.823 E.80201
G1 X110.303 Y98.658 E.81256
G1 X109.784 Y98.414 E.83508
;WIDTH:0.496594
G1 F793.521
G1 X109.286 Y98.34 E.85711
;WIDTH:0.499507
G1 F788.459
G1 X108.784 Y98.339 E.87922
;WIDTH:0.505007
G1 F779.074
G1 X108.127 Y98.645 E.91152
G1 X110.007 Y98.928 F7800
;WIDTH:0.375974
G1 F1080.906
G1 X110.262 Y99.093 E.92128
G1 X110.444 Y99.359 E.93163
G1 X110.566 Y99.819 E.94692
;WIDTH:0.379276
G1 F1070.295
G1 X110.524 Y100.013 E.95336
;WIDTH:0.418213
G1 F959.251
G1 X110.387 Y100.118 E.95961
;WIDTH:0.45715
G1 F869.084
G1 X110.25 Y100.224 E.96653
;WIDTH:0.496086
G1 F794.411
G1 X110.113 Y100.33 E.9741
G1 X110.166 Y100.113 E.98386
;WIDTH:0.456049
G1 F871.399
G1 X110.22 Y99.895 E.99281
;WIDTH:0.416012
G1 F964.911
G1 X110.273 Y99.678 E1.00085
;WIDTH:0.375974
G1 F1080.906
G1 X110.28 Y99.427 E1.00892
G1 X110.184 Y99.165 E1.01788
G1 X110.129 Y99.091 E1.02084
G1 X110.113 Y100.33 F7800
;WIDTH:0.496086
G1 F794.411
G1 X109.854 Y100.637 E1.0384
G92 E0
G1 X108.71 Y103.561 F7800
;WIDTH:0.443326
G1 F899.087
G1 X108.61 Y103.959 E.01585
G92 E0
G1 X100.665 Y102.826 F7800
;WIDTH:0.498447
G1 F790.294
G1 X100.591 Y102.664 E.00783
;WIDTH:0.537773
G1 F727.489
G1 X100.518 Y102.502 E.01631
;WIDTH:0.5771
G1 F673.931
G1 X100.445 Y102.34 E.02547
;WIDTH:0.616426
G1 F627.718
G1 X100.371 Y102.178 E.03532
;WIDTH:0.618572
G1 F625.378
G1 X100.365 Y102.168 E.03597
G92 E0
G1 X109.271 Y100.044 F7800
;TYPE:Internal infill
;WIDTH:0.45
G1 F884.348
G1 X108.943 Y100.456 E.02068
G1 X109.003 Y100.298 E.02732
G1 X108.995 Y99.974 E.04005
G1 X108.822 Y99.579 E.05698
G1 X108.583 Y99.432 E.068
G1 X108.957 Y99.261 E.08415
G1 X109.362 Y99.743 E.10887
G1 X109.398 Y99.884 E.11458
G1 X109.496 Y99.512 E.12968
G1 X109.124 Y99.232 E.14796
;LAYER_CHANGE
;Z:6.95
;HEIGHT:0.2
G92 E0
G1 Z6.95 F7800
G1 X103.091 Y99.498
;TYPE:Perimeter
;WIDTH:0.449999
G1 F884.349
G1 X103.161 Y99.519 E.00287
G1 X103.86 Y99.573 E.0304
G1 X104.666 Y99.565 E.06205
G1 X105.4 Y99.501 E.09098
G1 X105.94 Y99.485 E.11219
G1 X106.732 Y99.334 E.14385
G1 X107.274 Y99.133 E.16655
G1 X108.417 Y98.525 E.21738
G1 X108.918 Y98.306 E.23885
G1 X109.396 Y98.39 E.25791
G1 X109.962 Y98.637 E.28216
G1 X110.4 Y98.926 E.30276
G1 X110.685 Y99.401 E.32451
G1 X110.723 Y99.622 E.33331
G1 X110.719 Y99.87 E.34305
G1 X110.621 Y100.125 E.35378
G1 X109.938 Y100.756 E.39029
G1 X109.472 Y101.327 E.41923
G1 X109.329 Y101.712 E.43536
G1 X109.167 Y102.273 E.45829
G1 X109.023 Y102.972 E.48631
G1 X108.626 Y104.469 E.54712
G1 X108.531 Y105.092 E.57186
G1 X108.377 Y105.489 E.58858
G1 X108.242 Y105.963 E.60793
G1 X107.456 Y107.656 E.68122
G1 X107.224 Y108.028 E.69843
G1 X106.729 Y108.608 E.72837
G1 X106.573 Y108.695 E.73538
G1 X105.961 Y108.828 E.75997
G1 X104.712 Y109.142 E.81054
G1 X104.242 Y109.099 E.82907
G1 X103.623 Y108.95 E.85407
G1 X103.121 Y108.783 E.87484
G1 X102.926 Y108.654 E.88402
G1 X102.502 Y108.299 E.90573
G1 X101.967 Y107.607 E.94007
G1 X101.471 Y106.681 E.98132
G1 X101.121 Y105.892 E1.01521
G1 X100.997 Y105.343 E1.03731
G1 X100.917 Y104.816 E1.05824
G1 X100.868 Y104.277 E1.07949
G1 X100.7 Y103.396 E1.11471
G1 X100.583 Y102.996 E1.13107
G1 X100.311 Y102.389 E1.15719
G1 X100.068 Y102.06 E1.17325
G1 X99.252 Y101.327 E1.21632
G1 X98.901 Y100.863 E1.23916
G1 X98.668 Y100.39 E1.25986
G1 X98.586 Y99.806 E1.28302
G1 X98.609 Y99.267 E1.3042
G1 X98.854 Y98.846 E1.32333
G1 X99.214 Y98.422 E1.34517
G1 X99.73 Y98.126 E1.36853
G1 X100.152 Y98.008 E1.38574
G1 X100.554 Y98.026 E1.40154
G1 X100.903 Y98.222 E1.41726
G1 X101.319 Y98.544 E1.43792
G1 X101.74 Y98.936 E1.46051
G1 X102.312 Y99.265 E1.48642
G1 X103.034 Y99.481 E1.51601
G1 X103.153 Y99.1 F7800
G1 F884.349
G1 X103.195 Y99.113 E1.51774
G1 X103.86 Y99.166 E1.54393
G1 X104.614 Y99.161 E1.57354
G1 X105.139 Y99.093 E1.59433
G1 X105.865 Y99.085 E1.62284
G1 X106.626 Y98.941 E1.65325
G1 X107.129 Y98.753 E1.67433
G1 X108.32 Y98.108 E1.72751
G1 X108.819 Y97.907 E1.74863
G1 X109.179 Y97.916 E1.76277
G1 X109.678 Y98.041 E1.78297
G1 X110.226 Y98.323 E1.80717
G1 X110.71 Y98.651 E1.83013
G1 X111.073 Y99.257 E1.85787
G1 X111.158 Y99.752 E1.87759
G1 X111.082 Y100.13 E1.89273
G1 X110.946 Y100.38 E1.9039
G1 X110.25 Y101.017 E1.94095
G1 X109.817 Y101.543 E1.9677
G1 X109.731 Y101.774 E1.97738
G1 X109.565 Y102.359 E2.00126
G1 X109.391 Y103.272 E2.03775
G1 X109.029 Y104.531 E2.08919
G1 X108.927 Y105.198 E2.11568
G1 X108.757 Y105.636 E2.13413
M73 P33 R19
G1 X108.631 Y106.094 E2.15278
G1 X107.706 Y108.07 E2.23845
G1 X107.261 Y108.647 E2.26706
G1 X106.829 Y109.041 E2.29002
G1 X104.734 Y109.553 E2.3747
G1 X104.175 Y109.501 E2.39674
G1 X103.527 Y109.346 E2.4229
M73 Q33 S19
G1 X102.937 Y109.15 E2.44731
G1 X102.701 Y108.993 E2.45844
G1 X102.202 Y108.576 E2.48397
G1 X101.624 Y107.83 E2.52102
G1 X101.105 Y106.86 E2.56422
G1 X100.732 Y106.02 E2.60031
G1 X100.6 Y105.432 E2.62397
G1 X100.426 Y104.136 E2.67531
G1 X100.22 Y103.18 E2.71371
G1 X99.965 Y102.619 E2.73791
G1 X99.796 Y102.363 E2.74995
G1 X99.102 Y101.74 E2.78657
G1 X98.827 Y101.441 E2.80252
G1 X98.491 Y100.967 E2.82533
G1 X98.273 Y100.499 E2.8456
G1 X98.206 Y100.067 E2.86277
G1 X98.166 Y99.55 E2.88313
G1 X98.25 Y99.064 E2.9025
G1 X98.527 Y98.602 E2.92365
G1 X98.95 Y98.104 E2.94931
G1 X99.437 Y97.824 E2.97137
G1 X99.927 Y97.621 E2.9922
G1 X100.152 Y97.6 E3.00107
G1 X100.664 Y97.63 E3.02121
G1 X100.834 Y97.706 E3.02852
G1 X101.293 Y97.993 E3.04978
G1 X101.591 Y98.241 E3.065
G1 X101.959 Y98.593 E3.085
G1 X102.441 Y98.879 E3.10701
G1 X103.095 Y99.082 E3.1339
G1 X103.206 Y98.746 F7800
;TYPE:External perimeter
G1 F884.349
G1 X103.436 Y98.863 E3.14403
G1 X104.09 Y98.85 E3.16971
G1 X105.444 Y98.867 E3.22288
G1 X106.707 Y98.383 E3.27599
G1 X107.3 Y98.375 E3.29928
G1 X107.632 Y97.981 E3.31951
G1 X108.271 Y97.884 E3.34489
G1 X108.766 Y97.382 E3.37257
G1 X109.31 Y97.324 E3.39405
G1 X109.828 Y97.726 E3.4198
G1 X110.474 Y97.853 E3.44565
G1 X110.942 Y98.441 E3.47516
G1 X111.459 Y98.845 E3.50092
G1 X111.493 Y99.611 E3.53103
G1 X111.372 Y100.189 E3.55422
G1 X111.089 Y100.573 E3.57295
G1 X110.893 Y101.189 E3.59833
G1 X110.27 Y101.375 E3.62386
G1 X110.005 Y102.029 E3.65157
G1 X110.098 Y102.741 E3.67976
G1 X109.658 Y103.214 E3.70513
G1 X109.574 Y103.831 E3.72958
G1 X109.557 Y104.59 E3.75939
G1 X109.318 Y105.238 E3.78651
G1 X109.259 Y105.952 E3.81464
G1 X109 Y106.647 E3.84376
G1 X108.412 Y107.14 E3.87389
G1 X108.43 Y107.684 E3.89526
G1 X108.043 Y108.051 E3.9162
G1 X107.721 Y108.543 E3.93929
G1 X107.311 Y108.917 E3.96108
G1 X107.058 Y109.595 E3.98949
G1 X106.46 Y109.618 E4.01299
G1 X105.871 Y109.549 E4.03627
G1 X105.237 Y109.8 E4.06304
G1 X104.74 Y110.117 E4.08619
G1 X104.229 Y109.866 E4.10854
G1 X103.566 Y109.72 E4.1352
G1 X102.878 Y109.635 E4.16242
G1 X102.49 Y109.258 E4.18366
G1 X101.859 Y108.869 E4.21277
G1 X100.813 Y107.329 E4.28587
G1 X100.582 Y106.652 E4.31396
G1 X100.495 Y106.183 E4.33269
G1 X100.096 Y105.655 E4.35868
G1 X100.1 Y104.504 E4.40387
G1 X99.989 Y103.964 E4.42552
G1 X99.778 Y103.455 E4.44715
G1 X99.784 Y102.825 E4.47189
G1 X99.298 Y102.4 E4.49724
G1 X98.902 Y101.883 E4.52281
G1 X98.317 Y101.727 E4.54658
G1 X97.997 Y101.04 E4.57634
G1 X97.744 Y100.351 E4.60516
G1 X97.661 Y99.808 E4.62673
G1 X97.672 Y99.179 E4.65143
G1 X98.305 Y98.158 E4.6986
G1 X98.812 Y97.902 E4.7209
G1 X99.303 Y97.447 E4.74718
G1 X99.751 Y97.266 E4.76615
G1 X100.21 Y97.014 E4.78671
G1 X100.832 Y97.223 E4.81247
G1 X101.379 Y97.503 E4.8366
G1 X101.839 Y97.87 E4.85971
G1 X102.234 Y98.252 E4.88129
G1 X103.152 Y98.719 E4.92173
G1 X103.532 Y98.845 F7800
G92 E0
G1 X100.631 Y102.198
;TYPE:Solid infill
;WIDTH:0.58848
G1 F659.872
G1 X100.656 Y102.258 E.00342
;WIDTH:0.578302
G1 F672.417
G1 X100.706 Y102.425 E.01242
;WIDTH:0.542196
G1 F721.045
G1 X100.756 Y102.593 E.02086
;WIDTH:0.506089
G1 F777.255
G1 X100.806 Y102.76 E.02865
;WIDTH:0.469982
G1 F842.969
G1 X100.907 Y102.945 E.03733
;WIDTH:0.426451
G1 F938.646
G1 X101.008 Y103.13 E.04513
;WIDTH:0.412128
G1 F975.06
G1 X101.2 Y104.305 E.08753
;WIDTH:0.432058
G1 F925.122
G1 X101.274 Y105.141 E.11903
G1 X101.431 Y105.809 E.14479
;WIDTH:0.439588
G1 F907.56
G1 X101.772 Y106.586 E.17726
G1 X102.242 Y107.448 E.21482
;WIDTH:0.430128
G1 F929.733
G1 X102.758 Y108.104 E.24599
;WIDTH:0.428566
G1 F933.499
G1 X103.233 Y108.473 E.26836
;WIDTH:0.438664
G1 F909.679
G1 X103.608 Y108.602 E.2835
G1 X104.276 Y108.772 E.30981
;WIDTH:0.427566
G1 F935.926
G1 X104.66 Y108.82 E.32417
;WIDTH:0.430798
G1 F928.127
G1 X104.977 Y108.752 E.3363
G1 X105.748 Y108.538 E.36624
;WIDTH:0.41845
G1 F958.645
G1 X106.538 Y108.338 E.39576
;WIDTH:0.464242
G1 F854.453
G1 X106.716 Y108.175 E.40557
G1 X107.098 Y107.672 E.43124
;WIDTH:0.443616
G1 F898.437
G1 X107.928 Y105.876 E.50771
;WIDTH:0.418966
G1 F957.33
G1 X108.029 Y105.49 E.52218
;WIDTH:0.407824
G1 F986.561
G1 X108.194 Y104.985 E.54088
;WIDTH:0.38292
G1 F1058.823
G1 X108.332 Y104.148 E.5687
;WIDTH:0.417199
G1 F961.849
G1 X108.389 Y104.057 E.57258
;WIDTH:0.451478
G1 F881.148
G1 X108.447 Y103.966 E.57683
;WIDTH:0.458916
G1 F865.393
G1 X108.552 Y103.591 E.59246
;WIDTH:0.49981
G1 F787.936
G1 X108.579 Y103.385 E.60162
;WIDTH:0.540704
G1 F723.205
G1 X108.606 Y103.18 E.61155
;WIDTH:0.581598
G1 F668.303
G1 X108.633 Y102.974 E.62234
;WIDTH:0.622492
G1 F621.148
G1 X108.66 Y102.769 E.6339
G92 E0
G1 X99.058 Y100.486 F7800
;WIDTH:0.449999
G1 F884.349
G1 X99.183 Y100.729 E.01073
G1 X99.501 Y101.141 E.03117
G1 X100.347 Y101.909 E.07603
;WIDTH:0.49616
G1 F794.282
G1 X100.442 Y102.005 E.08193
;WIDTH:0.54232
G1 F720.866
G1 X100.536 Y102.102 E.08844
;WIDTH:0.58848
G1 F659.872
G1 X100.631 Y102.198 E.09555
G1 X100.599 Y102.024 E.10486
;WIDTH:0.54232
G1 F720.866
G1 X100.567 Y101.85 E.11338
;WIDTH:0.49616
G1 F794.282
G1 X100.535 Y101.675 E.12116
;WIDTH:0.449999
G1 F884.349
G1 X100.143 Y101.01 E.15147
G1 X99.943 Y100.541 E.17149
G1 X99.787 Y100.053 E.19161
G1 X99.812 Y99.818 E.20089
G1 X100.133 Y99.378 E.22228
G1 X100.356 Y99.315 E.23138
G1 X101.295 Y99.648 E.2705
G1 X101.584 Y99.692 E.28198
;WIDTH:0.423981
G1 F944.731
G1 X101.872 Y99.736 E.29269
;WIDTH:0.397963
G1 F1013.962
G1 X102.064 Y99.78 E.29944
;WIDTH:0.409725
G1 F981.448
G1 X102.133 Y99.772 E.3019
;WIDTH:0.453463
G1 F876.888
G1 X102.203 Y99.763 E.30469
;WIDTH:0.497201
G1 F792.462
G1 X102.272 Y99.755 E.30773
;WIDTH:0.540939
G1 F722.865
G1 X102.342 Y99.746 E.31112
;WIDTH:0.584677
G1 F664.506
G1 X102.411 Y99.738 E.31475
;WIDTH:0.628414
G1 F614.865
G1 X102.481 Y99.729 E.31874
G1 X102.413 Y99.682 E.32341
;WIDTH:0.585685
G1 F663.271
G1 X102.345 Y99.635 E.32774
;WIDTH:0.542956
G1 F719.949
G1 X102.278 Y99.587 E.33172
;WIDTH:0.500226
G1 F787.219
G1 X102.21 Y99.54 E.33537
;WIDTH:0.457497
G1 F868.356
G1 X102.142 Y99.493 E.33868
;WIDTH:0.414768
G1 F968.139
G1 X102.075 Y99.446 E.34162
;WIDTH:0.411019
G1 F977.999
G1 X101.779 Y99.284 E.3536
;WIDTH:0.449999
G1 F884.349
G1 X101.484 Y99.122 E.36681
G1 X101.027 Y98.683 E.39169
G1 X100.594 Y98.382 E.4124
G1 X100.277 Y98.316 E.42511
G1 X100.005 Y98.351 E.43588
G1 X99.488 Y98.617 E.45871
G1 X99.12 Y99.004 E.47968
G1 X98.935 Y99.281 E.49276
G1 X98.89 Y99.644 E.50712
G1 X98.965 Y100.304 E.5332
G1 X99.353 Y99.9 E.55519
;WIDTH:0.497738
G1 F791.525
G1 X99.323 Y99.801 E.55973
;WIDTH:0.460251
G1 F862.626
G1 X99.293 Y99.702 E.56389
;WIDTH:0.422763
G1 F947.761
G1 X99.263 Y99.602 E.56772
;WIDTH:0.385275
G1 F1051.54
G1 X99.292 Y99.389 E.57482
;WIDTH:0.401103
G1 F1005.073
G1 X99.358 Y99.344 E.57758
;WIDTH:0.448494
G1 F887.631
G1 X99.423 Y99.298 E.5807
;WIDTH:0.495885
G1 F794.763
G1 X99.488 Y99.253 E.58415
;WIDTH:0.543276
G1 F719.488
G1 X99.553 Y99.207 E.58799
;WIDTH:0.590667
G1 F657.238
G1 X99.619 Y99.161 E.59224
;WIDTH:0.638058
G1 F604.902
G1 X99.684 Y99.116 E.59678
G1 X99.657 Y99.196 E.60163
;WIDTH:0.591231
G1 F656.562
G1 X99.631 Y99.276 E.60608
;WIDTH:0.544404
G1 F717.869
G1 X99.604 Y99.356 E.61016
;WIDTH:0.497577
G1 F791.806
G1 X99.578 Y99.437 E.61389
;WIDTH:0.45075
G1 F882.721
G1 X99.551 Y99.517 E.61721
;WIDTH:0.403923
G1 F997.222
G1 X99.525 Y99.597 E.62014
;WIDTH:0.386386
G1 F1048.141
G1 X99.489 Y99.66 E.62254
;WIDTH:0.415675
G1 F965.784
G1 X99.453 Y99.723 E.62515
;WIDTH:0.456706
G1 F870.015
G1 X99.403 Y99.812 E.62922
;WIDTH:0.497738
G1 F791.525
G1 X99.353 Y99.9 E.63366
G1 X99.361 Y100.061 E.64073
;WIDTH:0.477028
G1 F829.287
G1 X99.503 Y100.487 E.65953
G1 X99.684 Y99.116 F7800
;WIDTH:0.638058
G1 F604.902
G1 X99.889 Y98.953 E.67456
;WIDTH:0.649988
G1 F593.014
G1 X100.178 Y98.827 E.69302
G1 X100.296 Y98.816 E.69996
G92 E0
G1 X102.481 Y99.729 F7800
;WIDTH:0.628414
G1 F614.865
G1 X102.667 Y99.775 E.01082
;WIDTH:0.59341
G1 F653.963
G1 X102.854 Y99.82 E.02103
;WIDTH:0.558406
G1 F698.37
G1 X103.257 Y99.854 E.04114
;WIDTH:0.532119
G1 F735.897
G1 X103.661 Y99.888 E.06027
;WIDTH:0.505832
G1 F777.686
G1 X104.123 Y99.883 E.0809
;WIDTH:0.477921
G1 F827.584
G1 X104.586 Y99.877 E.10033
;WIDTH:0.465718
G1 F851.47
G1 X105.184 Y99.813 E.12486
G1 X105.842 Y99.799 E.1517
;WIDTH:0.45309
G1 F877.685
G1 X106.145 Y99.797 E.16369
;WIDTH:0.452214
G1 F879.564
G1 X106.688 Y99.812 E.18513
;WIDTH:0.449999
G1 F884.349
G1 X107.444 Y99.812 E.21481
G1 X108.203 Y99.769 E.24466
G1 X108.448 Y99.883 E.25527
G1 X108.548 Y100.102 E.26472
G1 X108.381 Y100.665 E.28778
G1 X108.436 Y101.105 E.30519
G1 X108.595 Y101.532 E.32308
G1 X108.618 Y101.767 E.33235
G1 X108.569 Y102.184 E.34884
;WIDTH:0.49119
G1 F803.089
G1 X108.591 Y102.325 E.35501
;WIDTH:0.53238
G1 F735.505
G1 X108.613 Y102.467 E.36179
;WIDTH:0.57357
G1 F678.414
G1 X108.634 Y102.609 E.36914
;WIDTH:0.61476
G1 F629.547
G1 X108.656 Y102.751 E.37707
G1 X108.709 Y102.617 E.38502
;WIDTH:0.57357
G1 F678.414
G1 X108.762 Y102.483 E.3924
;WIDTH:0.53238
G1 F735.505
G1 X108.815 Y102.349 E.3992
;WIDTH:0.49119
G1 F803.089
G1 X108.868 Y102.214 E.40547
;WIDTH:0.449999
G1 F884.349
G1 X109.021 Y101.723 E.42566
G1 X109.076 Y101.475 E.43563
G1 X109.315 Y101.025 E.45564
G1 X109.765 Y100.487 E.48318
G1 X110.243 Y100.069 E.50811
G1 X110.405 Y99.884 E.51777
G1 X110.422 Y99.673 E.52608
G1 X110.345 Y99.428 E.53616
G1 X110.17 Y99.136 E.54953
G1 X109.853 Y98.93 E.56437
G1 X109.335 Y98.692 E.58675
G1 X108.977 Y98.611 E.60116
G1 X108.438 Y98.857 E.62442
G1 X107.536 Y99.348 E.66474
G1 X106.74 Y99.643 E.69807
;WIDTH:0.453043
G1 F877.785
G1 X105.942 Y99.791 E.73018
G92 E0
G1 X108.303 Y99.394 F7800
;WIDTH:0.449999
G1 F884.349
G1 X109.011 Y99.036 E.03115
G1 X109.246 Y99.089 E.04061
G1 X109.869 Y99.426 E.06842
G1 X110.017 Y99.725 E.08152
G1 X109.453 Y100.225 E.11111
G1 X109.012 Y100.753 E.13812
G1 X108.846 Y101.038 E.15107
G1 X108.795 Y100.734 E.16317
G1 X108.925 Y100.309 E.18062
G1 X108.938 Y99.972 E.19386
G1 X108.819 Y99.699 E.20555
G1 X108.625 Y99.508 E.21624
G1 X108.495 Y99.462 E.22165
G1 X109.326 Y99.599 F7800
;WIDTH:0.606632
G1 F638.624
G1 X109.276 Y99.649 E.22549
G1 X109.294 Y99.717 E.22931
G1 X109.362 Y99.735 E.23313
G1 X109.412 Y99.686 E.23694
G1 X109.394 Y99.618 E.24076
G1 X108.089 Y100.293 F7800
;TYPE:Internal infill
;WIDTH:0.45
;HEIGHT:0.4
G1 F494.289
G1 X107.963 Y100.692 E.27015
G1 X108.011 Y101.128 E.30096
G1 X108.213 Y101.748 E.34677
G1 X108.166 Y102.672 E.41176
G1 X107.667 Y103.237 E.46471
G1 X107.485 Y103.674 E.49797
G1 X107.442 Y104.11 E.52875
G1 X107.495 Y104.547 E.55967
G1 X107.739 Y105.167 E.60648
G1 X107.564 Y105.73 E.6479
G1 X106.748 Y107.48 E.78354
G1 X106.298 Y108.025 E.83319
G1 X105.811 Y108.132 E.86822
G1 X105.66 Y107.605 E.90673
G1 X105.41 Y107.168 E.9421
G1 X104.173 Y105.857 E1.06872
G1 X103.991 Y105.421 E1.10191
G1 X103.948 Y104.984 E1.13276
G1 X104 Y104.547 E1.16368
G1 X104.14 Y104.11 E1.19592
G1 X104.39 Y103.674 E1.23123
G1 X105.627 Y102.363 E1.35785
G1 X105.809 Y101.926 E1.39111
G1 X105.852 Y101.49 E1.42189
G1 X105.8 Y101.053 E1.45281
G1 X105.66 Y100.616 E1.48505
G1 X105.429 Y100.212 E1.51774
G1 X103.667 Y100.324 E1.64177
G1 X102.692 Y100.275 E1.71035
G1 X102.317 Y100.202 E1.73719
G1 X102.358 Y100.616 E1.76642
G1 X102.305 Y101.053 E1.79734
G1 X102.165 Y101.49 E1.82958
G1 X101.916 Y101.926 E1.86485
G1 X101.218 Y102.631 E1.93454
G1 X101.355 Y103.036 E1.96457
G1 X101.585 Y104.253 E2.05158
G1 X101.655 Y105.022 E2.10583
;LAYER_CHANGE
;Z:7.15
;HEIGHT:0.2
G92 E0
G1 Z7.15 F7800
G1 X102.851 Y99.681
;TYPE:Perimeter
;WIDTH:0.449999
G1 F884.349
G1 X103.067 Y99.708 E.00855
G1 X103.819 Y99.739 E.0381
G1 X106.094 Y99.655 E.12749
G1 X106.771 Y99.603 E.15415
G1 X107.583 Y99.417 E.18686
G1 X108.023 Y99.194 E.20623
G1 X108.655 Y98.992 E.23228
G1 X108.854 Y98.862 E.24161
G1 X109.086 Y98.762 E.25153
G1 X109.271 Y98.853 E.25963
G1 X109.854 Y99.288 E.28819
G1 X110.051 Y99.544 E.30087
G1 X110.007 Y99.706 E.30746
G1 X109.172 Y100.819 E.36209
G1 X109.061 Y101.149 E.37576
G1 X108.979 Y101.68 E.39686
G1 X108.866 Y102.169 E.41657
G1 X108.824 Y102.793 E.44113
G1 X108.48 Y104.68 E.51644
G1 X108.419 Y105.251 E.53899
G1 X108.333 Y105.471 E.54826
G1 X108.248 Y105.872 E.56435
G1 X107.502 Y107.523 E.63549
G1 X107.239 Y107.996 E.65674
G1 X106.784 Y108.564 E.68532
G1 X106.608 Y108.644 E.69291
G1 X106.064 Y108.757 E.71473
G1 X104.675 Y109.117 E.77107
G1 X104.356 Y109.083 E.78367
G1 X103.659 Y108.921 E.81177
G1 X103.099 Y108.735 E.83494
G1 X102.885 Y108.589 E.84511
G1 X102.503 Y108.269 E.86468
G1 X101.96 Y107.565 E.89959
G1 X101.501 Y106.716 E.93749
G1 X101.139 Y105.871 E.97358
G1 X100.98 Y105.186 E1.00119
G1 X100.896 Y104.089 E1.04439
G1 X100.688 Y102.828 E1.09457
G1 X100.472 Y102.162 E1.12206
G1 X100.346 Y101.905 E1.1333
G1 X99.923 Y101.461 E1.15738
G1 X99.504 Y100.873 E1.18573
G1 X99.06 Y100.048 E1.22252
G1 X99.047 Y99.66 E1.23776
G1 X99.201 Y99.19 E1.25718
G1 X99.508 Y98.817 E1.27615
G1 X100.044 Y98.551 E1.29964
G1 X100.347 Y98.56 E1.31154
G1 X100.721 Y98.696 E1.32717
G1 X101.169 Y99.063 E1.34991
G1 X101.527 Y99.259 E1.36594
G1 X102.091 Y99.486 E1.38981
G1 X102.728 Y99.666 E1.4158
G1 X102.792 Y99.674 E1.41833
G1 X102.913 Y99.278 F7800
G1 F884.349
G1 X103.804 Y99.333 E1.45338
G1 X106.079 Y99.249 E1.54277
G1 X106.684 Y99.205 E1.56659
G1 X107.528 Y98.997 E1.60072
G1 X108.01 Y98.74 E1.62217
G1 X108.257 Y98.711 E1.63193
G1 X108.629 Y98.522 E1.64831
G1 X109.115 Y98.321 E1.66896
G1 X109.39 Y98.458 E1.68102
G1 X109.767 Y98.716 E1.69896
G1 X110.234 Y99.079 E1.72218
G1 X110.436 Y99.411 E1.73744
G1 X110.497 Y99.591 E1.7449
G1 X110.288 Y100.018 E1.76357
G1 X109.574 Y100.944 E1.80948
G1 X109.463 Y101.211 E1.82083
G1 X109.267 Y102.322 E1.86513
G1 X109.226 Y102.859 E1.88628
G1 X108.885 Y104.723 E1.96068
G1 X108.817 Y105.348 E1.98537
G1 X108.713 Y105.618 E1.99673
G1 X108.642 Y105.991 E2.01164
G1 X108.273 Y106.783 E2.04595
G1 X107.972 Y107.488 E2.07605
G1 X107.688 Y108.071 E2.10151
G1 X107.326 Y108.57 E2.12572
G1 X107.024 Y108.902 E2.14334
G1 X106.842 Y108.985 E2.15119
G1 X106.552 Y109.072 E2.16308
G1 X105.892 Y109.211 E2.18956
G1 X105.24 Y109.407 E2.21629
G1 X104.696 Y109.529 E2.23818
G1 X104.288 Y109.485 E2.25429
G1 X103.407 Y109.281 E2.2898
G1 X102.912 Y109.1 E2.31049
G1 X102.656 Y108.926 E2.32264
G1 X102.202 Y108.545 E2.34591
G1 X101.617 Y107.788 E2.38347
G1 X101.134 Y106.894 E2.42337
G1 X100.75 Y105.998 E2.46165
G1 X100.577 Y105.247 E2.49191
G1 X100.493 Y104.151 E2.53507
G1 X100.388 Y103.468 E2.5622
G1 X100.267 Y102.849 E2.58696
G1 X100.009 Y102.134 E2.61681
G1 X99.612 Y101.726 E2.63916
G1 X99.157 Y101.089 E2.6699
G1 X98.657 Y100.157 E2.71143
M73 P34 R19
G1 X98.645 Y99.827 E2.7244
G1 X98.675 Y99.463 E2.73874
G1 X98.843 Y98.984 E2.75867
G1 X99.249 Y98.491 E2.78375
G1 X99.954 Y98.141 E2.81466
G1 X100.425 Y98.155 E2.83316
G1 X100.925 Y98.337 E2.85405
G1 X101.427 Y98.748 E2.87952
G1 X101.684 Y98.883 E2.89092
G1 X102.202 Y99.094 E2.91288
G1 X102.839 Y99.274 E2.93887
G1 X102.853 Y99.275 E2.93942
M73 Q34 S19
G1 X102.966 Y98.958 F7800
;TYPE:External perimeter
G1 F884.349
G1 X103.511 Y98.893 E2.96097
G1 X105.34 Y99.05 E3.03305
G1 X105.845 Y98.815 E3.05492
G1 X106.478 Y98.762 E3.07986
G1 X107.158 Y98.827 E3.10668
G1 X107.635 Y98.268 E3.13553
G1 X108.234 Y98.278 E3.15905
G1 X108.699 Y97.958 E3.18121
G1 X109.229 Y98.056 E3.20237
G1 X109.793 Y98.279 E3.22618
G1 X110.337 Y98.534 E3.24977
G1 X110.862 Y99.076 E3.2794
G1 X110.93 Y99.607 E3.30042
G1 X110.82 Y100.224 E3.32503
G1 X110.399 Y100.677 E3.34931
G1 X109.997 Y101.216 E3.37571
G1 X109.662 Y101.844 E3.40366
G1 X109.5 Y102.508 E3.4305
G1 X109.56 Y103.032 E3.45121
G1 X109.549 Y103.502 E3.46967
G1 X109.301 Y103.964 E3.49026
G1 X109.307 Y104.529 E3.51245
G1 X109.244 Y105.185 E3.53833
G1 X109.034 Y105.874 E3.56661
G1 X109.029 Y106.541 E3.5928
G1 X108.622 Y107.166 E3.62208
G1 X108.252 Y107.636 E3.64557
G1 X107.88 Y108.217 E3.67266
G1 X107.865 Y108.777 E3.69466
G1 X107.426 Y109.178 E3.71801
G1 X106.972 Y109.519 E3.7403
G1 X106.265 Y109.487 E3.76809
G1 X105.755 Y109.67 E3.78937
G1 X105.168 Y109.717 E3.81249
G1 X104.682 Y109.922 E3.8332
G1 X104.122 Y109.902 E3.8552
G1 X103.646 Y109.816 E3.87419
G1 X103.097 Y109.566 E3.89788
G1 X102.639 Y109.426 E3.91668
G1 X102.368 Y108.993 E3.93674
G1 X101.753 Y108.701 E3.96347
G1 X101.472 Y108.316 E3.98219
G1 X101.197 Y107.612 E4.01187
G1 X100.684 Y107.292 E4.03561
G1 X100.285 Y106.159 E4.08277
G1 X100.279 Y105.522 E4.10778
G1 X100.075 Y104.913 E4.133
G1 X100.031 Y104.243 E4.15936
G1 X100.03 Y103.651 E4.1826
G1 X99.905 Y103.067 E4.20605
G1 X99.715 Y102.461 E4.23099
G1 X99.346 Y101.941 E4.25603
G1 X98.909 Y101.528 E4.27964
G1 X98.258 Y100.431 E4.32973
G1 X98.289 Y99.869 E4.35183
G1 X98.37 Y99.355 E4.37226
G1 X98.477 Y98.92 E4.38985
G1 X98.74 Y98.224 E4.41906
G1 X99.313 Y97.931 E4.44433
G1 X99.863 Y97.838 E4.46623
G1 X100.358 Y97.593 E4.48792
G1 X101.015 Y98.073 E4.51987
G1 X101.478 Y98.196 E4.53868
G1 X102.001 Y98.543 E4.56332
G1 X102.518 Y98.722 E4.5848
G1 X102.909 Y98.954 E4.60265
G1 X103.307 Y98.916 F7800
G92 E0
G1 X99.246 Y99.68
;TYPE:Solid infill
;WIDTH:0.38292
G1 F1058.823
G1 X99.415 Y99.311 E.01331
G1 X99.571 Y99.129 E.02117
;WIDTH:0.418574
G1 F958.329
G1 X99.752 Y99.046 E.02838
;WIDTH:0.454228
G1 F875.257
G1 X99.934 Y98.962 E.03633
;WIDTH:0.489882
G1 F805.438
G1 X100.116 Y98.878 E.04497
G92 E0
G1 X109.805 Y99.793 F7800
;TYPE:Top solid infill
;WIDTH:0.420559
G1 F900
G1 X108.464 Y101.134 E.06908
G1 X108.319 Y101.011 E.07601
G1 X108.203 Y100.861 E.08292
G1 X109.607 Y99.457 E.15524
G1 X109.302 Y99.228 E.16913
G1 X108.036 Y100.494 E.23435
G1 X107.965 Y100.314 E.2414
G1 X107.915 Y100.081 E.25008
G1 X109.096 Y98.9 E.31092
G92 E0
G1 X104.451 Y108.968 F7800
;TYPE:Bridge infill
;WIDTH:0.40524
;HEIGHT:0.4
M106 S204
G1 F558.236
G1 X106.592 Y108.292 E.13966
G1 X106.709 Y108.171 E.15013
G1 X107.061 Y107.681 E.18766
G1 X103.939 Y108.651 E.39101
G1 X103.616 Y108.576 E.41164
G1 X103.249 Y108.442 E.43594
G1 X103.195 Y108.405 E.44001
G1 X107.333 Y107.12 E.70953
G1 X107.58 Y106.567 E.7472
G1 X102.761 Y108.063 E1.06106
G1 X102.461 Y107.679 E1.09137
G1 X107.827 Y106.013 E1.44086
G1 X107.932 Y105.776 E1.45698
G1 X107.984 Y105.488 E1.47518
G1 X102.182 Y107.289 E1.85307
G1 X101.962 Y106.881 E1.8819
G1 X108.122 Y104.968 E2.28312
G1 X108.184 Y104.472 E2.31421
G1 X101.751 Y106.47 E2.73321
G1 X101.571 Y106.049 E2.76169
G1 X108.284 Y103.964 E3.19893
G1 X108.383 Y103.457 E3.23106
G1 X101.416 Y105.62 E3.68483
G1 X101.313 Y105.176 E3.71318
G1 X108.466 Y102.955 E4.17907
G1 X108.535 Y102.457 E4.21034
G1 X101.272 Y104.712 E4.68339
G1 X101.236 Y104.246 E4.71246
G1 X108.575 Y101.967 E5.19047
G1 X108.641 Y101.727 E5.20595
M73 P34 R18
G1 X108.447 Y101.629 E5.21947
G1 X108.356 Y101.559 E5.22661
G1 X101.18 Y103.787 E5.69399
G1 X101.109 Y103.332 E5.72263
G1 X107.958 Y101.206 E6.16871
G1 X107.806 Y100.983 E6.1855
G1 X107.728 Y100.8 E6.19787
G1 X101.035 Y102.879 E6.63381
G1 X100.906 Y102.442 E6.66215
G1 X107.564 Y100.375 E7.09579
G1 X107.514 Y100.127 E7.11153
G1 X107.499 Y99.918 E7.12456
G1 X100.765 Y102.009 E7.56316
G1 X100.618 Y101.722 E7.58322
M73 P35 R18
M73 Q34 S18
G1 X100.522 Y101.608 E7.59249
G1 X105.722 Y99.993 E7.93118
G1 X103.97 Y100.061 E8.04024
M73 Q35 S18
G1 X100.167 Y101.241 E8.28792
G1 X99.889 Y100.851 E8.31771
G1 X102.669 Y99.988 E8.49877
G1 X101.886 Y99.754 E8.5496
G1 X99.654 Y100.447 E8.69497
G1 X99.523 Y100.011 E8.72329
G1 X101.233 Y99.48 E8.83467
G1 X100.969 Y99.322 E8.85381
G1 X100.829 Y99.207 E8.86508
G1 X100.709 Y99.166 E8.87297
G1 X99.444 Y99.559 E8.95537
M107
;LAYER_CHANGE
;Z:7.35
;HEIGHT:0.2
G92 E0
G1 Z7.35 F7800
G1 X108.375 Y100.617
;TYPE:Perimeter
;WIDTH:0.449999
G1 F884.349
G1 X108.351 Y100.68 E.00265
G1 X108.424 Y101.139 E.0209
G1 X108.593 Y101.634 E.04144
G1 X108.551 Y102.157 E.06204
G1 X108.556 Y102.96 E.09357
G1 X108.499 Y103.833 E.12792
G1 X108.244 Y105.81 E.20619
G1 X107.901 Y106.544 E.238
G1 X107.473 Y107.549 E.28089
G1 X107.241 Y108.003 E.30091
G1 X106.948 Y108.394 E.32009
G1 X106.588 Y108.605 E.33647
G1 X106.252 Y108.671 E.34992
G1 X104.688 Y109.079 E.41338
G1 X104.33 Y109.032 E.42756
G1 X103.541 Y108.858 E.45928
G1 X103.068 Y108.681 E.47911
G1 X102.876 Y108.548 E.48828
G1 X102.397 Y108.106 E.51387
G1 X101.936 Y107.496 E.54389
G1 X101.532 Y106.752 E.57713
G1 X101.159 Y105.857 E.6152
G1 X100.984 Y104.915 E.65282
G1 X100.924 Y103.609 E.70415
G1 X100.773 Y102.355 E.75374
G1 X100.53 Y101.618 E.78421
G1 X100.213 Y101.079 E.80876
G1 X99.959 Y100.54 E.83216
G1 X99.712 Y99.764 E.86414
G1 X99.81 Y99.42 E.87818
G1 X100.041 Y99.286 E.88867
G1 X100.385 Y99.334 E.90231
G1 X101.037 Y99.582 E.9297
G1 X101.411 Y99.689 E.94497
G1 X102.075 Y99.758 E.97118
G1 X102.71 Y99.884 E.9966
G1 X103.606 Y99.932 E1.03183
G1 X104.512 Y99.841 E1.06758
G1 X105.085 Y99.82 E1.09009
G1 X106.163 Y99.8 E1.13242
G1 X106.74 Y99.83 E1.15511
G1 X107.511 Y99.827 E1.18538
G1 X108.707 Y99.756 E1.23242
G1 X108.678 Y99.934 E1.2395
G1 X108.556 Y100.139 E1.24887
G1 X108.396 Y100.561 E1.26659
G1 X108.771 Y100.672 F7800
G1 F884.349
G1 X108.757 Y100.71 E1.26818
G1 X108.79 Y100.957 E1.27796
G1 X108.978 Y101.42 E1.29758
G1 X109.019 Y101.773 E1.31153
G1 X108.958 Y102.153 E1.32664
G1 X108.962 Y102.976 E1.35896
G1 X108.902 Y103.89 E1.39493
G1 X108.803 Y104.597 E1.42296
G1 X108.719 Y105.424 E1.4556
G1 X108.635 Y105.935 E1.47593
G1 X108.277 Y106.699 E1.50906
G1 X107.944 Y107.508 E1.54341
G1 X107.651 Y108.119 E1.57002
G1 X107.348 Y108.585 E1.59185
G1 X107.093 Y108.808 E1.60515
G1 X106.721 Y108.994 E1.62148
G1 X105.96 Y109.147 E1.65196
G1 X105.292 Y109.358 E1.67947
G1 X104.703 Y109.492 E1.70319
G1 X104.259 Y109.433 E1.72078
G1 X103.426 Y109.249 E1.75428
G1 X102.878 Y109.045 E1.77724
G1 X102.469 Y108.761 E1.79679
G1 X102.088 Y108.372 E1.81817
G1 X101.592 Y107.717 E1.85043
G1 X101.164 Y106.927 E1.88571
G1 X100.77 Y105.98 E1.92598
G1 X100.601 Y105.225 E1.95636
G1 X100.542 Y104.527 E1.98386
G1 X100.531 Y103.766 E2.01374
G1 X100.469 Y103.355 E2.03006
G1 X100.384 Y102.473 E2.06485
G1 X100.17 Y101.81 E2.0922
G1 X99.793 Y101.194 E2.12056
G1 X99.577 Y100.682 E2.14238
G1 X99.292 Y99.787 E2.17926
G1 X99.415 Y99.316 E2.19837
G1 X99.578 Y99.054 E2.21049
G1 X99.97 Y98.869 E2.22751
G1 X100.515 Y98.949 E2.24914
G1 X101.446 Y99.283 E2.28798
G1 X102.164 Y99.36 E2.31633
G1 X102.732 Y99.478 E2.33911
G1 X103.628 Y99.526 E2.37434
G1 X104.005 Y99.461 E2.38936
G1 X104.49 Y99.435 E2.40843
G1 X106.146 Y99.394 E2.47347
G1 X106.739 Y99.423 E2.49678
G1 X107.487 Y99.421 E2.52615
G1 X108.899 Y99.326 E2.58172
G1 X109.173 Y99.559 E2.59584
G1 X109.105 Y99.836 E2.60704
G1 X109.108 Y100.086 E2.61686
G1 X108.88 Y100.385 E2.63162
G1 X108.792 Y100.616 E2.64133
G1 X109.378 Y100.756 F7800
;TYPE:External perimeter
G1 F884.349
G1 X109.318 Y100.899 E2.64742
G1 X109.501 Y101.531 E2.67325
G1 X109.202 Y102.01 E2.69542
G1 X109.314 Y102.772 E2.72566
G1 X109.471 Y103.258 E2.74571
G1 X109.331 Y103.842 E2.76929
G1 X109.285 Y104.373 E2.79022
G1 X108.994 Y104.962 E2.81602
G1 X109.199 Y105.692 E2.84579
G1 X108.896 Y106.159 E2.86765
G1 X108.89 Y106.776 E2.89188
G1 X108.689 Y107.242 E2.91181
G1 X108.43 Y107.75 E2.9342
G1 X107.986 Y108.114 E2.95674
G1 X107.677 Y108.604 E2.97949
G1 X107.36 Y108.936 E2.99751
G1 X106.941 Y109.195 E3.01685
G1 X106.324 Y109.304 E3.04145
G1 X105.864 Y109.781 E3.06747
G1 X105.213 Y109.832 E3.09311
G1 X104.632 Y110.001 E3.11687
G1 X103.883 Y109.891 E3.14659
G1 X103.2 Y109.622 E3.17541
G1 X102.6 Y109.22 E3.20377
G1 X102.023 Y108.986 E3.22822
G1 X101.735 Y108.343 E3.25588
G1 X101.385 Y107.855 E3.27946
G1 X100.979 Y107.526 E3.29998
G1 X100.619 Y106.973 E3.32589
G1 X100.587 Y106.331 E3.35113
G1 X100.285 Y105.924 E3.37103
G1 X100.185 Y105.372 E3.39306
G1 X100.043 Y104.783 E3.41685
G1 X100.133 Y104.068 E3.44515
G1 X100.143 Y103.309 E3.47495
G1 X100.062 Y102.859 E3.4929
G1 X99.825 Y102.357 E3.5147
G1 X99.682 Y101.801 E3.53724
G1 X99.388 Y101.206 E3.5633
G1 X99.015 Y100.778 E3.58559
G1 X98.787 Y99.506 E3.63633
G1 X99.21 Y99.084 E3.65979
G1 X99.376 Y98.54 E3.68212
G1 X99.81 Y98.3 E3.70159
G1 X100.47 Y98.695 E3.73179
G1 X101.07 Y98.736 E3.7554
G1 X101.523 Y99.067 E3.77743
G1 X102.236 Y98.926 E3.80597
G1 X102.927 Y99.037 E3.83345
G1 X103.546 Y98.971 E3.85789
G1 X104.17 Y98.874 E3.88269
G1 X104.866 Y99.191 E3.91272
G1 X105.578 Y98.999 E3.94167
G1 X106.021 Y98.812 E3.96055
G1 X106.547 Y99.146 E3.98502
G1 X107.063 Y98.906 E4.00736
G1 X107.756 Y98.942 E4.03461
G1 X108.435 Y98.817 E4.06172
G1 X109.166 Y98.85 E4.09045
G1 X109.471 Y99.379 E4.11443
G1 X109.618 Y99.887 E4.13519
G1 X109.436 Y100.614 E4.16462
G1 X109.4 Y100.701 E4.16832
G1 X109.388 Y101.1 F7800
G1 X107.819 Y99.927
;TYPE:Top solid infill
;WIDTH:0.420249
G1 F900
G1 X108.201 Y100.309 E4.18798
G1 X108.07 Y100.655 E4.20145
G1 X108.077 Y100.719 E4.20379
G1 X107.466 Y100.108 E4.23524
G1 X106.933 Y100.109 E4.25464
G1 X108.234 Y101.41 E4.3216
G1 X108.306 Y101.592 E4.32872
G1 X108.315 Y101.816 E4.33688
G1 X108.112 Y101.821 E4.34427
G1 X106.555 Y100.265 E4.42438
G1 X106.639 Y100.614 E4.43744
G1 X106.774 Y100.919 E4.44958
G1 X106.869 Y101.079 E4.45635
G1 X106.998 Y101.242 E4.46392
G1 X107.663 Y101.906 E4.49812
G92 E0
G1 X101.189 Y99.763 F7800
;WIDTH:0.432338
G1 F900
G1 X101.8 Y100.374 E.03246
G1 X101.582 Y100.706 E.04738
G1 X100.567 Y99.691 E.1013
G1 X100.275 Y99.593 E.11287
G1 X100.089 Y99.573 E.1199
G1 X100.05 Y99.592 E.12153
G1 X100.019 Y99.695 E.12557
G1 X101.357 Y101.032 E.19662
G1 X101.075 Y101.301 E.21126
G1 X99.977 Y100.204 E.26956
G92 E0
G1 X102.082 Y107.437 F7800
;TYPE:Solid infill
;WIDTH:0.38292
G1 F1058.823
G1 X102.865 Y108.292 E.03802
;WIDTH:0.449999
G1 F884.349
G1 X103.533 Y108.529 E.06585
G1 X102.025 Y107.021 E.14959
G1 X101.937 Y106.863 E.15669
;WIDTH:0.41646
G1 F963.754
G1 X101.849 Y106.705 E.16321
;WIDTH:0.38292
G1 F1058.823
G1 X101.86 Y106.746 E.1646
G1 X101.789 Y106.766 E.16702
G1 X101.808 Y106.694 E.16946
G1 X101.343 Y105.622 F7800
G1 F1058.823
G1 X101.324 Y105.693 E.17187
G1 X101.395 Y105.674 E.17428
G1 X101.384 Y105.633 E.17567
;WIDTH:0.41646
G1 F963.754
G1 X101.456 Y105.79 E.18189
;WIDTH:0.449999
G1 F884.349
G1 X101.528 Y105.948 E.18871
G1 X104.291 Y108.711 E.34214
G1 X104.883 Y108.727 E.36539
G1 X101.317 Y105.161 E.5634
G1 X101.257 Y104.525 E.58848
G1 X105.331 Y108.6 E.81473
G1 X105.77 Y108.463 E.83279
G1 X101.245 Y103.937 E1.08408
G1 X101.179 Y103.296 E1.10938
G1 X106.245 Y108.362 E1.39069
G1 X106.678 Y108.219 E1.40859
G1 X101.135 Y102.676 E1.71638
G1 X100.792 Y101.917 F7800
;WIDTH:0.38292
G1 F1058.823
G1 X100.751 Y101.765 E1.72154
;WIDTH:0.41646
G1 F963.754
G1 X100.852 Y101.842 E1.72612
;WIDTH:0.449999
G1 F884.349
G1 X100.953 Y101.919 E1.73111
G1 X106.94 Y107.906 E2.06356
G1 X107.142 Y107.532 E2.08025
G1 X101.257 Y101.647 E2.40704
G1 X101.562 Y101.376 E2.42306
G1 X107.325 Y107.14 E2.7431
G1 X107.493 Y106.732 E2.76042
G1 X101.811 Y101.049 E3.07596
G1 X102.043 Y100.706 E3.09222
G1 X107.665 Y106.328 E3.4044
G1 X107.849 Y105.936 E3.4214
G1 X102.238 Y100.325 E3.73297
G1 X102.245 Y100.154 E3.73969
M73 P36 R18
M73 Q36 S18
;WIDTH:0.41646
G1 F963.754
G1 X102.252 Y99.983 E3.74586
;WIDTH:0.38292
G1 F1058.823
G1 X102.263 Y100.024 E3.74725
G1 X102.192 Y100.043 E3.74966
G1 X102.211 Y99.972 E3.75207
;WIDTH:0.449999
G1 F884.349
G1 X102.675 Y100.187 E3.77215
G1 X107.989 Y105.501 E4.06723
G1 X108.048 Y104.984 E4.08766
G1 X103.283 Y100.219 E4.35225
G1 X103.863 Y100.223 E4.37502
G1 X108.102 Y104.462 E4.61041
G1 X108.173 Y103.957 E4.63043
G1 X104.37 Y100.155 E4.84158
G1 X104.917 Y100.125 E4.86309
G1 X108.232 Y103.44 E5.04717
G92 E0
G1 X107.093 Y101.792 F7800
;WIDTH:0.38292
G1 F1058.823
G1 X106.657 Y101.356 E.02022
G1 X105.642 Y100.273 F7800
;WIDTH:0.453772
G1 F876.228
G1 X106.406 Y101.037 E.06304
G1 X106.203 Y100.476 E.08668
G1 X106.177 Y100.107 E.10134
G1 X105.498 Y100.129 E.12826
G92 E0
G1 X107.435 Y102.061 F7800
;WIDTH:0.451721
G1 F880.624
G1 X107.733 Y102.157 E.01235
G1 X108.25 Y102.208 E.03283
G1 X108.263 Y102.276 E.03556
G1 X108.251 Y102.88 E.05938
G1 X107.578 Y102.205 E.09696
;LAYER_CHANGE
;Z:7.55
;HEIGHT:0.2
G92 E0
G1 Z7.55 F7800
G1 X100.97 Y100.167
;TYPE:Perimeter
;WIDTH:0.449999
G1 F884.349
G1 X101.008 Y100.144 E.00174
G1 X101.582 Y99.969 E.0253
G1 X102.079 Y100.018 E.04491
G1 X102.737 Y100.121 E.07106
G1 X103.408 Y100.164 E.09746
G1 X103.715 Y100.137 E.10956
G1 X104.47 Y99.953 E.14007
G1 X105.538 Y99.937 E.18201
G1 X106.791 Y100.052 E.23142
G1 X107.057 Y100.249 E.24442
G1 X107.41 Y100.378 E.25918
G1 X107.594 Y100.704 E.27388
G1 X107.819 Y100.973 E.28765
G1 X108.058 Y101.498 E.3103
G1 X108.321 Y102.404 E.34734
G1 X108.356 Y102.933 E.36816
G1 X108.368 Y103.455 E.38866
G1 X108.326 Y104.605 E.43384
G1 X108.195 Y105.853 E.48311
G1 X107.86 Y106.575 E.51436
G1 X107.581 Y107.27 E.54377
G1 X107.163 Y108.134 E.58146
G1 X107.005 Y108.252 E.5892
G1 X106.544 Y108.529 E.61032
G1 X105.8 Y108.725 E.64053
G1 X105.214 Y108.922 E.6648
G1 X104.698 Y109.042 E.6856
G1 X104.358 Y108.991 E.6991
G1 X103.565 Y108.827 E.7309
G1 X103.089 Y108.638 E.75101
G1 X102.627 Y108.319 E.77305
G1 X102.331 Y107.988 E.79049
G1 X101.889 Y107.388 E.81975
G1 X101.563 Y106.787 E.8466
G1 X101.261 Y106.042 E.87816
G1 X101.081 Y105.44 E.90283
G1 X100.988 Y104.668 E.93336
G1 X100.966 Y103.245 E.98924
G1 X100.931 Y102.66 E1.01225
G1 X100.956 Y102.057 E1.03595
G1 X100.821 Y101.292 E1.06645
G1 X100.641 Y100.757 E1.08861
G1 X100.665 Y100.578 E1.0957
G1 X100.922 Y100.202 E1.11358
G1 X100.724 Y99.77 F7800
G1 F884.349
G1 X100.956 Y99.74 E1.12277
G1 X101.523 Y99.559 E1.14614
G1 X102.144 Y99.617 E1.17063
G1 X102.763 Y99.715 E1.19524
G1 X103.618 Y99.742 E1.22883
G1 X104.418 Y99.547 E1.26116
G1 X105.244 Y99.534 E1.2936
G1 X105.746 Y99.549 E1.31332
G1 X106.946 Y99.655 E1.36062
G1 X107.265 Y99.899 E1.37639
G1 X107.614 Y99.999 E1.39064
G1 X107.783 Y100.148 E1.39949
G1 X107.898 Y100.409 E1.41069
G1 X108.173 Y100.756 E1.42807
G1 X108.255 Y100.982 E1.43751
G1 X108.481 Y101.424 E1.457
G1 X108.517 Y101.661 E1.46641
G1 X108.727 Y102.372 E1.49552
G1 X108.763 Y102.924 E1.51724
G1 X108.775 Y103.445 E1.5377
G1 X108.734 Y104.618 E1.58379
G1 X108.592 Y105.966 E1.63701
G1 X108.281 Y106.618 E1.66537
G1 X108 Y107.332 E1.6955
G1 X107.753 Y107.87 E1.71874
G1 X107.469 Y108.413 E1.7428
G1 X107.19 Y108.621 E1.75646
G1 X106.701 Y108.909 E1.77874
G1 X105.93 Y109.111 E1.81003
G1 X105.219 Y109.35 E1.83948
G1 X104.71 Y109.455 E1.85989
G1 X104.287 Y109.392 E1.87668
G1 X103.448 Y109.218 E1.91032
G1 X102.895 Y108.999 E1.93367
G1 X102.356 Y108.626 E1.95941
G1 X102.015 Y108.246 E1.97946
G1 X101.544 Y107.607 E2.01063
G1 X101.194 Y106.961 E2.03948
G1 X100.883 Y106.195 E2.07194
G1 X100.68 Y105.512 E2.09992
G1 X100.581 Y104.696 E2.13219
G1 X100.538 Y102.901 E2.20269
G1 X100.561 Y102.302 E2.22623
G1 X100.519 Y101.921 E2.24128
G1 X100.407 Y101.305 E2.26586
G1 X100.225 Y100.803 E2.28683
G1 X100.274 Y100.428 E2.30168
G1 X100.69 Y99.819 E2.33064
G1 X100.523 Y99.441 F7800
;TYPE:External perimeter
G1 F884.349
G1 X100.814 Y99.235 E2.34464
G1 X102.059 Y99.088 E2.39386
G1 X102.791 Y99.146 E2.42269
G1 X103.805 Y99.471 E2.4645
G1 X104.3 Y99.297 E2.4851
G1 X104.722 Y99.242 E2.50181
G1 X105.225 Y99.033 E2.5232
G1 X105.85 Y99.231 E2.54894
G1 X106.539 Y99.231 E2.57599
G1 X107.809 Y99.452 E2.62661
G1 X108.337 Y100.033 E2.65744
G1 X108.452 Y100.674 E2.68301
G1 X108.783 Y101.211 E2.70778
G1 X108.947 Y102.383 E2.75425
G1 X109.274 Y102.839 E2.77628
G1 X109.018 Y103.019 E2.78857
G1 X109.122 Y103.616 E2.81236
G1 X109.02 Y104.102 E2.83186
G1 X109.224 Y104.712 E2.85712
G1 X109.274 Y105.283 E2.87963
G1 X109.117 Y105.999 E2.90841
G1 X108.686 Y106.587 E2.93704
G1 X108.528 Y107.156 E2.96023
G1 X108.365 Y107.639 E2.98025
G1 X107.956 Y108.222 E3.00821
G1 X107.763 Y108.841 E3.03367
G1 X107.16 Y109.088 E3.05926
G1 X106.644 Y109.45 E3.08401
G1 X105.346 Y109.882 E3.13772
G1 X104.603 Y109.875 E3.16689
G1 X104.005 Y109.811 E3.1905
G1 X103.468 Y109.563 E3.21373
G1 X102.997 Y109.442 E3.23282
G1 X102.59 Y109.095 E3.25382
G1 X102.125 Y108.937 E3.2731
G1 X101.716 Y108.582 E3.29436
G1 X101.486 Y107.94 E3.32114
G1 X100.888 Y107.661 E3.34705
G1 X100.572 Y107.038 E3.37448
G1 X100.7 Y106.354 E3.4018
G1 X100.354 Y105.771 E3.42842
G1 X100.075 Y105.153 E3.45504
G1 X100.058 Y104.676 E3.47378
G1 X100.259 Y104.032 E3.50027
G1 X99.963 Y103.357 E3.52921
G1 X100.197 Y102.888 E3.54979
G1 X100.284 Y102.323 E3.57224
G1 X100.211 Y101.582 E3.60148
G1 X99.679 Y101.032 E3.63153
G1 X100.044 Y100.496 E3.65699
G1 X100.129 Y100.084 E3.67351
G1 X100.386 Y99.539 E3.69717
G1 X100.474 Y99.476 E3.70142
G1 X100.811 Y99.259 F7800
G1 X101.525 Y100.311
;TYPE:Solid infill
G1 F884.349
G1 X100.996 Y100.841 E3.73082
G1 X101.126 Y101.286 E3.74902
G1 X102.085 Y100.327 E3.80227
G1 X102.581 Y100.406 E3.82199
G1 X101.215 Y101.773 E3.89787
G1 X101.273 Y102.29 E3.9183
G1 X103.114 Y100.45 E4.0205
G1 X103.693 Y100.446 E4.04323
G1 X101.25 Y102.889 E4.17889
G1 X101.275 Y103.439 E4.20051
G1 X104.44 Y100.275 E4.37623
G1 X104.369 Y100.21 E4.38001
;WIDTH:0.41646
G1 F963.754
G1 X104.297 Y100.145 E4.3835
;WIDTH:0.38292
G1 F1058.823
G1 X103.83 Y100.248 E4.39918
G1 X105.041 Y100.25 F7800
;WIDTH:0.449999
G1 F884.349
G1 X101.284 Y104.007 E4.6078
G1 X101.292 Y104.574 E4.63007
G1 X105.615 Y100.251 E4.87012
G1 X106.142 Y100.3 E4.8909
G1 X101.347 Y105.095 E5.15716
G1 X101.431 Y105.587 E5.17676
G1 X106.67 Y100.348 E5.46767
G1 X107.028 Y100.565 E5.48411
G1 X101.579 Y106.014 E5.78668
G1 X101.745 Y106.424 E5.80405
G1 X107.324 Y100.845 E6.11384
G1 X107.569 Y101.176 E6.13001
G1 X101.927 Y106.818 E6.4433
G1 X102.129 Y107.191 E6.45996
G1 X107.751 Y101.569 E6.77214
G1 X107.881 Y102.015 E6.79038
G1 X102.37 Y107.526 E7.0964
G1 X102.619 Y107.853 E7.11254
G1 X108.016 Y102.455 E7.41225
G1 X108.052 Y102.995 E7.4335
G1 X102.906 Y108.141 E7.71925
G1 X103.25 Y108.373 E7.73554
G1 X108.065 Y103.558 E8.00291
G1 X108.024 Y104.175 E8.02719
M73 P37 R18
G1 X103.664 Y108.535 E8.26929
G1 X104.147 Y108.627 E8.2886
M73 Q37 S18
G1 X108.002 Y104.773 E8.50263
G1 X107.934 Y105.416 E8.52802
G1 X104.63 Y108.72 E8.71149
G1 X104.661 Y108.799 E8.71482
;WIDTH:0.41646
G1 F963.754
G1 X104.691 Y108.878 E8.71786
;WIDTH:0.38292
G1 F1058.823
G1 X105.22 Y108.749 E8.73572
;WIDTH:0.449999
G1 F884.349
G1 X105.381 Y108.545 E8.74592
G1 X107.778 Y106.135 E8.87938
;WIDTH:0.41646
G1 F963.754
G1 X107.895 Y106.006 E8.88565
;WIDTH:0.38292
G1 F1058.823
G1 X107.854 Y106.017 E8.88704
G1 X107.835 Y105.946 E8.88945
G1 X107.906 Y105.965 E8.89186
G1 X107.487 Y106.953 F7800
G1 F1058.823
G1 X107.416 Y106.934 E8.89427
G1 X107.435 Y107.005 E8.89668
G1 X107.476 Y106.994 E8.89807
;WIDTH:0.41646
G1 F963.754
G1 X107.363 Y107.123 E8.90425
;WIDTH:0.449999
G1 F884.349
G1 X106.198 Y108.303 E8.96936
G1 X106.076 Y108.383 E8.97509
;WIDTH:0.41646
G1 F963.754
G1 X105.954 Y108.462 E8.98033
;WIDTH:0.38292
G1 F1058.823
G1 X105.883 Y108.443 E8.98274
G1 X105.902 Y108.514 E8.98515
G1 X105.943 Y108.503 E8.98654
;LAYER_CHANGE
;Z:7.75
;HEIGHT:0.2
G92 E0
G1 Z7.75 F7800
G1 X101.276 Y100.582
;TYPE:Perimeter
;WIDTH:0.449999
G1 F884.349
G1 X101.288 Y100.511 E.00283
G1 X101.498 Y100.326 E.01382
G1 X101.784 Y100.25 E.02544
G1 X102.032 Y100.281 E.03525
G1 X102.63 Y100.411 E.05928
G1 X103.172 Y100.411 E.08056
G1 X103.628 Y100.366 E.09855
G1 X104.285 Y100.168 E.12549
G1 X104.807 Y100.045 E.14655
G1 X105.892 Y100.106 E.18922
G1 X106.449 Y100.267 E.21199
G1 X106.974 Y100.723 E.23929
G1 X107.462 Y101.24 E.2672
G1 X107.833 Y101.728 E.29127
G1 X107.948 Y102.1 E.30656
G1 X108.136 Y102.538 E.32528
G1 X108.175 Y103.316 E.35587
G1 X108.27 Y103.818 E.37593
G1 X108.266 Y104.602 E.40671
G1 X108.232 Y105.215 E.43082
G1 X108.168 Y105.85 E.45588
G1 X107.909 Y106.38 E.47904
G1 X107.512 Y107.392 E.52172
G1 X107.263 Y107.927 E.54489
G1 X107.067 Y108.087 E.55482
G1 X106.524 Y108.444 E.58034
G1 X106.103 Y108.57 E.59759
G1 X105.249 Y108.877 E.63322
G1 X104.722 Y109.002 E.65449
G1 X103.672 Y108.796 E.6965
G1 X103.073 Y108.571 E.72162
G1 X102.684 Y108.319 E.73982
G1 X102.247 Y107.846 E.76511
G1 X101.842 Y107.281 E.79241
G1 X101.527 Y106.678 E.81912
G1 X101.286 Y106.105 E.84353
G1 X101.087 Y105.4 E.87229
G1 X101.028 Y104.855 E.89381
G1 X101.008 Y103.542 E.94537
G1 X101.026 Y103.038 E.96517
G1 X101.114 Y102.39 E.99085
G1 X101.236 Y101.823 E1.01362
G1 X101.165 Y101.227 E1.03719
G1 X101.266 Y100.641 E1.06054
G1 X100.957 Y100.285 F7800
G1 F884.349
G1 X101.301 Y99.957 E1.0792
G1 X101.752 Y99.837 E1.09752
G1 X102.124 Y99.885 E1.11225
G1 X102.735 Y100.009 E1.13673
G1 X103.51 Y99.976 E1.16719
G1 X104.18 Y99.774 E1.19467
G1 X104.767 Y99.636 E1.21835
G1 X105.954 Y99.704 E1.26503
G1 X106.639 Y99.897 E1.29297
G1 X107.278 Y100.452 E1.3262
G1 X107.756 Y100.954 E1.35342
G1 X108.201 Y101.539 E1.38228
G1 X108.338 Y101.98 E1.40041
G1 X108.539 Y102.442 E1.42019
G1 X108.58 Y103.272 E1.45282
G1 X108.677 Y103.78 E1.47313
G1 X108.673 Y104.614 E1.50588
G1 X108.639 Y105.238 E1.53042
G1 X108.561 Y105.975 E1.55952
G1 X108.288 Y106.528 E1.58374
G1 X107.887 Y107.552 E1.62692
G1 X107.593 Y108.183 E1.65425
G1 X107.308 Y108.415 E1.66868
G1 X106.697 Y108.817 E1.6974
G1 X106.241 Y108.953 E1.71608
G1 X105.253 Y109.308 E1.7573
G1 X104.724 Y109.417 E1.77851
G1 X103.56 Y109.189 E1.82508
G1 X102.889 Y108.937 E1.85322
G1 X102.419 Y108.633 E1.8752
G1 X101.931 Y108.104 E1.90346
G1 X101.496 Y107.497 E1.93278
G1 X101.218 Y106.984 E1.95569
G1 X100.998 Y106.488 E1.97699
G1 X100.8 Y105.977 E1.99851
G1 X100.685 Y105.467 E2.01904
G1 X100.621 Y104.88 E2.04222
G1 X100.606 Y103.147 E2.11027
G1 X100.671 Y102.491 E2.13615
G1 X100.816 Y101.884 E2.16065
G1 X100.822 Y101.63 E2.17063
G1 X100.749 Y101.058 E2.19327
G1 X100.824 Y100.844 E2.20217
G1 X100.908 Y100.331 E2.22258
G1 X100.914 Y100.326 E2.22289
G1 X100.705 Y100.014 F7800
;TYPE:External perimeter
G1 F884.349
G1 X101.097 Y99.468 E2.24928
G1 X101.757 Y99.362 E2.27553
G1 X102.414 Y99.551 E2.30237
G1 X103.009 Y99.513 E2.32578
G1 X103.56 Y99.535 E2.34743
G1 X104.03 Y99.322 E2.36769
G1 X104.688 Y99.393 E2.39368
G1 X105.177 Y99.053 E2.41707
G1 X105.761 Y99.464 E2.44511
G1 X106.474 Y99.503 E2.47315
G1 X106.95 Y99.872 E2.4968
G1 X107.629 Y100.021 E2.52409
G1 X107.913 Y100.387 E2.54228
G1 X108.325 Y100.99 E2.57096
G1 X108.604 Y101.519 E2.59444
G1 X108.62 Y102.108 E2.61758
G1 X109.15 Y102.657 E2.64754
G1 X109.049 Y103.217 E2.66988
G1 X109.086 Y103.898 E2.69666
G1 X108.907 Y104.58 E2.72435
G1 X109.219 Y104.769 E2.73867
G1 X109.031 Y105.243 E2.75869
G1 X109.059 Y105.742 E2.77831
G1 X108.662 Y106.265 E2.80409
G1 X108.756 Y106.989 E2.83276
G1 X108.251 Y107.323 E2.85653
G1 X107.962 Y108.637 E2.90936
G1 X107.353 Y108.712 E2.93345
G1 X106.898 Y109.299 E2.96261
G1 X106.403 Y109.322 E2.98207
G1 X105.787 Y109.434 E3.00665
G1 X105.183 Y109.866 E3.03581
G1 X104.418 Y109.888 E3.06586
G1 X103.826 Y109.617 E3.09142
G1 X103.282 Y109.313 E3.11589
G1 X102.559 Y109.399 E3.14448
G1 X102.221 Y109.032 E3.16407
G1 X101.973 Y108.473 E3.18808
G1 X101.426 Y108.234 E3.21152
G1 X101.198 Y107.707 E3.23407
G1 X100.745 Y107.383 E3.25594
G1 X100.53 Y106.903 E3.27659
G1 X100.597 Y106.078 E3.30909
G1 X100.295 Y105.443 E3.3367
G1 X100.129 Y104.815 E3.36221
G1 X100.279 Y104.216 E3.38646
G1 X100.201 Y103.566 E3.41217
G1 X100.023 Y103.011 E3.43506
G1 X100.198 Y102.3 E3.46381
G1 X100.443 Y101.59 E3.4933
G1 X100.254 Y101.14 E3.51246
G1 X100.52 Y100.533 E3.53848
G1 X100.683 Y100.07 E3.55775
G1 X100.906 Y99.738 F7800
G92 E0
G1 X102.088 Y107.362
;TYPE:Solid infill
;WIDTH:0.38292
G1 F1058.823
G1 X102.396 Y107.725 E.01561
G1 X102.816 Y108.162 E.03549
;WIDTH:0.449999
G1 F884.349
G1 X103.484 Y108.399 E.06332
G1 X101.98 Y106.895 E.14683
G1 X101.892 Y106.737 E.15393
;WIDTH:0.41646
G1 F963.754
G1 X101.803 Y106.58 E.16043
;WIDTH:0.38292
G1 F1058.823
G1 X101.814 Y106.621 E.16182
G1 X101.743 Y106.64 E.16423
G1 X101.762 Y106.569 E.16664
;WIDTH:0.449999
G1 F884.349
G1 X101.518 Y105.857 E.19619
G1 X104.261 Y108.6 E.3485
G1 X104.892 Y108.655 E.37337
G1 X101.364 Y105.128 E.56925
G1 X101.293 Y105.183 E.57278
;WIDTH:0.41646
G1 F963.754
G1 X101.222 Y105.238 E.57602
;WIDTH:0.38292
G1 F1058.823
G1 X101.314 Y105.695 E.59131
G1 X101.33 Y104.518 F7800
;WIDTH:0.449999
G1 F884.349
G1 X105.334 Y108.522 E.81365
G1 X105.757 Y108.37 E.8313
G1 X101.325 Y103.937 E1.07743
G1 X101.319 Y103.356 E1.10024
G1 X106.189 Y108.225 E1.37064
G1 X106.58 Y108.041 E1.38761
G1 X101.355 Y102.816 E1.67775
G1 X101.438 Y102.323 E1.69738
G1 X106.924 Y107.809 E2.00201
G1 X107.146 Y107.455 E2.01842
G1 X101.541 Y101.85 E2.32966
G1 X101.478 Y101.212 E2.35483
G1 X107.318 Y107.052 E2.67912
G1 X107.48 Y106.638 E2.69658
G1 X101.567 Y100.725 E3.02492
G1 X101.571 Y100.598 E3.02991
;WIDTH:0.41646
G1 F963.754
G1 X101.576 Y100.472 E3.03445
;WIDTH:0.38292
G1 F1058.823
G1 X101.794 Y100.408 E3.0419
;WIDTH:0.449999
G1 F884.349
G1 X102.005 Y100.587 E3.05276
G1 X107.643 Y106.225 E3.36583
G1 X107.833 Y105.84 E3.38269
G1 X102.708 Y100.715 E3.66727
G1 X103.28 Y100.711 E3.68973
G1 X107.919 Y105.35 E3.94733
G1 X107.949 Y104.805 E3.96876
G1 X103.782 Y100.638 E4.20015
G1 X104.225 Y100.505 E4.21831
G1 X107.962 Y104.242 E4.42582
G1 X107.923 Y103.627 E4.45002
G1 X104.684 Y100.388 E4.62988
G1 X105.238 Y100.366 E4.65165
G1 X107.853 Y102.981 E4.79686
G92 E0
G1 X106.353 Y100.462 F7800
;WIDTH:0.38292
G1 F1058.823
G1 X107.163 Y101.262 E.03734
G1 X107.666 Y101.814 E.06183
;WIDTH:0.41646
G1 F963.754
G1 X107.667 Y102.017 E.06914
;WIDTH:0.449999
G1 F884.349
G1 X107.668 Y102.221 E.07715
G1 X105.857 Y100.41 E.17771
;LAYER_CHANGE
;Z:7.95
;HEIGHT:0.2
G92 E0
G1 Z7.95 F7800
G1 X101.715 Y100.968
;TYPE:Perimeter
G1 F884.349
G1 X101.86 Y100.808 E.00848
G1 X102.119 Y100.705 E.01942
G1 X102.653 Y100.733 E.04042
G1 X103.436 Y100.692 E.07121
G1 X103.777 Y100.614 E.08495
G1 X104.756 Y100.153 E.12744
G1 X105.597 Y100.224 E.16058
M73 P38 R18
G1 X106.136 Y100.44 E.18338
G1 X106.617 Y100.852 E.20825
G1 X107.248 Y101.351 E.23984
G1 X107.398 Y101.547 E.24953
G1 X107.594 Y101.854 E.26383
G1 X107.93 Y102.618 E.2966
G1 X108.12 Y103.612 E.33634
G1 X108.186 Y104.17 E.3584
G1 X108.2 Y104.751 E.38122
M73 Q38 S18
G1 X108.182 Y105.35 E.40475
G1 X108.131 Y105.866 E.42511
G1 X107.902 Y106.32 E.44508
G1 X107.606 Y107.048 E.47594
G1 X107.439 Y107.538 E.49627
G1 X107.302 Y107.725 E.50537
G1 X106.932 Y108.086 E.52567
G1 X106.498 Y108.373 E.5461
G1 X105.869 Y108.634 E.57284
G1 X105.282 Y108.839 E.59725
G1 X104.801 Y108.951 E.61664
G1 X103.801 Y108.766 E.65657
G1 X103.073 Y108.51 E.68687
G1 X102.615 Y108.194 E.70872
G1 X102.228 Y107.769 E.73129
G1 X101.892 Y107.317 E.7534
G1 X101.615 Y106.841 E.77502
G1 X101.2 Y105.868 E.81655
G1 X101.134 Y105.556 E.82907
G1 X101.062 Y105.024 E.85015
G1 X101.071 Y103.265 E.91922
G1 X101.19 Y102.625 E.94478
G1 X101.456 Y101.549 E.9883
G1 X101.682 Y101.017 E1.011
G1 X101.342 Y100.768 F7800
G1 F884.349
G1 X101.623 Y100.464 E1.02725
G1 X102.054 Y100.293 E1.04546
G1 X102.334 Y100.311 E1.05648
G1 X103.006 Y100.307 E1.08287
G1 X103.546 Y100.264 E1.10414
G1 X104.703 Y99.739 E1.15403
G1 X105.69 Y99.823 E1.19292
G1 X106.35 Y100.087 E1.22083
G1 X106.87 Y100.532 E1.2477
G1 X107.541 Y101.064 E1.28132
G1 X107.882 Y101.51 E1.30336
G1 X108.361 Y102.588 E1.34968
G1 X108.379 Y102.826 E1.35905
G1 X108.519 Y103.532 E1.38731
G1 X108.593 Y104.154 E1.4119
G1 X108.607 Y104.763 E1.43582
G1 X108.589 Y105.362 E1.45935
G1 X108.523 Y105.996 E1.48438
G1 X108.275 Y106.482 E1.5058
G1 X107.725 Y107.891 E1.56519
G1 X107.205 Y108.394 E1.5936
G1 X106.69 Y108.734 E1.61783
G1 X106.014 Y109.015 E1.64657
G1 X105.296 Y109.265 E1.67642
G1 X104.805 Y109.366 E1.6961
G1 X103.696 Y109.16 E1.74039
G1 X102.892 Y108.878 E1.77384
G1 X102.257 Y108.421 E1.80456
G1 X101.922 Y108.037 E1.82457
G1 X101.556 Y107.546 E1.84862
G1 X101.248 Y107.019 E1.87259
G1 X100.81 Y105.991 E1.91647
G1 X100.735 Y105.64 E1.93056
G1 X100.655 Y105.043 E1.95421
G1 X100.664 Y103.228 E2.02548
G1 X100.797 Y102.52 E2.05377
G1 X101.131 Y101.278 E2.10427
G1 X101.315 Y100.821 E2.12361
M73 P38 R17
G1 X101.036 Y100.614 F7800
;TYPE:External perimeter
G1 F884.349
G1 X101.231 Y100.456 E2.13346
G1 X101.737 Y100.194 E2.15583
G1 X102.27 Y99.852 E2.1807
G1 X104.064 Y99.627 E2.25169
G1 X104.558 Y99.54 E2.27139
G1 X105.076 Y99.563 E2.29175
G1 X105.702 Y99.315 E2.31819
G1 X106.242 Y99.405 E2.33969
G1 X106.803 Y99.755 E2.36565
G1 X107.034 Y100.223 E2.38614
G1 X107.692 Y100.41 E2.413
G1 X107.911 Y101.192 E2.44489
G1 X108.222 Y101.611 E2.46538
G1 X108.701 Y102.153 E2.49378
G1 X108.83 Y102.754 E2.51792
G1 X108.805 Y103.259 E2.53777
G1 X108.84 Y103.856 E2.56125
G1 X109.022 Y104.581 E2.5906
G1 X108.988 Y104.986 E2.60656
G1 X108.881 Y105.434 E2.62465
G1 X109.011 Y105.973 E2.64642
G1 X108.758 Y106.547 E2.67105
G1 X108.701 Y107.038 E2.69046
G1 X108.189 Y107.462 E2.71656
G1 X108.017 Y108.015 E2.7393
G1 X107.752 Y108.647 E2.76621
G1 X107.14 Y108.798 E2.79096
G1 X106.795 Y109.347 E2.81642
G1 X106.252 Y109.384 E2.83779
G1 X105.594 Y109.559 E2.86452
G1 X105.184 Y109.858 E2.88444
G1 X104.71 Y109.738 E2.90364
G1 X104.22 Y109.73 E2.92288
G1 X103.61 Y109.546 E2.9479
G1 X103.012 Y109.441 E2.97174
G1 X101.978 Y108.796 E3.01959
G1 X101.384 Y108.291 E3.0502
G1 X101.012 Y107.028 E3.1019
G1 X100.468 Y106.686 E3.12713
G1 X100.362 Y106.156 E3.14835
G1 X100.406 Y105.385 E3.17867
G1 X100.432 Y104.116 E3.22851
G1 X100.144 Y103.538 E3.25387
G1 X100.199 Y102.981 E3.27585
G1 X100.618 Y101.666 E3.33004
G1 X100.654 Y100.923 E3.35925
G1 X100.989 Y100.652 E3.37617
G1 X101.316 Y100.421 F7800
G1 X101.872 Y101.09
;TYPE:Solid infill
;WIDTH:0.38292
G1 F1058.823
G1 X101.977 Y100.98 E3.38116
;WIDTH:0.41646
G1 F963.754
G1 X102.171 Y101.002 E3.38819
;WIDTH:0.449999
G1 F884.349
G1 X102.365 Y101.024 E3.39586
G1 X101.75 Y101.638 E3.42998
G1 X101.557 Y102.407 E3.46111
G1 X102.94 Y101.024 E3.53791
G1 X103.697 Y100.787 E3.56906
;WIDTH:0.38292
G1 F1058.823
G1 X103.842 Y100.818 E3.57392
;WIDTH:0.41646
G1 F963.754
G1 X103.7 Y100.901 E3.57985
;WIDTH:0.449999
G1 F884.349
G1 X103.557 Y100.983 E3.58632
G1 X101.402 Y103.138 E3.70598
G1 X101.367 Y103.748 E3.72997
G1 X104.529 Y100.586 E3.90555
G1 X104.671 Y100.479 E3.91253
;WIDTH:0.41646
G1 F963.754
G1 X104.813 Y100.372 E3.91894
;WIDTH:0.38292
G1 F1058.823
G1 X104.772 Y100.383 E3.92033
G1 X104.753 Y100.312 E3.92274
G1 X104.824 Y100.331 E3.92515
;WIDTH:0.449999
G1 F884.349
G1 X105.194 Y100.497 E3.94107
G1 X101.367 Y104.324 E4.15358
G1 X101.368 Y104.899 E4.17616
M73 Q38 S17
G1 X105.68 Y100.586 E4.41563
G1 X106.063 Y100.779 E4.43247
G1 X101.418 Y105.424 E4.6904
G1 X101.537 Y105.881 E4.70894
G1 X106.373 Y101.045 E4.97748
G1 X106.693 Y101.301 E4.99357
G1 X101.709 Y106.284 E5.2703
G1 X101.881 Y106.688 E5.28754
G1 X107.014 Y101.555 E5.57257
G1 X107.267 Y101.878 E5.58868
G1 X102.086 Y107.059 E5.87637
G1 X102.319 Y107.402 E5.89265
G1 X107.448 Y102.273 E6.17746
G1 X107.622 Y102.675 E6.19466
G1 X102.584 Y107.713 E6.47441
G1 X102.865 Y108.007 E6.49038
G1 X107.718 Y103.154 E6.75986
G1 X107.813 Y103.635 E6.77911
G1 X103.213 Y108.235 E7.03454
G1 X103.639 Y108.385 E7.05227
G1 X107.879 Y104.144 E7.28774
G1 X107.896 Y104.703 E7.3097
G1 X104.091 Y108.509 E7.52101
G1 X105.046 Y108.741 F7800
;WIDTH:0.38292
G1 F1058.823
G1 X104.799 Y108.777 E7.5292
;WIDTH:0.41646
G1 F963.754
G1 X104.688 Y108.688 E7.53433
;WIDTH:0.449999
G1 F884.349
G1 X104.576 Y108.599 E7.53995
G1 X107.878 Y105.297 E7.72331
G1 X107.684 Y106.067 E7.75449
G1 X105.211 Y108.54 E7.89181
G92 E0
G1 X107.282 Y107.044 F7800
G1 F884.349
G1 X106.133 Y108.194 E.06383
G1 X105.989 Y108.29 E.07063
;WIDTH:0.41646
G1 F963.754
G1 X105.845 Y108.387 E.07689
;WIDTH:0.38292
G1 F1058.823
G1 X106.035 Y108.384 E.08312
;WIDTH:0.429032
G1 F932.372
G1 X106.739 Y107.861 E.11578
;WIDTH:0.439982
G1 F906.659
G1 X107.138 Y107.469 E.1372
G1 X107.304 Y107.206 E.14911
;WIDTH:0.411451
G1 F976.851
G1 X107.469 Y106.943 E.16015
;WIDTH:0.38292
G1 F1058.823
G1 X107.463 Y106.756 E.16629
;LAYER_CHANGE
;Z:8.15
;HEIGHT:0.2
G92 E0
G1 Z8.15 F7800
G1 X104.107 Y100.767
;TYPE:Perimeter
;WIDTH:0.449999
G1 F884.349
G1 X104.168 Y100.739 E.00264
G1 X104.434 Y100.457 E.01786
G1 X104.818 Y100.236 E.03526
G1 X105.158 Y100.267 E.04867
G1 X105.931 Y100.65 E.08254
G1 X106.127 Y100.779 E.09175
G1 X107.065 Y101.487 E.13789
G1 X107.478 Y101.966 E.16272
G1 X107.901 Y102.9 E.20298
G1 X108.049 Y103.572 E.23
G1 X108.125 Y104.127 E.252
G1 X108.145 Y105.209 E.29449
G1 X108.102 Y105.854 E.31987
G1 X107.854 Y106.355 E.34182
G1 X107.576 Y106.996 E.36925
G1 X107.432 Y107.481 E.38911
G1 X107.281 Y107.604 E.39676
G1 X106.903 Y108.023 E.41892
G1 X106.445 Y108.319 E.44033
G1 X105.82 Y108.617 E.46752
G1 X105.349 Y108.79 E.48722
G1 X104.968 Y108.883 E.50262
G1 X104.314 Y108.799 E.52851
G1 X103.651 Y108.653 E.55517
G1 X103.148 Y108.477 E.57609
G1 X102.731 Y108.221 E.5953
G1 X102.255 Y107.762 E.62126
G1 X101.907 Y107.3 E.64397
G1 X101.654 Y106.858 E.66397
G1 X101.282 Y106.031 E.69958
G1 X101.136 Y105.521 E.72041
G1 X101.073 Y104.875 E.7459
G1 X101.131 Y104.195 E.7727
G1 X101.118 Y103.578 E.79693
G1 X101.177 Y103.064 E.81724
G1 X101.47 Y102.016 E.85997
G1 X101.77 Y101.504 E.88327
G1 X102.135 Y101.42 E.89798
G1 X102.924 Y101.069 E.93189
G1 X103.237 Y100.994 E.94453
G1 X103.812 Y100.902 E.96739
G1 X104.052 Y100.792 E.97776
G1 X103.891 Y100.423 F7800
G1 F884.349
G1 X103.931 Y100.408 E.97944
G1 X104.162 Y100.125 E.99378
G1 X104.716 Y99.829 E1.01844
G1 X105.286 Y99.873 E1.04089
G1 X105.513 Y99.997 E1.05105
G1 X106.226 Y100.33 E1.08195
G1 X107.344 Y101.188 E1.13729
G1 X107.83 Y101.757 E1.16667
G1 X108.289 Y102.77 E1.21034
G1 X108.514 Y103.791 E1.25139
G1 X108.559 Y104.765 E1.28967
G1 X108.548 Y105.467 E1.31724
G1 X108.493 Y105.987 E1.33777
G1 X108.227 Y106.518 E1.36109
G1 X107.948 Y107.167 E1.38883
G1 X107.798 Y107.677 E1.4097
G1 X107.539 Y107.919 E1.42362
G1 X107.175 Y108.333 E1.44527
G1 X106.643 Y108.676 E1.47012
G1 X105.978 Y108.992 E1.49903
G1 X105.49 Y109.172 E1.51945
G1 X104.984 Y109.295 E1.5399
G1 X104.044 Y109.175 E1.57711
G1 X103.549 Y109.047 E1.59719
G1 X102.967 Y108.844 E1.62139
G1 X102.488 Y108.55 E1.64346
G1 X102.136 Y108.239 E1.6619
G1 X101.795 Y107.86 E1.68192
G1 X101.409 Y107.291 E1.70892
G1 X101.062 Y106.558 E1.74076
G1 X100.864 Y106.069 E1.76147
G1 X100.695 Y105.388 E1.78902
G1 X100.665 Y104.867 E1.80951
G1 X100.724 Y104.204 E1.83565
G1 X100.71 Y103.559 E1.86098
G1 X100.776 Y102.985 E1.88367
G1 X101.132 Y101.713 E1.93553
G1 X101.263 Y101.562 E1.94338
M73 P39 R17
G1 X101.437 Y101.262 E1.957
G1 X101.558 Y101.126 E1.96415
G1 X101.987 Y101.041 E1.98132
G1 X102.778 Y100.685 E2.01538
G1 X103.141 Y100.598 E2.03004
G1 X103.642 Y100.519 E2.04995
G1 X103.835 Y100.445 E2.05807
G1 X103.657 Y100.028 F7800
;TYPE:External perimeter
G1 F884.349
G1 X103.842 Y99.706 E2.07265
G1 X104.571 Y99.524 E2.10215
G1 X105.03 Y99.266 E2.12282
G1 X105.552 Y99.39 E2.14389
G1 X106.032 Y99.903 E2.17148
G1 X106.633 Y99.931 E2.1951
M73 Q39 S17
G1 X106.898 Y100.4 E2.21625
G1 X107.255 Y100.69 E2.23431
G1 X107.555 Y101.04 E2.25241
G1 X108.089 Y101.229 E2.27465
G1 X108.304 Y101.653 E2.29332
G1 X108.872 Y102.641 E2.33807
G1 X108.983 Y103.282 E2.36361
G1 X108.796 Y103.97 E2.3916
G1 X108.998 Y104.708 E2.42164
G1 X108.941 Y105.093 E2.43692
G1 X109.093 Y105.547 E2.45572
G1 X108.729 Y106.11 E2.48204
G1 X108.641 Y106.819 E2.51009
G1 X108.165 Y107.381 E2.53901
G1 X108.062 Y107.963 E2.56222
G1 X107.763 Y108.307 E2.58012
G1 X107.437 Y108.624 E2.59797
G1 X106.525 Y109.373 E2.64431
G1 X105.875 Y109.528 E2.67055
G1 X105.226 Y109.482 E2.6961
G1 X104.722 Y109.79 E2.71929
G1 X104.131 Y109.529 E2.74466
G1 X103.661 Y109.542 E2.76312
G1 X103.2 Y109.373 E2.7824
G1 X102.536 Y109.233 E2.80904
G1 X102.154 Y108.87 E2.82973
G1 X101.635 Y108.564 E2.85339
G1 X101.537 Y107.953 E2.87769
G1 X101.022 Y107.425 E2.90665
G1 X100.64 Y106.835 E2.93425
G1 X100.38 Y106.174 E2.96214
G1 X100.321 Y105.559 E2.9864
G1 X100.345 Y104.87 E3.01347
G1 X100.463 Y103.644 E3.06183
G1 X100.262 Y103.014 E3.0878
G1 X100.629 Y102.327 E3.11838
G1 X100.504 Y101.773 E3.14068
G1 X100.893 Y101.359 E3.16299
G1 X101.324 Y100.947 E3.1864
G1 X101.831 Y100.616 E3.21017
G1 X102.354 Y100.317 E3.23382
G1 X103.009 Y100.392 E3.25971
G1 X103.532 Y100.246 E3.28103
G1 X103.627 Y100.08 E3.28854
G1 X103.842 Y99.743 F7800
G92 E0
G1 X102.266 Y107.488
;TYPE:Solid infill
;WIDTH:0.38292
G1 F1058.823
G1 X102.848 Y108.068 E.02695
G1 X103.782 Y108.413 F7800
G1 F1058.823
G1 X103.793 Y108.454 E.02834
G1 X103.722 Y108.473 E.03075
G1 X103.741 Y108.402 E.03316
;WIDTH:0.41646
G1 F963.754
G1 X103.603 Y108.337 E.03866
;WIDTH:0.449999
G1 F884.349
G1 X103.465 Y108.272 E.04465
G1 X101.939 Y106.746 E.12939
G1 X101.5 Y105.731 F7800
G1 F884.349
G1 X104.252 Y108.484 E.28223
G1 X104.912 Y108.568 E.30835
G1 X101.389 Y105.044 E.504
G1 X101.317 Y105.133 E.50849
;WIDTH:0.41646
G1 F963.754
G1 X101.246 Y105.222 E.51259
;WIDTH:0.38292
G1 F1058.823
G1 X101.301 Y105.569 E.52411
G1 X101.414 Y104.494 F7800
;WIDTH:0.449999
G1 F884.349
G1 X105.375 Y108.455 E.74406
G1 X105.789 Y108.293 E.76152
G1 X101.43 Y103.934 E1.00357
G1 X101.448 Y103.377 E1.02545
G1 X106.179 Y108.108 E1.28816
G1 X106.541 Y107.894 E1.30467
G1 X101.541 Y102.894 E1.58231
G1 X101.667 Y102.444 E1.60066
G1 X106.845 Y107.622 E1.88819
G1 X107.133 Y107.334 E1.90418
G1 X101.811 Y102.012 E2.1997
G1 X102.114 Y101.739 E2.21571
G1 X107.288 Y106.914 E2.50304
G1 X107.455 Y106.505 E2.52039
G1 X102.539 Y101.589 E2.79337
G1 X102.934 Y101.409 E2.81041
G1 X107.63 Y106.104 E3.07114
G1 X107.815 Y105.713 E3.08812
G1 X103.376 Y101.274 E3.33461
G1 X103.875 Y101.198 E3.35443
G1 X107.84 Y105.163 E3.5746
G1 X107.846 Y104.593 E3.59698
G1 X104.273 Y101.02 E3.79538
G1 X104.58 Y100.751 E3.81141
G1 X107.811 Y103.983 E3.99085
G1 X107.668 Y103.264 E4.01963
G1 X104.953 Y100.549 E4.17039
G1 X105.866 Y100.924 F7800
;WIDTH:0.39626
G1 F1018.849
G1 X106.086 Y100.981 E4.17814
;WIDTH:0.38292
G1 F1058.823
G1 X106.886 Y101.68 E4.21298
G1 X107.269 Y102.092 E4.23143
G1 X107.51 Y102.442 E4.24537
G1 X107.505 Y102.614 E4.25101
;WIDTH:0.41646
G1 F963.754
G1 X107.405 Y102.47 E4.25733
;WIDTH:0.449999
G1 F884.349
G1 X107.306 Y102.326 E4.26419
G1 X106.167 Y101.188 E4.32741
;LAYER_CHANGE
;Z:8.35
;HEIGHT:0.200001
G92 E0
G1 Z8.35 F7800
G1 X104.184 Y100.859
;TYPE:Perimeter
G1 F884.349
G1 X104.217 Y100.847 E.00138
G1 X104.413 Y100.69 E.01124
G1 X104.786 Y100.308 E.0322
G1 X104.946 Y100.331 E.03855
G1 X105.895 Y100.863 E.08127
G1 X106.778 Y101.512 E.1243
G1 X107.261 Y101.941 E.14967
G1 X107.494 Y102.249 E.16483
G1 X107.869 Y103.029 E.19881
G1 X107.95 Y103.387 E.21322
G1 X108.07 Y104.067 E.24033
G1 X108.115 Y105.007 E.27728
G1 X108.078 Y105.822 E.30931
G1 X107.948 Y106.065 E.32013
G1 X107.315 Y107.476 E.38085
G1 X106.898 Y107.946 E.40552
G1 X106.359 Y108.287 E.43056
G1 X105.733 Y108.633 E.45864
G1 X105.289 Y108.783 E.47704
G1 X104.956 Y108.802 E.49014
G1 X103.968 Y108.678 E.52924
G1 X103.385 Y108.503 E.55314
G1 X102.836 Y108.224 E.57732
G1 X102.467 Y107.914 E.59624
G1 X102.093 Y107.538 E.61706
G1 X101.713 Y106.975 E.64373
G1 X101.226 Y105.923 E.68925
G1 X101.105 Y105.293 E.71444
G1 X101.081 Y104.712 E.73727
G1 X101.199 Y103.368 E.79024
G1 X101.591 Y102.046 E.84438
G1 X101.739 Y101.895 E.85268
G1 X102.152 Y101.581 E.87305
G1 X102.336 Y101.514 E.88074
G1 X102.833 Y101.27 E.90248
G1 X103.682 Y101.039 E.93703
G1 X104.128 Y100.879 E.95563
G1 X103.978 Y100.492 F7800
G1 F884.349
G1 X104.122 Y100.406 E.96222
G1 X104.691 Y99.859 E.99321
G1 X105.067 Y99.932 E1.00825
G1 X106.116 Y100.52 E1.05547
G1 X107.034 Y101.195 E1.10021
G1 X107.562 Y101.663 E1.12791
G1 X107.843 Y102.036 E1.14625
G1 X108.256 Y102.894 E1.18364
G1 X108.393 Y103.5 E1.20803
G1 X108.475 Y104.028 E1.22901
G1 X108.526 Y104.824 E1.26033
G1 X108.516 Y105.345 E1.28079
G1 X108.471 Y105.952 E1.30469
G1 X108.32 Y106.231 E1.31715
G1 X107.932 Y107.102 E1.35459
G1 X107.741 Y107.603 E1.37564
G1 X107.158 Y108.263 E1.41022
G1 X106.431 Y108.712 E1.44377
G1 X105.747 Y109.062 E1.47394
G1 X105.163 Y109.225 E1.49775
G1 X103.886 Y109.078 E1.54822
G1 X103.24 Y108.883 E1.57472
G1 X102.603 Y108.559 E1.60278
G1 X102.205 Y108.226 E1.62316
G1 X101.772 Y107.789 E1.64732
G1 X101.359 Y107.178 E1.67628
G1 X100.834 Y106.04 E1.72549
G1 X100.7 Y105.34 E1.75347
G1 X100.673 Y104.702 E1.77854
G1 X100.794 Y103.303 E1.83368
G1 X101.063 Y102.351 E1.87252
G1 X101.241 Y101.823 E1.8944
G1 X101.534 Y101.523 E1.91087
G1 X101.961 Y101.217 E1.9315
G1 X102.266 Y101.102 E1.9443
G1 X102.823 Y100.818 E1.96885
G1 X103.117 Y100.778 E1.9805
G1 X103.854 Y100.566 E2.01061
G1 X103.926 Y100.523 E2.0139
G1 X103.747 Y100.079 F7800
;TYPE:External perimeter
G1 F884.349
G1 X104.08 Y99.629 E2.03588
G1 X104.438 Y99.332 E2.05414
G1 X105.173 Y99.418 E2.0832
G1 X105.73 Y99.728 E2.10823
G1 X106.093 Y100.172 E2.13075
G1 X106.786 Y100.384 E2.15921
G1 X107.21 Y100.875 E2.18468
G1 X107.662 Y101.146 E2.20537
G1 X108.112 Y101.515 E2.22822
G1 X108.497 Y102.07 E2.25474
G1 X108.494 Y102.584 E2.27492
G1 X108.681 Y103.022 E2.29362
G1 X108.749 Y103.59 E2.31608
G1 X108.956 Y104.028 E2.3351
G1 X108.973 Y105.249 E2.38305
G1 X108.873 Y105.818 E2.40573
G1 X108.563 Y106.382 E2.431
G1 X108.333 Y107.033 E2.45811
G1 X108.35 Y107.609 E2.48074
G1 X107.814 Y108.151 E2.51067
G1 X107.592 Y108.645 E2.53194
G1 X106.443 Y108.98 E2.57893
G1 X106.003 Y109.411 E2.60311
G1 X105.286 Y109.55 E2.63179
G1 X104.601 Y109.52 E2.65871
G1 X103.94 Y109.622 E2.68497
G1 X103.328 Y109.269 E2.71271
G1 X102.702 Y109.261 E2.73729
G1 X102.178 Y108.94 E2.76142
G1 X101.871 Y108.301 E2.78926
G1 X101.432 Y108.02 E2.80973
G1 X101.296 Y107.518 E2.83015
G1 X100.817 Y106.966 E2.85885
G1 X100.414 Y106.369 E2.88713
G1 X100.216 Y105.846 E2.90909
G1 X100.068 Y104.653 E2.95629
G1 X100.449 Y104.029 E2.985
G1 X100.501 Y103.418 E3.00908
G1 X100.445 Y102.702 E3.03728
G1 X100.782 Y102.225 E3.06021
G1 X100.729 Y101.547 E3.08691
G1 X101.287 Y101.342 E3.11025
G1 X101.847 Y101.027 E3.13548
G1 X102.351 Y100.702 E3.15903
G1 X102.769 Y100.47 E3.1778
G1 X103.313 Y100.467 E3.19916
G1 X103.71 Y100.126 E3.21971
G1 X103.949 Y99.805 F7800
G92 E0
G1 X102.231 Y101.735
;TYPE:Solid infill
;WIDTH:0.38292
G1 F1058.823
G1 X101.767 Y102.156 E.02055
;WIDTH:0.449999
G1 F884.349
G1 X101.601 Y102.932 E.05171
;WIDTH:0.38292
G1 F1058.823
G1 X101.56 Y102.943 E.0531
G1 X101.541 Y102.872 E.05551
G1 X101.612 Y102.891 E.05792
;WIDTH:0.41646
G1 F963.754
G1 X101.675 Y102.752 E.06342
;WIDTH:0.449999
G1 F884.349
G1 X101.739 Y102.614 E.06939
G1 X102.644 Y101.708 E.11967
G1 X103.527 Y101.401 F7800
G1 F884.349
G1 X101.501 Y103.428 E.2322
G1 X101.445 Y104.059 E.25707
G1 X104.471 Y101.033 E.4251
G1 X104.924 Y100.618 E.44922
;WIDTH:0.420186
G1 F954.234
G1 X104.845 Y100.596 E.4522
G1 X104.866 Y100.675 E.45517
G1 X104.912 Y100.663 E.4569
;WIDTH:0.449999
G1 F884.349
G1 X105.235 Y100.845 E.47146
G1 X101.389 Y104.69 E.68499
G1 X101.409 Y105.247 E.70687
G1 X105.605 Y101.051 E.93987
G1 X105.949 Y101.282 E.95614
M73 P40 R17
G1 X101.5 Y105.731 E1.20319
G1 X101.664 Y106.143 E1.2206
M73 Q40 S17
G1 X106.281 Y101.526 E1.47697
G1 X106.611 Y101.772 E1.49313
G1 X101.846 Y106.536 E1.7577
G1 X102.042 Y106.916 E1.77449
G1 X106.916 Y102.042 E2.04514
G1 X107.186 Y102.348 E2.06116
G1 X102.274 Y107.26 E2.33392
G1 X102.537 Y107.573 E2.34997
G1 X107.384 Y102.725 E2.61914
G1 X107.571 Y103.114 E2.63609
G1 X102.849 Y107.836 E2.8983
G1 X103.188 Y108.072 E2.91452
G1 X107.681 Y103.58 E3.16398
G1 X107.764 Y104.073 E3.18361
G1 X103.584 Y108.252 E3.41569
G1 X104.034 Y108.379 E3.43405
G1 X107.813 Y104.599 E3.64392
G1 X107.807 Y105.181 E3.66677
G1 X104.548 Y108.44 E3.84774
G1 X105.063 Y108.501 E3.8681
G1 X107.72 Y105.843 E4.01567
G1 X107.442 Y106.608 E4.04763
;WIDTH:0.38292
G1 F1058.823
G1 X107.436 Y106.799 E4.0539
;WIDTH:0.399378
G1 F1009.937
G1 X107.124 Y107.268 E4.07327
;WIDTH:0.437778
G1 F911.72
G1 X106.705 Y107.714 E4.09658
G1 X106.472 Y107.9 E4.10793
;WIDTH:0.410349
G1 F979.781
G1 X106.24 Y108.086 E4.11847
;WIDTH:0.38292
G1 F1058.823
G1 X105.888 Y108.346 E4.13282
G1 X105.722 Y108.349 E4.13826
;WIDTH:0.41646
G1 F963.754
G1 X105.865 Y108.24 E4.14474
;WIDTH:0.449999
G1 F884.349
G1 X106.007 Y108.132 E4.15174
G1 X107.244 Y106.896 E4.2204
;LAYER_CHANGE
;Z:8.55
;HEIGHT:0.2
G92 E0
G1 Z8.55 F7800
G1 X104.399 Y100.639
;TYPE:Perimeter
G1 F884.349
G1 X104.717 Y100.331 E.01738
G1 X106.174 Y101.259 E.08521
G1 X106.629 Y101.613 E.10785
G1 X107.113 Y101.958 E.13119
G1 X107.5 Y102.456 E.15595
G1 X107.841 Y103.161 E.1867
G1 X107.995 Y103.742 E.2103
G1 X108.055 Y104.278 E.23148
G1 X108.082 Y105.013 E.26036
G1 X108.053 Y105.79 E.29089
G1 X107.349 Y107.317 E.35691
G1 X107.16 Y107.564 E.36912
G1 X106.817 Y107.934 E.38893
G1 X105.732 Y108.599 E.4389
G1 X105.428 Y108.721 E.45176
G1 X104.904 Y108.718 E.47233
G1 X104.006 Y108.617 E.50781
G1 X103.281 Y108.398 E.53755
G1 X102.793 Y108.133 E.55935
G1 X102.195 Y107.605 E.59067
G1 X101.797 Y107.061 E.61714
G1 X101.466 Y106.457 E.64418
G1 X101.241 Y105.955 E.66578
G1 X101.097 Y105.113 E.69932
G1 X101.088 Y104.548 E.72151
G1 X101.173 Y103.547 E.76096
G1 X101.483 Y102.568 E.80128
G1 X101.759 Y101.991 E.82639
G1 X102.103 Y101.67 E.84486
G1 X102.427 Y101.482 E.85957
G1 X103.354 Y101.156 E.89815
G1 X103.874 Y101.001 E.91946
G1 X104.307 Y100.728 E.93956
G1 X104.356 Y100.681 E.94223
G1 X104.129 Y100.342 F7800
G1 F884.349
G1 X104.162 Y100.319 E.94381
G1 X104.672 Y99.792 E.97261
G1 X105.062 Y100.075 E.99153
G1 X106.409 Y100.925 E1.05407
G1 X106.866 Y101.282 E1.07684
G1 X107.397 Y101.661 E1.10246
G1 X107.848 Y102.24 E1.13128
G1 X108.225 Y103.019 E1.16526
G1 X108.396 Y103.668 E1.19161
G1 X108.469 Y104.324 E1.21753
G1 X108.489 Y105.021 E1.24491
G1 X108.448 Y105.918 E1.28017
G1 X108.328 Y106.137 E1.28998
G1 X107.701 Y107.528 E1.34989
G1 X107.482 Y107.812 E1.36397
G1 X107.073 Y108.254 E1.38762
G1 X105.831 Y109.016 E1.44483
G1 X105.355 Y109.152 E1.46427
G1 X104.87 Y109.124 E1.48335
G1 X104.216 Y109.05 E1.50919
G1 X103.627 Y108.935 E1.53275
G1 X103.111 Y108.768 E1.55405
G1 X102.564 Y108.472 E1.57847
G1 X102.188 Y108.16 E1.59765
G1 X101.749 Y107.719 E1.62208
G1 X101.459 Y107.288 E1.64248
G1 X101.1 Y106.634 E1.67177
G1 X100.847 Y106.067 E1.69615
G1 X100.691 Y105.151 E1.73263
G1 X100.68 Y104.535 E1.75682
G1 X100.77 Y103.474 E1.79863
G1 X100.949 Y102.837 E1.82461
G1 X101.115 Y102.394 E1.84319
G1 X101.425 Y101.746 E1.8714
G1 X101.859 Y101.341 E1.89471
G1 X102.256 Y101.111 E1.91273
G1 X103.219 Y100.772 E1.95282
G1 X103.72 Y100.624 E1.97333
G1 X104.079 Y100.376 E1.99046
G1 X103.894 Y100.084 F7800
;TYPE:External perimeter
G1 F884.349
G1 X104.126 Y99.933 E2.00133
G1 X104.501 Y99.603 E2.02094
G1 X104.756 Y99.554 E2.03114
G1 X105.34 Y99.681 E2.05461
G1 X105.678 Y100.021 E2.07343
G1 X106.819 Y100.787 E2.12739
G1 X107.517 Y101.093 E2.15731
G1 X107.784 Y101.809 E2.18731
G1 X108.119 Y102.282 E2.21007
G1 X108.653 Y102.842 E2.24045
G1 X108.602 Y103.53 E2.26754
G1 X108.907 Y104.054 E2.29135
G1 X108.693 Y104.632 E2.31555
G1 X108.86 Y105.451 E2.34837
G1 X108.976 Y106.199 E2.37809
G1 X108.436 Y106.452 E2.4015
G1 X108.321 Y107.143 E2.429
G1 X107.949 Y107.711 E2.45566
G1 X107.529 Y108.145 E2.47937
G1 X107.04 Y108.6 E2.5056
G1 X106.626 Y108.941 E2.52666
G1 X106.355 Y109.4 E2.54759
G1 X105.669 Y109.547 E2.57514
G1 X105.124 Y109.709 E2.59746
G1 X104.45 Y109.554 E2.62462
G1 X103.799 Y109.28 E2.65235
G1 X103.26 Y109.342 E2.67365
G1 X102.679 Y109.218 E2.69698
G1 X102.307 Y108.68 E2.72266
G1 X101.64 Y108.391 E2.7512
G1 X101.139 Y107.851 E2.78012
G1 X101.004 Y107.08 E2.81085
G1 X100.524 Y106.709 E2.83467
G1 X100.39 Y106.184 E2.85594
G1 X100.316 Y105.485 E2.88354
G1 X100.23 Y104.948 E2.90489
G1 X100.082 Y104.438 E2.92574
G1 X100.33 Y103.331 E2.97028
G1 X100.35 Y102.857 E2.98891
G1 X100.686 Y102.41 E3.01087
G1 X100.836 Y101.929 E3.03065
G1 X101.212 Y101.272 E3.06037
G1 X101.7 Y101.103 E3.08065
G1 X102.165 Y100.906 E3.10048
G1 X102.516 Y100.494 E3.12173
G1 X102.981 Y100.276 E3.14189
G1 X103.565 Y100.298 E3.16484
G1 X103.844 Y100.117 E3.1779
G1 X104.171 Y99.886 F7800
G92 E0
G1 X102.224 Y107.346
;TYPE:Solid infill
;WIDTH:0.38292
G1 F1058.823
G1 X102.454 Y107.587 E.01093
G1 X102.891 Y107.985 E.03031
G1 X104.163 Y108.479 F7800
G1 F1058.823
G1 X103.586 Y108.335 E.04981
;WIDTH:0.41646
G1 F963.754
G1 X103.505 Y108.23 E.05459
;WIDTH:0.449999
G1 F884.349
G1 X103.425 Y108.126 E.05974
G1 X101.853 Y106.554 E.14703
G1 X101.767 Y106.396 E.15409
;WIDTH:0.41646
G1 F963.754
G1 X101.681 Y106.239 E.16054
;WIDTH:0.38292
G1 F1058.823
G1 X101.692 Y106.28 E.16193
G1 X101.621 Y106.299 E.16434
G1 X101.64 Y106.228 E.16675
;WIDTH:0.449999
G1 F884.349
G1 X101.493 Y105.619 E.19135
G1 X104.207 Y108.332 E.34203
G1 X104.855 Y108.405 E.36763
G1 X101.4 Y104.95 E.55948
G1 X101.408 Y104.382 E.58178
G1 X105.424 Y108.398 E.80478
G1 X105.801 Y108.199 E.82152
G1 X101.453 Y103.852 E1.06293
G1 X101.541 Y103.364 E1.0824
G1 X106.157 Y107.98 E1.33872
G1 X106.514 Y107.761 E1.35516
G1 X101.668 Y102.914 E1.62428
G1 X101.846 Y102.517 E1.64136
G1 X106.822 Y107.493 E1.91767
G1 X107.076 Y107.172 E1.93374
G1 X102.046 Y102.141 E2.21308
G1 X102.356 Y101.876 E2.22909
G1 X107.26 Y106.78 E2.5014
G1 X107.441 Y106.385 E2.51846
G1 X102.749 Y101.693 E2.779
G1 X103.175 Y101.543 E2.79673
G1 X107.622 Y105.991 E3.04369
G1 X107.759 Y105.551 E3.06178
G1 X103.601 Y101.394 E3.29264
G1 X104.04 Y101.257 E3.3107
M73 P41 R17
G1 X107.774 Y104.991 E3.51804
G1 X107.761 Y104.403 E3.54113
M73 Q41 S17
G1 X104.397 Y101.038 E3.72796
G1 X104.705 Y100.771 E3.74396
G1 X107.68 Y103.745 E3.90913
G1 X107.206 Y102.639 F7800
;WIDTH:0.563111
G1 F692.053
G1 X107.026 Y102.436 E3.92274
;WIDTH:0.5968
G1 F649.96
G1 X106.846 Y102.233 E3.93723
G1 X106.636 Y102.05 E3.95211
;WIDTH:0.556529
G1 F700.923
G1 X106.425 Y101.868 E3.96591
;WIDTH:0.516257
G1 F760.558
G1 X106.214 Y101.686 E3.97863
;WIDTH:0.475986
G1 F831.283
G1 X106.003 Y101.503 E3.9903
;LAYER_CHANGE
;Z:8.75
;HEIGHT:0.2
G1 Z8.75 F7800
G1 X104.419 Y100.526
;TYPE:Perimeter
;WIDTH:0.449999
G1 F884.349
G1 X104.671 Y100.293 E4.00378
G1 X105.163 Y100.691 E4.02863
G1 X105.838 Y101.092 E4.05946
G1 X107.029 Y101.945 E4.11698
G1 X107.346 Y102.276 E4.13498
G1 X107.565 Y102.68 E4.15302
G1 X107.883 Y103.448 E4.18566
G1 X107.992 Y104.031 E4.20895
G1 X108.054 Y104.983 E4.24641
G1 X108.042 Y105.648 E4.27253
G1 X107.943 Y105.923 E4.28401
G1 X107.395 Y107.146 E4.33663
G1 X107.161 Y107.467 E4.35223
G1 X106.721 Y107.937 E4.37751
G1 X105.789 Y108.542 E4.42114
G1 X105.46 Y108.663 E4.4349
G1 X104.775 Y108.634 E4.46182
G1 X104.049 Y108.557 E4.49049
G1 X103.479 Y108.403 E4.51367
G1 X102.698 Y108.009 E4.54802
G1 X102.429 Y107.782 E4.56184
G1 X102.047 Y107.397 E4.58314
G1 X101.723 Y106.912 E4.60604
G1 X101.469 Y106.464 E4.62626
G1 X101.251 Y105.973 E4.64735
G1 X101.112 Y105.199 E4.67823
G1 X101.083 Y104.387 E4.71013
G1 X101.139 Y103.64 E4.73954
G1 X101.273 Y103.208 E4.7573
G1 X101.673 Y102.398 E4.79277
G1 X101.974 Y101.881 E4.81626
G1 X102.254 Y101.588 E4.83217
G1 X102.607 Y101.395 E4.84797
G1 X103.445 Y101.119 E4.88261
G1 X103.847 Y100.943 E4.89984
G1 X104.319 Y100.618 E4.92234
G1 X104.375 Y100.566 E4.92534
G1 X104.149 Y100.23 F7800
G1 F884.349
G1 X104.172 Y100.214 E4.92644
G1 X104.642 Y99.748 E4.95243
G1 X105.371 Y100.341 E4.98933
G1 X106.061 Y100.751 E5.02084
G1 X107.296 Y101.636 E5.0805
G1 X107.562 Y101.912 E5.09555
G1 X107.82 Y102.256 E5.11243
G1 X108.128 Y102.941 E5.14192
G1 X108.347 Y103.581 E5.16848
G1 X108.435 Y104.292 E5.19661
G1 X108.461 Y104.988 E5.22396
G1 X108.426 Y105.883 E5.25913
G1 X108.315 Y106.09 E5.26835
G1 X107.749 Y107.351 E5.32262
G1 X107.356 Y107.89 E5.34881
G1 X106.97 Y108.263 E5.36989
G1 X106.703 Y108.421 E5.38207
G1 X106.386 Y108.655 E5.39754
G1 X105.851 Y108.981 E5.42214
G1 X105.505 Y109.072 E5.43619
G1 X104.745 Y109.04 E5.46606
G1 X103.974 Y108.958 E5.4965
G1 X103.333 Y108.785 E5.52257
G1 X102.471 Y108.35 E5.56048
G1 X102.166 Y108.093 E5.57614
G1 X101.726 Y107.649 E5.60068
G1 X101.384 Y107.138 E5.62482
G1 X101.103 Y106.641 E5.64724
G1 X100.857 Y106.087 E5.67104
G1 X100.707 Y105.243 E5.7047
G1 X100.675 Y104.379 E5.73865
G1 X100.736 Y103.564 E5.77074
G1 X100.894 Y103.056 E5.79163
G1 X101.314 Y102.205 E5.82889
G1 X101.622 Y101.676 E5.85293
G1 X101.994 Y101.272 E5.87449
G1 X102.36 Y101.061 E5.89108
G1 X103.616 Y100.608 E5.94351
G1 X104.1 Y100.264 E5.96683
G1 X103.919 Y99.972 F7800
;TYPE:External perimeter
G1 F884.349
G1 X104.22 Y99.535 E5.98767
G1 X104.627 Y99.304 E6.00605
G1 X104.948 Y99.672 E6.02522
G1 X105.368 Y100.01 E6.04639
G1 X105.993 Y100.344 E6.07421
G1 X106.503 Y100.553 E6.09585
G1 X106.97 Y100.801 E6.11661
G1 X107.273 Y101.211 E6.13663
G1 X107.709 Y101.735 E6.1634
G1 X108.129 Y102.004 E6.18298
G1 X108.424 Y102.436 E6.20352
G1 X108.647 Y102.986 E6.22682
G1 X108.86 Y103.715 E6.25664
G1 X108.83 Y104.176 E6.27478
G1 X108.944 Y104.743 E6.29749
G1 X109.033 Y104.926 E6.30548
G1 X108.76 Y105.453 E6.32878
G1 X108.745 Y105.974 E6.34925
G1 X108.475 Y106.593 E6.37577
G1 X108.374 Y107.367 E6.40642
G1 X107.896 Y107.683 E6.42892
G1 X107.698 Y108.401 E6.45816
G1 X106.452 Y109.03 E6.51296
G1 X105.868 Y109.501 E6.54242
G1 X105.119 Y109.4 E6.5721
G1 X104.484 Y109.272 E6.59753
G1 X103.953 Y109.408 E6.61905
G1 X103.406 Y109.061 E6.64448
G1 X102.919 Y108.965 E6.66397
G1 X102.522 Y108.697 E6.68278
G1 X101.877 Y108.474 E6.70958
G1 X101.306 Y107.963 E6.73967
G1 X101.059 Y107.446 E6.76217
G1 X100.699 Y106.924 E6.78707
G1 X100.504 Y106.42 E6.80829
G1 X100.341 Y105.804 E6.83331
G1 X100.285 Y105.251 E6.85513
G1 X100.094 Y104.661 E6.87948
G1 X100.314 Y104.134 E6.9019
G1 X100.42 Y103.407 E6.93075
G1 X100.694 Y102.964 E6.9512
G1 X100.812 Y102.236 E6.98016
G1 X101.526 Y101.45 E7.02185
G1 X101.651 Y100.947 E7.0422
G1 X102.294 Y100.515 E7.07262
G1 X102.79 Y100.447 E7.09228
G1 X103.233 Y100.206 E7.11208
G1 X103.83 Y100.102 E7.13587
G1 X103.885 Y100.022 E7.13968
G1 X104.112 Y99.692 F7800
G92 E0
G1 X102.484 Y101.663
;TYPE:Solid infill
;WIDTH:0.38292
G1 F1058.823
G1 X102.153 Y101.976 E.01494
G1 X102.96 Y101.601 F7800
;WIDTH:0.449999
G1 F884.349
G1 X101.869 Y102.692 E.07552
G1 X101.78 Y102.851 E.08267
;WIDTH:0.41646
G1 F963.754
G1 X101.692 Y103.01 E.08922
;WIDTH:0.38292
G1 F1058.823
G1 X101.651 Y103.021 E.09061
G1 X101.632 Y102.95 E.09302
G1 X101.703 Y102.969 E.09543
;WIDTH:0.449999
G1 F884.349
G1 X101.442 Y103.694 E.12569
G1 X103.841 Y101.295 E.2589
G1 X103.985 Y101.18 E.26614
;WIDTH:0.41646
G1 F963.754
G1 X104.129 Y101.065 E.27278
;WIDTH:0.38292
G1 F1058.823
G1 X104.682 Y100.583 E.29684
;WIDTH:0.449999
G1 F884.349
G1 X104.866 Y100.846 E.30944
G1 X101.394 Y104.318 E.50223
G1 X101.406 Y104.881 E.52434
G1 X105.212 Y101.075 E.73568
G1 X105.573 Y101.29 E.75218
G1 X101.459 Y105.404 E.98062
G1 X101.547 Y105.891 E1.00005
G1 X105.916 Y101.523 E1.24263
G1 X106.251 Y101.763 E1.25881
G1 X101.729 Y106.286 E1.50994
G1 X101.925 Y106.665 E1.52669
G1 X106.587 Y102.004 E1.78554
G1 X106.907 Y102.259 E1.80161
G1 X102.156 Y107.01 E2.06543
G1 X102.405 Y107.336 E2.08154
G1 X107.173 Y102.568 E2.3463
G1 X107.356 Y102.961 E2.36332
M73 P41 R16
G1 X102.703 Y107.614 E2.62169
G1 X103.049 Y107.844 E2.638
G1 X107.535 Y103.358 E2.8871
G1 X107.658 Y103.811 E2.90553
G1 X103.432 Y108.037 E3.14019
G1 X103.856 Y108.188 E3.15786
G1 X107.721 Y104.324 E3.37245
G1 X107.748 Y104.872 E3.39399
G1 X104.339 Y108.281 E3.58329
G1 X104.863 Y108.332 E3.60396
G1 X107.735 Y105.46 E3.76344
G1 X107.548 Y106.168 E3.79219
;WIDTH:0.371716
G1 F1094.904
G1 X107.154 Y107.025 E3.8221
;WIDTH:0.410928
G1 F978.24
G1 X106.82 Y107.444 E3.84112
G1 X106.53 Y107.722 E3.85538
;WIDTH:0.407797
G1 F986.634
G1 X105.585 Y108.334 E3.895
G1 X105.367 Y108.375 E3.90281
G1 X105.837 Y107.904 E3.92623
;WIDTH:0.410928
G1 F978.24
G1 X106.562 Y107.182 E3.96255
G1 X106.905 Y106.811 E3.98048
;WIDTH:0.371716
G1 F1094.904
G1 X107.404 Y106.312 E4.00286
;LAYER_CHANGE
;Z:8.95
;HEIGHT:0.2
G92 E0
G1 Z8.95 F7800
G1 X103.627 Y100.949
;TYPE:Perimeter
;WIDTH:0.449999
G1 F884.349
G1 X103.728 Y100.906 E.00431
G1 X104.231 Y100.576 E.02793
G1 X104.631 Y100.248 E.04824
G1 X105.008 Y100.56 E.06745
G1 X106.102 Y101.278 E.11883
G1 X107.253 Y102.183 E.17632
M73 Q41 S16
G1 X107.465 Y102.496 E.19116
G1 X107.707 Y103.064 E.2154
G1 X107.898 Y103.571 E.23667
G1 X107.99 Y104.256 E.26381
G1 X108.031 Y104.922 E.29001
G1 X108.01 Y105.725 E.32155
G1 X107.42 Y107.013 E.37718
G1 X107.063 Y107.514 E.40133
G1 X106.624 Y107.945 E.42549
G1 X106.164 Y108.286 E.44797
G1 X105.833 Y108.502 E.46349
G1 X105.613 Y108.578 E.47263
G1 X104.646 Y108.551 E.51061
G1 X104.096 Y108.497 E.53231
G1 X103.372 Y108.297 E.5618
G1 X102.847 Y108.045 E.58467
G1 X102.413 Y107.706 E.60629
G1 X102.024 Y107.327 E.62761
G1 X101.528 Y106.581 E.66278
G1 X101.258 Y105.976 E.68879
G1 X101.102 Y105.097 E.72384
G1 X101.07 Y104.362 E.75273
G1 X101.086 Y103.89 E.77127
G1 X101.201 Y103.379 E.79184
G1 X101.655 Y102.522 E.82992
G1 X101.957 Y102.033 E.85249
G1 X102.338 Y101.587 E.87552
G1 X102.582 Y101.47 E.88615
G1 X103.118 Y101.164 E.91038
G1 X103.571 Y100.972 E.9297
G1 X103.443 Y100.591 F7800
G1 F884.349
G1 X103.504 Y100.566 E.93229
G1 X104.168 Y100.121 E.96368
G1 X104.63 Y99.72 E.9877
G1 X105.267 Y100.246 E1.02014
G1 X106.346 Y100.952 E1.07077
G1 X107.531 Y101.884 E1.12997
G1 X107.828 Y102.31 E1.15036
G1 X108.082 Y102.904 E1.17573
G1 X108.297 Y103.485 E1.20005
G1 X108.404 Y104.283 E1.23166
G1 X108.438 Y104.923 E1.25682
G1 X108.406 Y105.848 E1.29316
G1 X108.284 Y106.078 E1.30338
G1 X107.951 Y106.824 E1.33546
G1 X107.682 Y107.364 E1.35915
G1 X107.376 Y107.774 E1.37924
G1 X106.865 Y108.274 E1.40731
G1 X106.428 Y108.596 E1.42862
G1 X105.91 Y108.929 E1.4528
G1 X105.651 Y108.986 E1.46321
G1 X104.62 Y108.957 E1.50371
G1 X104.022 Y108.899 E1.5273
G1 X103.228 Y108.68 E1.55964
G1 X102.63 Y108.393 E1.58568
G1 X102.162 Y108.026 E1.60903
G1 X101.703 Y107.58 E1.63416
G1 X101.17 Y106.778 E1.67197
G1 X100.866 Y106.096 E1.70129
G1 X100.741 Y105.391 E1.7294
G1 X100.642 Y104.243 E1.77464
G1 X100.701 Y103.647 E1.79816
G1 X100.821 Y103.226 E1.81535
G1 X101.301 Y102.32 E1.85561
G1 X101.716 Y101.647 E1.88666
G1 X102.095 Y101.252 E1.90815
M73 P42 R16
G1 X102.656 Y100.982 E1.9326
G1 X102.924 Y100.802 E1.94528
G1 X103.388 Y100.614 E1.96494
G1 X103.298 Y100.279 F7800
;TYPE:External perimeter
G1 F884.349
G1 X103.534 Y99.956 E1.98065
G1 X103.968 Y99.567 E2.00353
G1 X104.629 Y99.411 E2.0302
G1 X105.14 Y99.741 E2.05408
G1 X105.77 Y99.895 E2.07954
G1 X106.108 Y100.361 E2.10214
G1 X106.986 Y101.088 E2.1469
G1 X107.529 Y101.294 E2.1697
M73 Q42 S16
G1 X108.042 Y101.75 E2.19665
G1 X108.355 Y102.392 E2.22469
G1 X108.541 Y102.887 E2.24545
G1 X108.893 Y103.433 E2.27096
G1 X108.668 Y104.11 E2.29897
G1 X108.759 Y104.655 E2.32067
G1 X108.686 Y105.093 E2.33811
G1 X108.599 Y106.463 E2.39201
G1 X108.393 Y107.138 E2.41972
G1 X107.803 Y107.977 E2.45999
G1 X107.336 Y108.283 E2.48191
G1 X106.297 Y109.189 E2.53604
G1 X105.672 Y109.46 E2.56279
G1 X105.004 Y109.383 E2.58919
G1 X104.381 Y109.382 E2.61365
G1 X103.82 Y109.208 E2.63671
G1 X103.274 Y108.999 E2.65967
G1 X102.726 Y109.093 E2.6815
G1 X102.205 Y108.82 E2.7046
G1 X101.884 Y108.345 E2.72711
G1 X101.565 Y107.963 E2.74665
G1 X101.064 Y107.583 E2.77134
G1 X100.75 Y106.961 E2.7987
G1 X100.736 Y106.404 E2.82058
G1 X100.537 Y105.895 E2.84204
G1 X100.171 Y105.205 E2.87271
G1 X100.21 Y104.557 E2.8982
G1 X100.215 Y103.934 E2.92266
G1 X100.575 Y103.266 E2.95246
G1 X100.649 Y102.731 E2.97367
G1 X100.981 Y102.202 E2.99819
G1 X101.255 Y101.582 E3.02481
G1 X101.642 Y101.303 E3.04354
G1 X101.971 Y100.841 E3.06581
G1 X102.515 Y100.552 E3.09
G1 X103.199 Y100.414 E3.1174
G1 X103.262 Y100.328 E3.12159
G1 X103.498 Y100.005 F7800
G92 E0
G1 X102.18 Y107.205
;TYPE:Solid infill
;WIDTH:0.38292
G1 F1058.823
G1 X102.408 Y107.443 E.01081
G1 X102.931 Y107.906 E.03372
;WIDTH:0.449999
G1 F884.349
G1 X103.658 Y108.094 E.0632
;WIDTH:0.38292
G1 F1058.823
G1 X103.669 Y108.135 E.06459
G1 X103.598 Y108.154 E.067
G1 X103.617 Y108.083 E.06941
;WIDTH:0.41646
G1 F963.754
G1 X103.479 Y108.013 E.07499
;WIDTH:0.449999
G1 F884.349
G1 X103.34 Y107.944 E.08108
G1 X101.77 Y106.373 E.16829
G1 X101.685 Y106.215 E.17533
;WIDTH:0.41646
G1 F963.754
G1 X101.601 Y106.058 E.18175
;WIDTH:0.38292
G1 F1058.823
G1 X101.612 Y106.099 E.18314
G1 X101.541 Y106.118 E.18555
G1 X101.56 Y106.047 E.18796
;WIDTH:0.449999
G1 F884.349
G1 X101.486 Y105.514 E.20909
G1 X104.17 Y108.197 E.3581
G1 X104.798 Y108.25 E.38285
G1 X101.394 Y104.846 E.57187
G1 X101.36 Y104.236 E.59586
G1 X105.39 Y108.266 E.81964
G1 X105.842 Y108.142 E.83804
G1 X101.42 Y103.721 E1.08356
G1 X101.584 Y103.309 E1.10097
G1 X106.165 Y107.89 E1.35535
G1 X106.498 Y107.647 E1.37154
G1 X101.783 Y102.932 E1.63336
G1 X101.989 Y102.562 E1.64999
G1 X106.791 Y107.364 E1.91664
G1 X107.044 Y107.041 E1.93275
G1 X102.208 Y102.206 E2.20126
G1 X102.469 Y101.891 E2.21732
G1 X107.243 Y106.665 E2.48241
G1 X107.424 Y106.27 E2.49947
G1 X102.838 Y101.684 E2.75412
G1 X103.204 Y101.474 E2.77069
G1 X107.604 Y105.875 E3.01504
G1 X107.714 Y105.409 E3.03384
G1 X103.608 Y101.303 E3.26184
G1 X103.984 Y101.103 E3.27856
G1 X107.723 Y104.842 E3.48618
G1 X107.677 Y104.221 E3.51063
G1 X104.332 Y100.875 E3.6964
G1 X104.637 Y100.629 E3.71179
;WIDTH:0.447311
G1 F890.228
G1 X104.829 Y100.799 E3.72179
;WIDTH:0.47776
G1 F827.891
G1 X105.02 Y100.968 E3.73249
;WIDTH:0.479508
G1 F824.576
G1 X105.04 Y100.985 E3.7336
;WIDTH:0.475212
G1 F832.771
G1 X105.276 Y101.105 E3.74464
;WIDTH:0.43585
G1 F916.195
G1 X105.513 Y101.225 E3.75471
;WIDTH:0.396488
G1 F1018.194
G1 X105.749 Y101.344 E3.76372
;WIDTH:0.376118
G1 F1080.439
G1 X105.945 Y101.495 E3.77167
;WIDTH:0.41651
G1 F963.623
G1 X106.511 Y101.973 E3.79837
;WIDTH:0.456902
G1 F869.603
G1 X107.077 Y102.451 E3.82795
G1 X107.194 Y102.649 E3.83713
G1 X107.553 Y103.516 E3.8746
G1 X106.771 Y102.734 E3.91876
G1 X106.154 Y102.15 E3.95268
;WIDTH:0.41651
G1 F963.623
G1 X105.537 Y101.567 E3.98327
;WIDTH:0.412486
G1 F974.115
G1 X105.355 Y101.354 E3.99326
;WIDTH:0.448855
G1 F886.843
G1 X105.172 Y101.14 E4.00428
;LAYER_CHANGE
;Z:9.15
;HEIGHT:0.2
G1 Z9.15 F7800
G1 X103.53 Y100.909
;TYPE:Perimeter
;WIDTH:0.449999
G1 F884.349
G1 X103.589 Y100.881 E4.00684
G1 X104.135 Y100.547 E4.03197
G1 X104.597 Y100.191 E4.05487
G1 X105.087 Y100.604 E4.08003
G1 X106.159 Y101.326 E4.13078
G1 X106.588 Y101.669 E4.15235
G1 X107.192 Y102.113 E4.18178
G1 X107.375 Y102.352 E4.1936
G1 X107.538 Y102.679 E4.20795
G1 X107.86 Y103.535 E4.24386
G1 X107.958 Y104.12 E4.26715
G1 X108.007 Y104.855 E4.29607
G1 X107.99 Y105.691 E4.3289
G1 X107.576 Y106.588 E4.36769
G1 X107.342 Y107.042 E4.38774
G1 X106.999 Y107.522 E4.4109
G1 X106.057 Y108.357 E4.46033
G1 X105.759 Y108.491 E4.47316
G1 X104.708 Y108.471 E4.51443
G1 X104.128 Y108.435 E4.53725
G1 X103.414 Y108.252 E4.56619
G1 X102.84 Y107.988 E4.591
G1 X102.403 Y107.657 E4.61253
G1 X101.996 Y107.251 E4.6351
G1 X101.681 Y106.793 E4.65693
G1 X101.349 Y106.213 E4.68317
G1 X101.193 Y105.683 E4.70486
G1 X101.104 Y105.129 E4.72689
G1 X101.025 Y104.053 E4.76925
G1 X101.134 Y103.526 E4.79038
G1 X101.362 Y103.059 E4.81079
G1 X101.989 Y102.056 E4.85723
G1 X102.573 Y101.476 E4.88955
G1 X103.073 Y101.127 E4.91349
G1 X103.476 Y100.935 E4.93102
G1 X103.345 Y100.548 F7800
G1 F884.349
G1 X103.38 Y100.531 E4.93255
G1 X103.886 Y100.225 E4.95577
G1 X104.46 Y99.783 E4.98422
G1 X104.634 Y99.69 E4.99197
G1 X105.35 Y100.293 E5.02873
G1 X106.414 Y101.009 E5.07909
G1 X106.83 Y101.342 E5.10001
G1 X107.48 Y101.819 E5.13167
G1 X107.77 Y102.197 E5.15038
G1 X107.922 Y102.542 E5.16518
G1 X108.254 Y103.424 E5.20218
G1 X108.359 Y104.052 E5.22718
G1 X108.412 Y104.656 E5.25099
G1 X108.418 Y105.277 E5.27537
G1 X108.386 Y105.812 E5.29641
G1 X108.254 Y106.067 E5.30768
G1 X107.911 Y106.835 E5.34071
G1 X107.601 Y107.398 E5.36595
G1 X107.291 Y107.807 E5.3861
G1 X106.389 Y108.606 E5.43341
G1 X106.083 Y108.807 E5.44779
G1 X105.794 Y108.899 E5.4597
G1 X104.611 Y108.877 E5.50616
G1 X104.06 Y108.838 E5.52785
G1 X103.278 Y108.638 E5.55954
G1 X102.644 Y108.346 E5.58695
G1 X102.142 Y107.969 E5.6116
G1 X101.677 Y107.506 E5.63737
G1 X101.233 Y106.859 E5.66818
G1 X100.933 Y106.268 E5.6942
G1 X100.796 Y105.772 E5.7144
G1 X100.701 Y105.188 E5.73763
G1 X100.605 Y104.158 E5.77825
G1 X100.65 Y103.735 E5.79495
G1 X100.826 Y103.227 E5.81606
G1 X101.094 Y102.701 E5.83924
G1 X101.665 Y101.803 E5.88102
G1 X102.311 Y101.162 E5.91675
G1 X102.869 Y100.772 E5.94348
G1 X103.291 Y100.573 E5.9618
G1 X103.193 Y100.25 F7800
;TYPE:External perimeter
G1 F884.349
G1 X103.53 Y100.017 E5.97789
G1 X104.635 Y99.425 E6.02711
G1 X105.027 Y99.531 E6.04305
G1 X105.487 Y100.081 E6.0712
G1 X106.021 Y100.365 E6.09495
G1 X106.978 Y101.009 E6.14024
G1 X107.63 Y101.293 E6.16816
G1 X107.838 Y101.91 E6.19373
G1 X108.266 Y102.342 E6.21761
G1 X108.657 Y102.778 E6.2406
G1 X108.871 Y103.492 E6.26987
G1 X108.969 Y104.171 E6.29681
G1 X108.643 Y104.926 E6.3291
G1 X108.665 Y105.404 E6.34789
G1 X108.743 Y105.765 E6.36239
G1 X108.658 Y106.421 E6.38836
G1 X108.371 Y106.814 E6.40747
G1 X108.177 Y107.39 E6.43133
G1 X107.63 Y107.761 E6.45728
G1 X107.288 Y108.129 E6.47701
G1 X107.111 Y108.663 E6.4991
G1 X106.454 Y108.866 E6.5261
G1 X105.874 Y109.097 E6.55061
G1 X105.297 Y109.179 E6.57349
G1 X104.807 Y109.33 E6.59362
G1 X104.136 Y109.18 E6.62062
G1 X102.855 Y108.774 E6.67338
G1 X102.17 Y108.718 E6.70037
G1 X101.924 Y108.136 E6.72518
G1 X101.284 Y107.738 E6.75477
G1 X100.982 Y107.181 E6.77965
G1 X100.681 Y106.509 E6.80856
G1 X100.284 Y106.151 E6.82955
G1 X100.405 Y105.571 E6.85281
G1 X100.46 Y105.008 E6.87502
G1 X100.055 Y104.479 E6.90118
G1 X100.183 Y103.76 E6.92986
G1 X100.434 Y103.076 E6.95847
G1 X100.704 Y102.681 E6.97726
G1 X100.917 Y102.187 E6.99838
G1 X101.13 Y101.76 E7.01712
G1 X101.446 Y101.339 E7.03779
G1 X101.846 Y100.912 E7.06076
G1 X102.473 Y100.572 E7.08877
G1 X102.939 Y100.425 E7.10796
G1 X103.144 Y100.284 E7.11773
G1 X103.473 Y100.057 F7800
G1 X102.703 Y101.632
;TYPE:Solid infill
;WIDTH:0.38292
G1 F1058.823
G1 X102.151 Y102.182 E7.14328
G1 X101.547 Y103.355 F7800
G1 F1058.823
G1 X101.506 Y103.366 E7.14467
G1 X101.487 Y103.295 E7.14708
G1 X101.558 Y103.314 E7.14949
;WIDTH:0.41646
G1 F963.754
G1 X101.643 Y103.176 E7.15533
;WIDTH:0.449999
G1 F884.349
G1 X101.727 Y103.037 E7.16171
G1 X103.507 Y101.258 E7.26052
G1 X103.651 Y101.151 E7.26756
;WIDTH:0.41646
G1 F963.754
G1 X103.795 Y101.045 E7.274
;WIDTH:0.38292
G1 F1058.823
G1 X104.593 Y100.387 E7.30792
;WIDTH:0.449999
G1 F884.349
G1 X104.68 Y100.66 E7.31917
G1 X101.338 Y104.002 E7.50475
G1 X101.366 Y104.55 E7.5263
G1 X104.998 Y100.917 E7.72801
G1 X105.346 Y101.146 E7.74437
G1 X101.406 Y105.086 E7.96315
G1 X101.484 Y105.583 E7.9829
G1 X105.694 Y101.373 E8.21667
G1 X106.029 Y101.613 E8.23285
G1 X101.607 Y106.036 E8.47842
G1 X101.804 Y106.415 E8.49519
G1 X106.349 Y101.869 E8.74759
G1 X106.679 Y102.115 E8.76375
M73 P43 R16
G1 X102.031 Y106.763 E9.02185
G1 X102.271 Y107.099 E9.03806
M73 Q43 S16
G1 X107.003 Y102.368 E9.30079
G1 X107.228 Y102.717 E9.31709
G1 X102.558 Y107.388 E9.57644
G1 X102.875 Y107.647 E9.59251
G1 X107.385 Y103.137 E9.84294
G1 X107.541 Y103.556 E9.8605
G1 X103.255 Y107.843 E10.09852
G1 X103.67 Y108.003 E10.11598
G1 X107.634 Y104.038 E10.33612
G1 X107.699 Y104.55 E10.35638
G1 X104.128 Y108.12 E10.55464
G1 X104.659 Y108.165 E10.57556
G1 X107.704 Y105.12 E10.74464
G1 X107.605 Y105.795 E10.77143
G1 X105.224 Y108.175 E10.90362
G1 X105.345 Y108.254 E10.90929
;WIDTH:0.41646
G1 F963.754
G1 X105.465 Y108.333 E10.91447
;WIDTH:0.38292
G1 F1058.823
G1 X105.724 Y108.323 E10.92297
G1 X105.937 Y108.187 E10.93126
G1 X106.825 Y107.351 E10.97126
G1 X107.274 Y106.809 E10.99434
G1 X107.28 Y106.624 E11.00041
;WIDTH:0.449999
G1 F884.349
G1 X107.064 Y106.912 E11.01455
G1 X105.861 Y108.114 E11.08132
;LAYER_CHANGE
;Z:9.35
;HEIGHT:0.200001
G92 E0
G1 Z9.35 F7800
G1 X103.504 Y100.831
;TYPE:Perimeter
G1 F884.349
G1 X103.907 Y100.611 E.01803
G1 X104.533 Y100.16 E.04832
G1 X104.606 Y100.166 E.0512
G1 X105.117 Y100.597 E.07745
G1 X106.006 Y101.205 E.11974
G1 X107.225 Y102.1 E.17912
G1 X107.547 Y102.665 E.20465
G1 X107.832 Y103.455 E.23763
G1 X107.982 Y104.259 E.26974
G1 X108.014 Y104.917 E.29561
G1 X107.967 Y105.677 E.32551
G1 X107.479 Y106.732 E.37115
G1 X107.236 Y107.191 E.39154
G1 X106.954 Y107.53 E.40885
G1 X106.21 Y108.233 E.44904
G1 X105.883 Y108.404 E.46353
G1 X104.775 Y108.399 E.50704
G1 X104.165 Y108.375 E.53101
G1 X103.415 Y108.199 E.56126
G1 X102.883 Y107.955 E.58424
G1 X102.389 Y107.593 E.60829
G1 X101.971 Y107.179 E.63139
G1 X101.591 Y106.628 E.65767
G1 X101.343 Y106.178 E.67784
G1 X101.187 Y105.629 E.70025
G1 X101.095 Y105.07 E.72249
G1 X100.979 Y104.068 E.7621
G1 X101.059 Y103.699 E.77693
G1 X101.448 Y102.912 E.8114
G1 X101.93 Y102.21 E.84484
G1 X102.472 Y101.607 E.87668
G1 X102.934 Y101.189 E.90114
G1 X103.325 Y100.93 E.91956
G1 X103.452 Y100.86 E.92525
G1 X103.314 Y100.471 F7800
G1 F884.349
G1 X103.669 Y100.28 E.94108
G1 X104.292 Y99.832 E.97121
G1 X104.604 Y99.664 E.98512
G1 X104.871 Y99.857 E.99806
G1 X105.348 Y100.261 E1.0226
G1 X106.242 Y100.872 E1.06512
G1 X107.545 Y101.841 E1.12888
G1 X107.918 Y102.493 E1.15837
G1 X108.227 Y103.348 E1.19407
G1 X108.402 Y104.385 E1.23536
G1 X108.421 Y104.929 E1.25673
G1 X108.365 Y105.788 E1.29053
G1 X107.844 Y106.913 E1.33921
G1 X107.576 Y107.419 E1.36169
G1 X107.252 Y107.809 E1.3816
G1 X106.451 Y108.565 E1.42485
G1 X106.114 Y108.75 E1.43994
G1 X105.924 Y108.811 E1.44778
G1 X104.625 Y108.806 E1.49879
G1 X104.102 Y108.779 E1.51935
G1 X103.283 Y108.586 E1.55239
G1 X102.687 Y108.313 E1.57813
G1 X102.129 Y107.905 E1.60527
G1 X101.653 Y107.435 E1.63154
G1 X101.203 Y106.782 E1.66268
G1 X100.967 Y106.334 E1.68256
G1 X100.79 Y105.718 E1.70773
G1 X100.692 Y105.13 E1.73114
G1 X100.567 Y104.08 E1.77266
G1 X100.677 Y103.552 E1.79384
G1 X101.096 Y102.705 E1.83094
G1 X101.61 Y101.957 E1.86658
G1 X102.33 Y101.156 E1.90887
G1 X102.891 Y100.699 E1.93728
G1 X103.261 Y100.5 E1.95378
G1 X103.176 Y100.203 F7800
;TYPE:External perimeter
G1 F884.349
G1 X103.814 Y99.595 E1.98838
G1 X104.554 Y99.439 E2.01807
G1 X105.444 Y99.676 E2.05423
G1 X105.914 Y99.979 E2.07619
G1 X106.313 Y100.49 E2.10165
G1 X106.826 Y100.918 E2.12788
G1 X107.367 Y101.403 E2.15641
G1 X107.902 Y101.777 E2.18204
G1 X108.112 Y102.33 E2.20527
G1 X108.636 Y102.88 E2.2351
G1 X108.528 Y103.619 E2.26442
G1 X108.932 Y104.226 E2.29305
G1 X109.004 Y104.738 E2.31335
G1 X108.988 Y105.23 E2.33268
G1 X108.678 Y105.55 E2.35017
G1 X108.593 Y106.011 E2.36858
G1 X108.392 Y106.502 E2.38941
G1 X108.296 Y107.183 E2.41641
G1 X107.783 Y107.577 E2.44181
G1 X107.664 Y108.076 E2.46195
G1 X107.19 Y108.39 E2.48427
G1 X106.894 Y108.852 E2.50581
G1 X106.406 Y109.264 E2.53089
G1 X105.887 Y109.137 E2.55187
G1 X105.197 Y109.113 E2.57898
G1 X104.56 Y109.197 E2.60421
G1 X104.108 Y108.991 E2.62371
G1 X103.575 Y109.163 E2.6457
G1 X103.021 Y108.726 E2.67341
G1 X102.4 Y108.751 E2.69781
G1 X101.843 Y108.291 E2.72617
G1 X101.592 Y107.797 E2.74793
G1 X101.025 Y107.467 E2.77369
G1 X100.803 Y106.822 E2.80047
G1 X100.238 Y105.675 E2.85067
G1 X100.117 Y105.006 E2.87736
G1 X100.085 Y104.336 E2.9037
G1 X100.237 Y103.826 E2.9246
G1 X100.4 Y103.163 E2.95141
G1 X100.579 Y102.576 E2.97551
G1 X100.92 Y102.238 E2.99436
G1 X101.074 Y101.69 E3.01671
G1 X101.522 Y101.442 E3.03682
G1 X101.953 Y101.08 E3.05892
G1 X102.294 Y100.606 E3.08185
G1 X102.943 Y100.425 E3.10831
G1 X103.133 Y100.244 E3.11861
G1 X103.422 Y99.968 F7800
G92 E0
G1 X102.125 Y107.055
;TYPE:Solid infill
;WIDTH:0.38292
G1 F1058.823
G1 X102.385 Y107.324 E.01227
G1 X102.945 Y107.812 E.03663
;WIDTH:0.449999
G1 F884.349
G1 X103.623 Y107.968 E.06395
;WIDTH:0.38292
G1 F1058.823
G1 X103.634 Y108.009 E.06534
G1 X103.563 Y108.028 E.06775
G1 X103.582 Y107.957 E.07016
;WIDTH:0.41646
G1 F963.754
G1 X103.444 Y107.885 E.07577
;WIDTH:0.449999
G1 F884.349
G1 X103.305 Y107.813 E.08192
G1 X101.675 Y106.183 E.17243
G1 X101.602 Y106.025 E.17926
;WIDTH:0.41646
G1 F963.754
G1 X101.528 Y105.867 E.18555
;WIDTH:0.38292
G1 F1058.823
G1 X101.539 Y105.909 E.18697
G1 X101.468 Y105.928 E.18938
G1 X101.487 Y105.856 E.19182
;WIDTH:0.449999
G1 F884.349
G1 X101.45 Y105.382 E.21049
G1 X104.119 Y108.051 E.3587
G1 X104.738 Y108.094 E.38306
G1 X101.356 Y104.712 E.57086
G1 X101.288 Y104.069 E.59625
G1 X105.316 Y108.096 E.81989
G1 X105.868 Y108.072 E.84158
G1 X101.431 Y103.635 E1.08796
G1 X101.621 Y103.25 E1.10482
G1 X106.197 Y107.826 E1.35892
G1 X106.493 Y107.546 E1.37492
G1 X101.835 Y102.888 E1.63357
G1 X102.069 Y102.547 E1.64981
G1 X106.782 Y107.259 E1.91149
G1 X107.028 Y106.93 E1.92762
G1 X102.325 Y102.227 E2.18877
G1 X102.598 Y101.924 E2.20478
G1 X107.226 Y106.552 E2.46177
G1 X107.408 Y106.159 E2.47878
G1 X102.878 Y101.628 E2.73035
G1 X103.195 Y101.37 E2.7464
G1 X107.59 Y105.765 E2.99045
G1 X107.697 Y105.296 E3.00934
G1 X103.555 Y101.154 E3.23934
G1 X103.931 Y100.954 E3.25606
G1 X107.714 Y104.737 E3.46612
G1 X107.64 Y104.087 E3.49181
G1 X104.27 Y100.718 E3.67891
G1 X104.554 Y100.477 E3.69354
;WIDTH:0.41101
G1 F978.022
G1 X104.856 Y100.755 E3.70811
;WIDTH:0.454097
G1 F875.537
G1 X105.04 Y100.909 E3.71763
;WIDTH:0.497183
G1 F792.493
G1 X105.225 Y101.063 E3.72818
;WIDTH:0.54027
G1 F723.837
G1 X105.409 Y101.217 E3.73969
;WIDTH:0.583356
G1 F666.129
G1 X105.594 Y101.371 E3.75224
;WIDTH:0.626442
G1 F616.943
G1 X105.778 Y101.525 E3.76574
G1 X105.846 Y101.548 E3.76978
;WIDTH:0.583028
G1 F666.534
G1 X105.914 Y101.572 E3.77354
;WIDTH:0.539613
G1 F724.794
G1 X105.983 Y101.595 E3.77702
;WIDTH:0.496199
G1 F794.214
G1 X106.051 Y101.618 E3.78016
;WIDTH:0.452784
G1 F878.34
G1 X106.119 Y101.641 E3.783
;WIDTH:0.40937
G1 F982.4
G1 X106.187 Y101.665 E3.78555
;WIDTH:0.403425
G1 F998.601
G1 X106.602 Y102.003 E3.80416
;WIDTH:0.440894
G1 F904.582
G1 X107.016 Y102.341 E3.82468
G1 X107.273 Y102.791 E3.84457
G1 X107.477 Y103.355 E3.86759
G1 X106.703 Y102.581 E3.90961
G1 X106.34 Y102.245 E3.9286
;WIDTH:0.403425
G1 F998.601
G1 X105.977 Y101.909 E3.9458
;WIDTH:0.41191
G1 F975.638
G1 X105.942 Y101.841 E3.94852
;WIDTH:0.457864
G1 F867.588
G1 X105.907 Y101.773 E3.95158
;WIDTH:0.503819
G1 F781.084
G1 X105.872 Y101.706 E3.95494
;LAYER_CHANGE
;Z:9.55
;HEIGHT:0.2
G92 E0
G1 Z9.55 F7800
G1 X103.448 Y100.802
;TYPE:Perimeter
;WIDTH:0.449999
G1 F884.349
G1 X103.555 Y100.743 E.0048
G1 X104.467 Y100.131 E.04792
G1 X104.679 Y100.222 E.05698
G1 X105.078 Y100.536 E.07692
G1 X106.033 Y101.173 E.12199
G1 X107.222 Y102.041 E.17979
G1 X107.592 Y102.751 E.21123
G1 X107.836 Y103.419 E.23915
M73 P44 R16
G1 X107.927 Y103.929 E.25949
G1 X107.986 Y104.431 E.27934
G1 X108.003 Y104.973 E.30063
G1 X107.952 Y105.61 E.32572
G1 X107.419 Y106.79 E.37656
G1 X107.173 Y107.231 E.39639
G1 X106.778 Y107.681 E.4199
G1 X106.266 Y108.16 E.44743
G1 X106.048 Y108.281 E.45722
G1 X105.736 Y108.326 E.4696
G1 X104.994 Y108.34 E.49874
G1 X104.21 Y108.317 E.52954
M73 Q44 S16
G1 X103.417 Y108.146 E.56139
G1 X102.926 Y107.922 E.58258
G1 X102.375 Y107.529 E.60915
G1 X101.946 Y107.107 E.63278
G1 X101.565 Y106.558 E.65902
G1 X101.3 Y106.101 E.67976
G1 X101.161 Y105.544 E.7023
G1 X100.951 Y104.049 E.76158
G1 X101.002 Y103.837 E.77014
G1 X101.39 Y103.017 E.80576
G1 X101.915 Y102.239 E.84261
G1 X102.404 Y101.667 E.87216
G1 X103.122 Y100.983 E.9111
G1 X103.396 Y100.831 E.9234
G1 X103.265 Y100.423 F7800
G1 F884.349
G1 X103.754 Y100.122 E.94595
G1 X104.292 Y99.764 E.97132
G1 X104.525 Y99.717 E.98065
G1 X104.897 Y99.875 E.99652
G1 X105.304 Y100.197 E1.0169
G1 X106.266 Y100.84 E1.06233
G1 X107.543 Y101.777 E1.12452
G1 X107.966 Y102.586 E1.16037
G1 X108.23 Y103.313 E1.19074
G1 X108.328 Y103.857 E1.21244
G1 X108.4 Y104.493 E1.23757
G1 X108.4 Y105.179 E1.26451
G1 X108.349 Y105.725 E1.28604
G1 X107.791 Y106.954 E1.33904
G1 X107.505 Y107.469 E1.36217
G1 X107.061 Y107.973 E1.38854
G1 X106.367 Y108.599 E1.42524
G1 X106.009 Y108.727 E1.44017
G1 X104.992 Y108.747 E1.48011
G1 X104.148 Y108.72 E1.51327
G1 X103.289 Y108.535 E1.54777
G1 X102.731 Y108.281 E1.57184
G1 X102.188 Y107.902 E1.59784
G1 X101.802 Y107.548 E1.6184
G1 X101.442 Y107.095 E1.64112
G1 X101.132 Y106.638 E1.6628
G1 X100.866 Y106.115 E1.68584
G1 X100.76 Y105.615 E1.70591
G1 X100.537 Y104.029 E1.7688
G1 X100.616 Y103.701 E1.78205
G1 X101.035 Y102.814 E1.82057
G1 X101.591 Y101.993 E1.8595
G1 X102.095 Y101.403 E1.88997
G1 X102.855 Y100.674 E1.93132
G1 X103.213 Y100.454 E1.94782
G1 X103.045 Y99.968 F7800
;TYPE:External perimeter
G1 F884.349
G1 X103.693 Y99.462 E1.9801
G1 X104.253 Y99.35 E2.00252
G1 X104.728 Y99.286 E2.02134
G1 X105.09 Y99.645 E2.04136
G1 X105.639 Y99.771 E2.06348
G1 X106.066 Y100.358 E2.09198
G1 X106.54 Y100.626 E2.11336
G1 X107.118 Y100.902 E2.13851
G1 X107.437 Y101.365 E2.16059
G1 X108.074 Y101.609 E2.18737
G1 X108.139 Y102.105 E2.20701
G1 X108.294 Y102.82 E2.23574
G1 X108.718 Y103.434 E2.26504
G1 X108.847 Y104.123 E2.29256
G1 X108.719 Y104.796 E2.31946
G1 X108.813 Y105.286 E2.33905
G1 X108.635 Y105.668 E2.3556
G1 X108.73 Y106.269 E2.37949
G1 X108.329 Y106.715 E2.40304
G1 X107.879 Y107.264 E2.43091
G1 X107.574 Y107.831 E2.45619
G1 X107.342 Y108.436 E2.48163
G1 X106.819 Y108.889 E2.5088
G1 X106.068 Y109.053 E2.53898
G1 X105.582 Y109.044 E2.55807
G1 X105.062 Y109.318 E2.58115
G1 X104.4 Y109.26 E2.60724
G1 X103.937 Y109.119 E2.62624
G1 X103.28 Y108.987 E2.65255
G1 X102.714 Y108.924 E2.67491
G1 X102.099 Y108.515 E2.70391
G1 X101.745 Y108.071 E2.72621
G1 X101.134 Y107.631 E2.75577
G1 X100.686 Y106.646 E2.79826
G1 X100.384 Y106.208 E2.81915
G1 X100.334 Y105.516 E2.84639
G1 X100.255 Y104.786 E2.87522
G1 X100.126 Y104.217 E2.89813
G1 X100.149 Y103.683 E2.91912
G1 X100.317 Y103.137 E2.94155
G1 X100.718 Y102.568 E2.96888
G1 X100.959 Y102.15 E2.98783
G1 X101.213 Y101.52 E3.0145
G1 X101.678 Y101.215 E3.03634
G1 X102.144 Y100.829 E3.0601
G1 X102.604 Y100.555 E3.08112
G1 X102.841 Y100.128 E3.1003
G1 X102.998 Y100.005 E3.10813
G1 X103.313 Y99.759 F7800
G1 X103.337 Y101.04
;TYPE:Solid infill
;WIDTH:0.38292
G1 F1058.823
G1 X102.703 Y101.63 E3.13653
G1 X102.048 Y102.339 E3.16818
G1 X101.587 Y103.302 F7800
G1 F1058.823
G1 X101.546 Y103.313 E3.16957
G1 X101.527 Y103.242 E3.17198
G1 X101.598 Y103.261 E3.17439
;WIDTH:0.41646
G1 F963.754
G1 X101.689 Y103.123 E3.18035
;WIDTH:0.449999
G1 F884.349
G1 X101.781 Y102.984 E3.18689
G1 X103.834 Y100.931 E3.30089
G1 X103.978 Y100.811 E3.30825
;WIDTH:0.41646
G1 F963.754
G1 X104.122 Y100.692 E3.31498
;WIDTH:0.38292
G1 F1058.823
G1 X104.498 Y100.375 E3.33111
;WIDTH:0.449999
G1 F884.349
G1 X104.707 Y100.634 E3.34418
G1 X101.263 Y104.077 E3.53539
G1 X101.334 Y104.582 E3.55541
G1 X105.039 Y100.877 E3.76114
G1 X105.385 Y101.107 E3.77745
G1 X101.405 Y105.087 E3.99845
G1 X101.482 Y105.586 E4.01827
G1 X105.73 Y101.338 E4.25415
G1 X106.067 Y101.576 E4.27035
G1 X101.605 Y106.038 E4.51812
G1 X101.824 Y106.395 E4.53456
G1 X106.4 Y101.819 E4.78866
G1 X106.733 Y102.062 E4.80485
G1 X102.06 Y106.735 E5.06433
G1 X102.316 Y107.054 E5.08039
G1 X107.032 Y102.338 E5.34226
G1 X107.23 Y102.716 E5.35901
G1 X102.615 Y107.331 E5.61527
G1 X102.948 Y107.573 E5.63143
G1 X107.402 Y103.12 E5.87873
G1 X107.549 Y103.548 E5.8965
G1 X103.328 Y107.77 E6.13091
G1 X103.765 Y107.909 E6.14892
G1 X107.637 Y104.036 E6.36395
G1 X107.691 Y104.558 E6.38456
G1 X104.238 Y108.011 E6.5763
G1 X104.791 Y108.033 E6.59803
G1 X107.681 Y105.143 E6.75851
G1 X107.768 Y105.556 E6.77508
;WIDTH:0.38292
G1 F1058.823
G1 X107.695 Y105.762 E6.78225
;WIDTH:0.41646
G1 F963.754
G1 X107.584 Y105.844 E6.78722
;WIDTH:0.449999
G1 F884.349
G1 X107.473 Y105.927 E6.79266
G1 X105.37 Y108.03 E6.90944
G1 X106.927 Y107.049 F7800
G1 F884.349
G1 X105.899 Y108.073 E6.96641
;WIDTH:0.41646
G1 F963.754
G1 X105.796 Y108.173 E6.97158
;WIDTH:0.38292
G1 F1058.823
G1 X105.902 Y108.159 E6.97509
G1 X106.221 Y107.918 E6.9882
G1 X106.726 Y107.421 E7.01144
G1 X107.137 Y106.946 E7.03204
G1 X107.148 Y106.761 E7.03812
;LAYER_CHANGE
;Z:9.75
;HEIGHT:0.2
G92 E0
G1 Z9.75 F7800
G1 X103.192 Y100.876
;TYPE:Perimeter
;WIDTH:0.449999
G1 F884.349
G1 X103.654 Y100.612 E.02089
G1 X104.2 Y100.22 E.04728
G1 X104.422 Y100.19 E.05608
G1 X104.63 Y100.246 E.06454
G1 X105.19 Y100.572 E.08998
G1 X106.068 Y101.141 E.13106
G1 X107.181 Y101.945 E.18497
G1 X107.64 Y102.842 E.22453
G1 X107.839 Y103.384 E.2472
G1 X107.971 Y104.245 E.2814
G1 X108.01 Y104.797 E.30313
G1 X107.945 Y105.512 E.33132
G1 X107.306 Y106.985 E.39436
G1 X107.09 Y107.269 E.40837
G1 X106.54 Y107.917 E.44174
G1 X106.246 Y108.158 E.45667
G1 X105.954 Y108.242 E.4686
G1 X104.986 Y108.276 E.50663
G1 X104.41 Y108.274 E.52925
G1 X103.738 Y108.169 E.55596
G1 X103.297 Y108.038 E.57402
G1 X102.795 Y107.781 E.59616
G1 X102.363 Y107.472 E.61701
G1 X101.924 Y107.038 E.64125
G1 X101.511 Y106.443 E.66969
G1 X101.232 Y105.942 E.69221
G1 X100.922 Y104.046 E.76764
G1 X101.439 Y102.908 E.81672
G1 X101.907 Y102.208 E.84978
G1 X102.334 Y101.715 E.87539
G1 X103.144 Y100.911 E.9202
G1 X102.928 Y100.557 F7800
G1 F884.349
G1 X103.417 Y100.282 E.94223
G1 X104.027 Y99.843 E.97174
G1 X104.183 Y99.805 E.97804
G1 X104.64 Y99.792 E.99599
G1 X105.076 Y100.019 E1.01529
G1 X105.959 Y100.586 E1.05649
G1 X106.504 Y100.958 E1.0824
G1 X107.516 Y101.706 E1.13181
G1 X108.014 Y102.678 E1.17469
G1 X108.234 Y103.278 E1.19978
G1 X108.377 Y104.217 E1.23707
G1 X108.418 Y104.802 E1.2601
G1 X108.345 Y105.615 E1.29215
G1 X107.668 Y107.189 E1.35943
G1 X107.178 Y107.821 E1.39083
G1 X106.836 Y108.197 E1.41079
G1 X106.431 Y108.528 E1.43133
G1 X106.019 Y108.647 E1.44817
G1 X104.648 Y108.682 E1.50202
G1 X104.11 Y108.639 E1.52321
G1 X103.498 Y108.536 E1.54758
G1 X102.976 Y108.339 E1.56949
G1 X102.524 Y108.092 E1.58971
G1 X102.103 Y107.784 E1.61019
G1 X101.606 Y107.294 E1.63759
G1 X101.091 Y106.552 E1.67305
G1 X100.84 Y106.071 E1.69435
G1 X100.679 Y105.033 E1.73559
G1 X100.503 Y104.077 E1.77376
G1 X100.546 Y103.892 E1.78122
G1 X101.082 Y102.71 E1.83218
G1 X101.583 Y101.961 E1.86756
G1 X102.026 Y101.449 E1.89414
G1 X102.882 Y100.595 E1.94162
G1 X102.598 Y100.158 F7800
;TYPE:External perimeter
G1 F884.349
G1 X102.779 Y99.984 E1.95148
G1 X103.289 Y99.761 E1.97334
G1 X103.868 Y99.384 E2.00047
G1 X105.149 Y99.487 E2.05093
G1 X105.662 Y99.848 E2.07556
G1 X106.048 Y100.296 E2.09878
G1 X106.608 Y100.306 E2.12077
G1 X106.994 Y100.625 E2.14043
G1 X107.323 Y101.27 E2.16886
G1 X107.941 Y101.585 E2.1961
G1 X108.302 Y102.014 E2.21811
G1 X108.54 Y102.476 E2.23852
G1 X108.437 Y103.134 E2.26467
G1 X108.705 Y103.532 E2.28351
G1 X108.656 Y104.168 E2.30856
G1 X108.657 Y104.489 E2.32116
G1 X108.702 Y104.99 E2.34091
G1 X108.899 Y105.603 E2.36619
G1 X108.624 Y106.229 E2.39304
G1 X108.162 Y106.758 E2.42062
G1 X108.143 Y107.557 E2.452
G1 X107.714 Y108.042 E2.47742
G1 X107.201 Y108.542 E2.50555
G1 X106.741 Y108.835 E2.52696
G1 X106.34 Y109.132 E2.54655
G1 X105.777 Y109.136 E2.56866
G1 X105.175 Y109.065 E2.59246
G1 X104.637 Y109.161 E2.61392
G1 X103.989 Y109.101 E2.63947
G1 X103.291 Y108.795 E2.66939
G1 X102.759 Y108.789 E2.69028
G1 X102.173 Y108.408 E2.71772
G1 X101.733 Y107.895 E2.74426
G1 X101.431 Y107.576 E2.76151
G1 X100.935 Y107.17 E2.78668
G1 X100.593 Y106.601 E2.81275
G1 X100.492 Y105.982 E2.83738
G1 X100.328 Y105.499 E2.85741
G1 X100.343 Y104.802 E2.88478
G1 X99.99 Y104.299 E2.90891
G1 X100.286 Y103.815 E2.93119
G1 X100.275 Y103.096 E2.95942
G1 X100.57 Y102.561 E2.98341
G1 X100.987 Y102.146 E3.00651
G1 X101.363 Y101.725 E3.02867
M73 P45 R16
G1 X101.751 Y101.376 E3.04916
G1 X101.941 Y100.888 E3.06972
G1 X102.409 Y100.34 E3.09802
G1 X102.555 Y100.2 E3.10596
G1 X102.873 Y99.957 F7800
G92 E0
G1 X102.077 Y106.913
;TYPE:Solid infill
;WIDTH:0.38292
G1 F1058.823
G1 X102.663 Y107.481 E.02676
G1 X103.601 Y107.852 F7800
G1 F1058.823
G1 X103.612 Y107.893 E.02815
G1 X103.541 Y107.912 E.03056
G1 X103.56 Y107.841 E.03297
;WIDTH:0.41646
G1 F963.754
G1 X103.421 Y107.769 E.03861
;WIDTH:0.449999
G1 F884.349
G1 X103.283 Y107.696 E.04474
G1 X101.629 Y106.042 E.13658
G1 X101.438 Y105.275 E.16762
M73 Q45 S16
G1 X104.075 Y107.913 E.31408
G1 X104.707 Y107.97 E.339
G1 X101.332 Y104.594 E.52644
G1 X101.29 Y103.976 E.55076
M73 P45 R15
G1 X105.274 Y107.96 E.77199
G1 X105.83 Y107.941 E.79383
G1 X101.469 Y103.58 E1.03599
G1 X101.649 Y103.184 E1.05307
G1 X106.243 Y107.778 E1.30817
G1 X106.527 Y107.487 E1.32414
G1 X101.864 Y102.823 E1.5831
G1 X102.094 Y102.478 E1.59938
G1 X106.783 Y107.167 E1.85975
G1 X107.035 Y106.843 E1.87587
G1 X102.352 Y102.16 E2.13591
G1 X102.619 Y101.852 E2.15191
G1 X107.209 Y106.441 E2.40676
G1 X107.383 Y106.04 E2.42392
M73 Q45 S15
G1 X102.918 Y101.575 E2.67185
G1 X103.205 Y101.286 E2.68784
G1 X107.558 Y105.639 E2.92956
G1 X107.669 Y105.174 E2.94833
G1 X103.53 Y101.035 E3.17816
G1 X103.889 Y100.819 E3.19461
G1 X107.691 Y104.621 E3.40573
G1 X107.635 Y103.989 E3.43064
G1 X104.224 Y100.578 E3.62005
G1 X104.868 Y100.68 E3.64565
;WIDTH:0.445758
G1 F893.66
G1 X105.04 Y100.821 E3.65429
;WIDTH:0.489258
G1 F806.565
G1 X105.212 Y100.962 E3.66386
;WIDTH:0.532757
G1 F734.939
G1 X105.384 Y101.103 E3.67437
;WIDTH:0.576257
G1 F674.996
G1 X105.555 Y101.244 E3.68577
;WIDTH:0.619756
G1 F624.094
G1 X105.727 Y101.385 E3.69814
G1 X105.934 Y101.45 E3.71021
G1 X105.727 Y101.385 E3.72228
G1 X105.759 Y101.447 E3.72616
;WIDTH:0.577584
G1 F673.321
G1 X105.791 Y101.509 E3.72976
;WIDTH:0.535411
G1 F730.978
G1 X105.823 Y101.571 E3.73307
;WIDTH:0.493239
G1 F799.434
G1 X105.855 Y101.633 E3.7361
;WIDTH:0.451066
G1 F882.037
G1 X105.887 Y101.694 E3.73881
;WIDTH:0.408894
G1 F983.678
G1 X105.919 Y101.756 E3.74127
;WIDTH:0.406065
G1 F991.34
G1 X106.283 Y102.092 E3.75862
;WIDTH:0.445409
G1 F894.434
G1 X106.646 Y102.427 E3.7778
G1 X107.467 Y103.248 E3.82287
G1 X107.36 Y102.96 E3.8348
G1 X106.945 Y102.15 E3.87013
G1 X106.537 Y101.83 E3.89026
;WIDTH:0.406065
G1 F991.34
G1 X106.129 Y101.511 E3.9084
;LAYER_CHANGE
;Z:9.95
;HEIGHT:0.2
G92 E0
G1 Z9.95 F7800
G1 X103.176 Y100.833
;TYPE:Perimeter
;WIDTH:0.449999
G1 F884.349
G1 X103.23 Y100.781 E.00294
G1 X103.9 Y100.408 E.03305
G1 X104.36 Y100.207 E.05276
G1 X104.601 Y100.265 E.06249
G1 X105.737 Y100.866 E.11295
G1 X107.01 Y101.758 E.17398
G1 X107.107 Y101.865 E.17965
G1 X107.665 Y102.842 E.22383
G1 X107.761 Y103.114 E.23516
G1 X107.899 Y103.677 E.25792
G1 X107.984 Y104.304 E.28276
G1 X108.013 Y104.804 E.30243
G1 X107.949 Y105.38 E.32519
G1 X107.549 Y106.337 E.36592
G1 X107.314 Y106.967 E.39232
G1 X106.876 Y107.507 E.41962
G1 X106.657 Y107.868 E.4362
G1 X106.356 Y108.072 E.45048
G1 X105.963 Y108.162 E.46631
G1 X104.534 Y108.211 E.52245
G1 X104.021 Y108.18 E.54263
G1 X103.441 Y108.049 E.56598
G1 X103.003 Y107.854 E.58481
G1 X102.522 Y107.562 E.6069
G1 X102.059 Y107.143 E.63142
G1 X101.68 Y106.645 E.65599
G1 X101.213 Y105.946 E.689
G1 X101.052 Y104.761 E.73596
G1 X100.911 Y104.181 E.7594
G1 X101.489 Y102.799 E.81822
G1 X101.899 Y102.177 E.84747
G1 X102.427 Y101.576 E.87888
G1 X103.134 Y100.876 E.91794
G1 X102.916 Y100.516 F7800
G1 F884.349
G1 X103.055 Y100.413 E.92473
G1 X103.684 Y100.062 E.95301
G1 X104.184 Y99.839 E.97451
G1 X104.454 Y99.79 E.98528
G1 X104.8 Y99.91 E.99966
G1 X105.959 Y100.525 E1.05118
G1 X107.274 Y101.446 E1.11422
G1 X107.462 Y101.666 E1.12558
G1 X108.036 Y102.668 E1.17092
G1 X108.237 Y103.239 E1.19469
G1 X108.391 Y104.281 E1.23605
G1 X108.421 Y104.815 E1.25705
G1 X108.347 Y105.483 E1.28344
G1 X107.924 Y106.495 E1.32651
G1 X107.677 Y107.165 E1.35455
G1 X107.192 Y107.763 E1.38478
G1 X106.979 Y108.128 E1.40137
G1 X106.513 Y108.454 E1.4237
G1 X106.017 Y108.567 E1.44367
G1 X104.486 Y108.618 E1.50382
G1 X103.956 Y108.582 E1.52468
G1 X103.312 Y108.438 E1.55059
G1 X103.008 Y108.302 E1.56367
G1 X102.564 Y108.064 E1.58345
G1 X102.095 Y107.737 E1.6059
G1 X101.598 Y107.243 E1.63341
G1 X100.883 Y106.204 E1.68293
G1 X100.804 Y105.962 E1.69293
G1 X100.635 Y104.746 E1.74113
G1 X100.484 Y104.157 E1.765
G1 X100.514 Y104.031 E1.77009
G1 X101.13 Y102.605 E1.83108
G1 X101.575 Y101.93 E1.86282
G1 X101.965 Y101.485 E1.88605
G1 X102.347 Y101.106 E1.90718
G1 X102.8 Y100.603 E1.93376
G1 X102.868 Y100.552 E1.9371
G1 X102.727 Y100.285 F7800
;TYPE:External perimeter
G1 F884.349
G1 X103.453 Y99.567 E1.97719
G1 X104.112 Y99.519 E2.00313
G1 X104.509 Y99.552 E2.01877
G1 X104.969 Y99.624 E2.03705
G1 X105.398 Y99.802 E2.05529
G1 X105.92 Y99.932 E2.07641
G1 X106.324 Y100.178 E2.09498
G1 X106.7 Y100.598 E2.11711
G1 X107.825 Y101.278 E2.16872
G1 X108.305 Y102.4 E2.21664
G1 X108.671 Y102.825 E2.23866
G1 X108.557 Y103.576 E2.26849
G1 X108.754 Y104.127 E2.29147
G1 X108.696 Y104.58 E2.3094
G1 X108.941 Y105.329 E2.34034
G1 X108.682 Y105.961 E2.36716
G1 X108.24 Y106.482 E2.39399
G1 X108.147 Y107.171 E2.42129
G1 X108.036 Y107.677 E2.44163
G1 X107.396 Y108.072 E2.47116
G1 X107.217 Y108.681 E2.49608
G1 X106.641 Y108.979 E2.52154
G1 X105.973 Y108.923 E2.54786
G1 X105.379 Y108.816 E2.57156
G1 X104.668 Y109.219 E2.60365
G1 X103.952 Y108.821 E2.63581
G1 X103.419 Y108.712 E2.65717
G1 X103.028 Y108.546 E2.67385
G1 X102.27 Y108.536 E2.70362
G1 X101.885 Y107.986 E2.72998
G1 X101.384 Y107.564 E2.7557
G1 X100.956 Y107.028 E2.78263
G1 X100.77 Y106.582 E2.8016
G1 X100.372 Y105.981 E2.8299
G1 X100.446 Y105.304 E2.85664
G1 X100.12 Y104.737 E2.88232
G1 X100.26 Y104.028 E2.9107
G1 X100.451 Y103.353 E2.93824
G1 X100.718 Y102.8 E2.96235
G1 X100.922 Y102.12 E2.99023
G1 X101.296 Y101.61 E3.01506
G1 X102.206 Y100.676 E3.06626
G1 X102.616 Y100.394 E3.0858
G1 X102.685 Y100.327 E3.08958
G1 X102.969 Y100.046 F7800
G1 X103.266 Y100.997
;TYPE:Solid infill
;WIDTH:0.38292
G1 F1058.823
G1 X102.034 Y102.278 E3.14787
G1 X101.62 Y103.195 F7800
G1 F1058.823
G1 X101.549 Y103.176 E3.15028
G1 X101.568 Y103.247 E3.15269
G1 X101.609 Y103.236 E3.15408
;WIDTH:0.41646
G1 F963.754
G1 X101.692 Y103.077 E3.16054
;WIDTH:0.449999
G1 F884.349
G1 X101.776 Y102.918 E3.1676
G1 X103.975 Y100.72 E3.28968
G1 X104.434 Y100.411 E3.31141
;WIDTH:0.38292
G1 F1058.823
G1 X104.362 Y100.392 E3.31385
G1 X104.381 Y100.463 E3.31626
G1 X104.423 Y100.452 E3.31768
;WIDTH:0.41646
G1 F963.754
G1 X104.528 Y100.544 E3.32271
;WIDTH:0.449999
G1 F884.349
G1 X104.634 Y100.636 E3.32822
G1 X101.317 Y103.953 E3.51241
G1 X101.22 Y104.071 E3.51841
;WIDTH:0.41646
G1 F963.754
G1 X101.122 Y104.188 E3.52391
;WIDTH:0.38292
G1 F1058.823
G1 X101.081 Y104.199 E3.5253
G1 X101.062 Y104.128 E3.52771
G1 X101.133 Y104.147 E3.53012
;WIDTH:0.449999
G1 F884.349
G1 X101.311 Y104.535 E3.54688
G1 X105.014 Y100.832 E3.7525
G1 X105.402 Y101.02 E3.76943
G1 X101.396 Y105.025 E3.99185
G1 X101.465 Y105.532 E4.01194
G1 X105.749 Y101.248 E4.24982
G1 X106.087 Y101.486 E4.26605
G1 X101.595 Y105.978 E4.51548
G1 X101.829 Y106.32 E4.53175
G1 X106.425 Y101.724 E4.78696
G1 X106.763 Y101.961 E4.80317
G1 X102.063 Y106.661 E5.06415
G1 X102.322 Y106.978 E5.08022
G1 X107.002 Y102.298 E5.34009
G1 X107.212 Y102.664 E5.35666
G1 X102.625 Y107.251 E5.61137
G1 X102.973 Y107.479 E5.62771
G1 X107.411 Y103.04 E5.87417
G1 X107.555 Y103.473 E5.89209
M73 P46 R15
G1 X103.352 Y107.675 E6.12545
G1 X103.788 Y107.815 E6.14343
M73 Q46 S15
G1 X107.639 Y103.964 E6.35727
G1 X107.689 Y104.489 E6.37798
G1 X104.28 Y107.898 E6.56728
G1 X104.851 Y107.903 E6.5897
G1 X107.675 Y105.079 E6.74651
G1 X107.614 Y105.651 E6.7691
;WIDTH:0.38292
G1 F1058.823
G1 X107.543 Y105.632 E6.77151
G1 X107.562 Y105.703 E6.77392
G1 X107.603 Y105.692 E6.77531
;WIDTH:0.41646
G1 F963.754
G1 X107.492 Y105.821 E6.78144
;WIDTH:0.449999
G1 F884.349
G1 X105.452 Y107.878 E6.89519
G1 X106.375 Y107.62 F7800
;WIDTH:0.577292
G1 F673.688
G1 X106.503 Y107.46 E6.90575
;WIDTH:0.530214
G1 F738.774
G1 X106.63 Y107.299 E6.91539
;WIDTH:0.483136
G1 F817.78
G1 X106.843 Y107.063 E6.92889
;WIDTH:0.450108
G1 F884.113
G1 X107.056 Y106.827 E6.94138
;LAYER_CHANGE
;Z:10.15
;HEIGHT:0.2
G92 E0
G1 Z10.15 F7800
G1 X103.413 Y100.706
;TYPE:Perimeter
;WIDTH:0.449999
G1 F884.349
G1 X103.506 Y100.679 E.0038
G1 X103.886 Y100.441 E.02141
G1 X104.357 Y100.223 E.04179
G1 X104.547 Y100.266 E.04944
G1 X105.209 Y100.622 E.07895
G1 X105.702 Y100.802 E.09956
G1 X106.614 Y101.404 E.14247
G1 X107.004 Y101.728 E.16238
G1 X107.681 Y102.816 E.21269
G1 X107.777 Y103.101 E.2245
G1 X107.904 Y103.656 E.24686
G1 X108.029 Y104.726 E.28916
G1 X107.953 Y105.248 E.30987
G1 X107.316 Y106.893 E.37913
G1 X106.924 Y107.416 E.40479
G1 X106.644 Y107.873 E.42583
G1 X106.417 Y107.999 E.43602
G1 X105.967 Y108.082 E.45399
G1 X104.793 Y108.134 E.50013
G1 X104.148 Y108.117 E.52546
G1 X103.645 Y108.049 E.54539
G1 X103.22 Y107.902 E.56305
G1 X102.768 Y107.661 E.58316
G1 X102.337 Y107.367 E.60365
G1 X101.912 Y106.942 E.62725
G1 X101.185 Y105.886 E.67759
G1 X101.179 Y105.559 E.69043
G1 X101.04 Y104.784 E.72135
G1 X100.903 Y104.292 E.7414
G1 X101.25 Y103.287 E.78315
G1 X101.524 Y102.712 E.80816
G1 X101.89 Y102.149 E.83453
G1 X103.112 Y100.796 E.90612
G1 X103.356 Y100.723 E.91612
G1 X103.268 Y100.331 F7800
G1 F884.349
G1 X103.656 Y100.106 E.93373
G1 X104.167 Y99.845 E.95626
G1 X104.449 Y99.805 E.96744
G1 X104.741 Y99.908 E.9796
G1 X105.408 Y100.264 E1.00929
G1 X105.881 Y100.433 E1.02901
G1 X106.391 Y100.757 E1.05273
G1 X106.926 Y101.132 E1.07838
G1 X107.33 Y101.482 E1.09937
G1 X108.051 Y102.641 E1.15296
G1 X108.241 Y103.2 E1.17614
G1 X108.335 Y103.761 E1.19847
G1 X108.438 Y104.741 E1.23716
G1 X108.35 Y105.352 E1.2614
G1 X107.675 Y107.094 E1.33475
G1 X107.271 Y107.629 E1.36107
G1 X106.935 Y108.178 E1.38634
G1 X106.556 Y108.387 E1.40333
G1 X106.013 Y108.487 E1.42501
G1 X104.645 Y108.548 E1.47878
G1 X103.806 Y108.507 E1.51176
G1 X103.549 Y108.445 E1.52214
G1 X103.059 Y108.276 E1.54249
G1 X102.559 Y108.01 E1.56473
G1 X102.078 Y107.682 E1.58759
G1 X101.591 Y107.194 E1.61466
G1 X100.772 Y106.008 E1.67125
G1 X100.776 Y105.621 E1.68645
G1 X100.652 Y104.905 E1.71498
G1 X100.5 Y104.413 E1.7352
G1 X100.507 Y104.189 E1.744
G1 X100.871 Y103.136 E1.78775
G1 X101.168 Y102.513 E1.81485
G1 X101.566 Y101.9 E1.84355
G1 X102.877 Y100.449 E1.92033
G1 X103.211 Y100.349 E1.93402
G1 X103.078 Y99.847 F7800
;TYPE:External perimeter
G1 F884.349
G1 X103.21 Y99.765 E1.94012
G1 X103.709 Y99.497 E1.96236
G1 X104.326 Y99.486 E1.98659
G1 X104.979 Y99.672 E2.01325
G1 X105.457 Y99.926 E2.0345
G1 X106.092 Y100.019 E2.0597
G1 X106.758 Y100.373 E2.08931
G1 X107.392 Y100.8 E2.11932
G1 X107.677 Y101.418 E2.14604
G1 X108.159 Y101.817 E2.17061
G1 X108.301 Y102.517 E2.19866
G1 X108.629 Y102.977 E2.22084
G1 X108.546 Y103.664 E2.24801
G1 X108.926 Y104.146 E2.27211
G1 X108.668 Y104.576 E2.2918
G1 X108.834 Y105.16 E2.31564
G1 X108.534 Y105.663 E2.33864
G1 X108.648 Y106.198 E2.36012
G1 X108.32 Y106.566 E2.37948
G1 X108.223 Y107.212 E2.40513
G1 X107.661 Y107.495 E2.42984
G1 X107.515 Y108.148 E2.45611
G1 X107.234 Y108.661 E2.47908
G1 X106.712 Y108.914 E2.50186
G1 X104.939 Y109.023 E2.57161
G1 X104.457 Y108.975 E2.59063
G1 X103.894 Y108.845 E2.61332
G1 X103.371 Y108.906 E2.63399
G1 X102.835 Y108.754 E2.65587
G1 X101.913 Y108.192 E2.69827
G1 X101.506 Y107.85 E2.71914
G1 X101.089 Y107.322 E2.74556
G1 X100.75 Y106.747 E2.77177
G1 X100.442 Y106.14 E2.7985
G1 X100.269 Y105.642 E2.8192
G1 X100.438 Y104.973 E2.84629
G1 X99.914 Y104.28 E2.8804
G1 X100.222 Y103.586 E2.91021
G1 X100.368 Y103.11 E2.92976
G1 X100.859 Y102.635 E2.95658
G1 X101.154 Y102.118 E2.97995
G1 X101.458 Y101.487 E3.00745
G1 X101.961 Y101.061 E3.03333
G1 X102.089 Y100.512 E3.05546
G1 X102.603 Y100.141 E3.08035
G1 X103.027 Y99.878 E3.09994
G1 X103.374 Y99.679 F7800
G92 E0
G1 X102.064 Y106.821
;TYPE:Solid infill
;WIDTH:0.38292
G1 F1058.823
G1 X102.598 Y107.343 E.02449
G1 X103.517 Y107.733 F7800
G1 F1058.823
G1 X103.498 Y107.804 E.0269
G1 X103.569 Y107.785 E.02931
G1 X103.558 Y107.744 E.0307
;WIDTH:0.41646
G1 F963.754
G1 X103.399 Y107.662 E.03715
;WIDTH:0.449999
G1 F884.349
G1 X103.241 Y107.579 E.04416
G1 X101.576 Y105.915 E.13659
G1 X101.432 Y105.194 E.16546
G1 X104.043 Y107.806 E.31047
G1 X104.648 Y107.835 E.33425
G1 X101.248 Y104.435 E.52305
G1 X101.343 Y103.955 E.54226
G1 X105.199 Y107.81 E.75635
G1 X105.75 Y107.786 E.77801
G1 X101.49 Y103.526 E1.01456
G1 X101.665 Y103.125 E1.03174
G1 X106.257 Y107.718 E1.28675
G1 X106.555 Y107.439 E1.30278
G1 X101.864 Y102.749 E1.56324
G1 X102.091 Y102.4 E1.57959
G1 X106.782 Y107.09 E1.84005
G1 X107.031 Y106.764 E1.85616
G1 X102.355 Y102.089 E2.11578
G1 X102.629 Y101.786 E2.13182
G1 X107.197 Y106.355 E2.3855
G1 X107.358 Y105.94 E2.40298
G1 X102.902 Y101.484 E2.65041
G1 X103.175 Y101.181 E2.66642
G1 X107.519 Y105.525 E2.90764
G1 X107.667 Y105.097 E2.92542
G1 X103.547 Y100.977 E3.1542
G1 X103.924 Y100.779 E3.17092
G1 X107.712 Y104.567 E3.38126
G1 X107.639 Y103.918 E3.4069
G1 X104.294 Y100.573 E3.59264
G1 X105.202 Y100.927 F7800
;WIDTH:0.419197
G1 F956.742
G1 X105.581 Y101.069 E3.60733
G1 X106.444 Y101.639 E3.64487
;WIDTH:0.439603
G1 F907.526
G1 X106.745 Y101.891 E3.65989
G1 X107.404 Y102.939 E3.70726
G1 X107.496 Y103.207 E3.7181
G1 X106.199 Y101.923 E3.78793
;WIDTH:0.419197
G1 F956.742
G1 X105.346 Y101.071 E3.83169
;LAYER_CHANGE
;Z:10.35
;HEIGHT:0.200001
G92 E0
G1 Z10.35 F7800
G1 X103.018 Y100.844
;TYPE:Perimeter
;WIDTH:0.449999
G1 F884.349
G1 X103.076 Y100.779 E.00342
G1 X103.679 Y100.553 E.0287
G1 X104.378 Y100.204 E.05938
G1 X104.519 Y100.223 E.06497
G1 X105.341 Y100.657 E.10147
G1 X105.968 Y100.903 E.12792
G1 X106.716 Y101.418 E.16358
G1 X107.331 Y102.222 E.20333
G1 X107.69 Y102.773 E.22915
G1 X107.786 Y103.07 E.24141
G1 X107.911 Y103.638 E.26425
G1 X108.044 Y104.649 E.30429
G1 X107.959 Y105.106 E.32254
G1 X107.575 Y106.15 E.36622
G1 X107.295 Y106.836 E.39531
G1 X106.662 Y107.825 E.44142
G1 X106.454 Y107.926 E.4505
G1 X105.944 Y108.01 E.47079
G1 X105.2 Y108.054 E.50005
G1 X104.28 Y108.071 E.53618
G1 X103.641 Y107.99 E.56147
G1 X103.103 Y107.808 E.58377
G1 X102.623 Y107.524 E.60567
G1 X102.164 Y107.185 E.62807
G1 X101.814 Y106.755 E.64984
G1 X101.482 Y106.261 E.67321
G1 X101.167 Y105.848 E.6936
G1 X101.169 Y105.51 E.70687
G1 X101.083 Y105.011 E.72675
G1 X100.909 Y104.436 E.75034
G1 X101.237 Y103.222 E.79972
G1 X101.556 Y102.63 E.82612
G1 X101.884 Y102.114 E.85013
G1 X102.978 Y100.889 E.91462
G1 X102.849 Y100.428 F7800
G1 F884.349
G1 X103.494 Y100.19 E.94161
G1 X104.146 Y99.858 E.97034
G1 X104.439 Y99.773 E.98232
G1 X104.712 Y99.865 E.99363
G1 X105.49 Y100.278 E1.02822
G1 X106.154 Y100.539 E1.05623
G1 X107.016 Y101.138 E1.09745
G1 X107.386 Y101.646 E1.12213
G1 X107.783 Y102.134 E1.14683
G1 X108.063 Y102.604 E1.16831
G1 X108.244 Y103.162 E1.19134
G1 X108.341 Y103.741 E1.21439
G1 X108.455 Y104.668 E1.25106
G1 X108.353 Y105.214 E1.27287
G1 X107.955 Y106.297 E1.31817
G1 X107.656 Y107.028 E1.34918
G1 X106.965 Y108.109 E1.39956
G1 X106.854 Y108.189 E1.40493
G1 X106.554 Y108.322 E1.41782
G1 X105.989 Y108.415 E1.4403
G1 X105.215 Y108.461 E1.47074
G1 X104.456 Y108.475 E1.50055
G1 X103.935 Y108.448 E1.52103
G1 X103.324 Y108.338 E1.54541
G1 X102.922 Y108.173 E1.56247
G1 X102.416 Y107.874 E1.58555
G1 X101.881 Y107.48 E1.61164
G1 X101.475 Y106.982 E1.63687
G1 X101.128 Y106.466 E1.66129
G1 X100.754 Y105.989 E1.68509
M73 P47 R15
G1 X100.767 Y105.636 E1.69896
G1 X100.693 Y105.129 E1.71908
G1 X100.492 Y104.423 E1.7479
G1 X100.716 Y103.547 E1.7834
G1 X100.86 Y103.064 E1.80319
G1 X101.205 Y102.424 E1.83174
G1 X101.559 Y101.866 E1.85769
G1 X102.483 Y100.85 E1.91161
G1 X102.805 Y100.466 E1.93129
G1 X102.717 Y100.053 F7800
M73 Q47 S15
;TYPE:External perimeter
G1 F884.349
G1 X102.935 Y100.003 E1.94007
G1 X103.461 Y99.575 E1.9667
G1 X104.025 Y99.655 E1.98907
G1 X104.437 Y99.507 E2.00626
G1 X105.067 Y99.599 E2.03126
G1 X105.69 Y100.044 E2.06132
G1 X106.311 Y100.322 E2.08804
G1 X107.313 Y100.937 E2.1342
G1 X107.573 Y101.503 E2.15866
G1 X108.014 Y101.832 E2.18026
G1 X108.596 Y102.803 E2.22471
G1 X108.622 Y103.495 E2.2519
G1 X108.822 Y103.98 E2.2725
G1 X108.666 Y104.617 E2.29825
G1 X108.949 Y104.907 E2.31416
G1 X108.858 Y105.496 E2.33756
G1 X108.579 Y105.95 E2.35848
G1 X108.485 Y106.585 E2.38368
G1 X108.236 Y107.144 E2.40771
G1 X107.74 Y107.446 E2.43051
G1 X107.5 Y108.092 E2.45757
G1 X106.975 Y108.494 E2.48353
G1 X105.78 Y108.666 E2.53093
G1 X105.11 Y108.944 E2.55941
G1 X104.436 Y108.959 E2.58588
G1 X103.699 Y108.857 E2.61509
G1 X103.186 Y108.913 E2.63535
G1 X102.586 Y108.517 E2.66358
G1 X102.166 Y108.099 E2.68685
G1 X101.459 Y107.828 E2.71658
G1 X101.272 Y107.31 E2.7382
G1 X100.958 Y106.917 E2.75795
G1 X100.51 Y106.505 E2.78185
G1 X100.261 Y106.057 E2.80197
G1 X100.295 Y105.494 E2.82412
G1 X100.213 Y104.854 E2.84945
G1 X99.969 Y104.096 E2.88072
G1 X100.073 Y103.625 E2.89966
G1 X100.302 Y103.053 E2.92385
G1 X100.734 Y102.511 E2.95106
G1 X101.054 Y101.87 E2.97919
G1 X101.475 Y101.631 E2.9982
G1 X101.876 Y101.134 E3.02327
G1 X102.017 Y100.553 E3.04674
G1 X102.441 Y100.118 E3.07059
G1 X102.659 Y100.067 E3.07938
G1 X103.027 Y99.91 F7800
G1 X103.196 Y100.952
;TYPE:Solid infill
;WIDTH:0.38292
G1 F1058.823
G1 X102.009 Y102.208 E3.13605
G1 X101.675 Y103.034 F7800
G1 F1058.823
G1 X101.634 Y103.045 E3.13744
G1 X101.615 Y102.974 E3.13985
G1 X101.686 Y102.993 E3.14226
;WIDTH:0.41646
G1 F963.754
G1 X101.775 Y102.854 E3.14821
;WIDTH:0.449999
G1 F884.349
G1 X101.863 Y102.716 E3.15464
G1 X103.704 Y100.875 E3.25687
G1 X103.863 Y100.787 E3.26401
;WIDTH:0.41646
G1 F963.754
G1 X104.022 Y100.699 E3.27056
;WIDTH:0.38292
G1 F1058.823
G1 X103.981 Y100.71 E3.27195
G1 X103.962 Y100.639 E3.27436
G1 X104.033 Y100.658 E3.27677
;WIDTH:0.449999
G1 F884.349
G1 X104.562 Y100.593 E3.2977
G1 X101.412 Y103.743 E3.47261
G1 X101.311 Y103.823 E3.47767
;WIDTH:0.41646
G1 F963.754
G1 X101.211 Y103.903 E3.48228
;WIDTH:0.38292
G1 F1058.823
G1 X101.08 Y104.432 E3.50015
;WIDTH:0.449999
G1 F884.349
G1 X101.243 Y104.488 E3.50692
G1 X104.936 Y100.794 E3.71201
G1 X105.327 Y100.979 E3.72899
G1 X101.373 Y104.933 E3.94855
G1 X101.356 Y105.825 F7800
;WIDTH:0.38292
G1 F1058.823
G1 X101.315 Y105.836 E3.94994
G1 X101.296 Y105.765 E3.95235
G1 X101.367 Y105.784 E3.95476
;WIDTH:0.41646
G1 F963.754
G1 X101.415 Y105.601 E3.96158
;WIDTH:0.449999
G1 F884.349
G1 X101.464 Y105.418 E3.96902
G1 X105.74 Y101.142 E4.20646
G1 X106.104 Y101.353 E4.22298
G1 X101.576 Y105.881 E4.47441
G1 X101.819 Y106.214 E4.4906
G1 X106.445 Y101.589 E4.74745
G1 X106.698 Y101.911 E4.76353
G1 X102.05 Y106.559 E5.02163
G1 X102.303 Y106.882 E5.03774
G1 X106.948 Y102.237 E5.29567
G1 X107.205 Y102.555 E5.31172
G1 X102.608 Y107.153 E5.56701
G1 X102.965 Y107.371 E5.58343
G1 X107.417 Y102.919 E5.83064
G1 X107.554 Y103.357 E5.84866
G1 X103.338 Y107.574 E6.0828
G1 X103.779 Y107.708 E6.1009
G1 X107.637 Y103.851 E6.3151
G1 X107.712 Y104.351 E6.33495
G1 X104.298 Y107.765 E6.52452
G1 X104.884 Y107.755 E6.54753
G1 X107.675 Y104.963 E6.70254
G1 X107.58 Y105.558 E6.7262
;WIDTH:0.38292
G1 F1058.823
G1 X107.509 Y105.539 E6.72861
G1 X107.528 Y105.61 E6.73102
G1 X107.569 Y105.599 E6.73241
;WIDTH:0.41646
G1 F963.754
G1 X107.463 Y105.728 E6.73843
;WIDTH:0.449999
G1 F884.349
G1 X107.358 Y105.857 E6.74496
G1 X105.483 Y107.731 E6.84905
G1 X106.435 Y107.583 F7800
;WIDTH:0.62542
G1 F618.026
G1 X106.364 Y107.602 E6.85318
G1 X106.313 Y107.55 E6.85727
G1 X106.332 Y107.48 E6.86135
G1 X106.402 Y107.461 E6.86543
G1 X106.453 Y107.512 E6.86948
;LAYER_CHANGE
;Z:10.55
;HEIGHT:0.2
G92 E0
G1 Z10.55 F7800
G1 X103.016 Y100.782
;TYPE:Perimeter
;WIDTH:0.449999
G1 F884.349
G1 X103.056 Y100.734 E.00245
G1 X103.726 Y100.481 E.03057
G1 X104.22 Y100.221 E.05249
G1 X104.423 Y100.155 E.06087
G1 X105.461 Y100.688 E.10669
G1 X106.202 Y100.992 E.13814
G1 X106.593 Y101.261 E.15677
G1 X107.39 Y102.252 E.2067
G1 X107.701 Y102.736 E.22929
G1 X107.805 Y103.072 E.2431
G1 X107.938 Y103.7 E.26831
G1 X108.043 Y104.507 E.30026
G1 X107.951 Y105.022 E.3208
G1 X107.565 Y106.092 E.36546
G1 X107.292 Y106.745 E.39325
G1 X106.69 Y107.742 E.43898
G1 X106.471 Y107.832 E.44828
G1 X105.916 Y107.94 E.47048
G1 X105.172 Y107.985 E.49975
G1 X104.446 Y107.998 E.52826
G1 X103.801 Y107.955 E.55364
G1 X103.154 Y107.77 E.58006
G1 X102.429 Y107.359 E.61278
G1 X102.001 Y106.963 E.63567
G1 X101.187 Y105.846 E.68994
G1 X101.106 Y105.168 E.71675
G1 X100.938 Y104.673 E.73727
G1 X101.065 Y103.677 E.77669
G1 X101.185 Y103.217 E.79536
G1 X101.884 Y102.073 E.848
G1 X102.74 Y101.122 E.89824
G1 X102.979 Y100.829 E.91309
G1 X102.785 Y100.42 F7800
G1 F884.349
G1 X102.808 Y100.391 E.91454
G1 X103.536 Y100.121 E.94503
G1 X104.031 Y99.86 E.967
G1 X104.313 Y99.763 E.97871
G1 X104.521 Y99.756 E.98688
G1 X104.759 Y99.861 E.99709
G1 X105.615 Y100.311 E1.03506
G1 X106.397 Y100.632 E1.06825
G1 X106.873 Y100.96 E1.09095
G1 X107.707 Y101.997 E1.1432
G1 X108.076 Y102.57 E1.16996
G1 X108.25 Y103.133 E1.1931
G1 X108.339 Y103.628 E1.21285
G1 X108.453 Y104.526 E1.24839
G1 X108.346 Y105.127 E1.27236
G1 X107.944 Y106.239 E1.31879
G1 X107.656 Y106.93 E1.34818
G1 X106.992 Y108.029 E1.3986
G1 X106.504 Y108.259 E1.41978
G1 X105.961 Y108.345 E1.44137
G1 X105.188 Y108.392 E1.47178
G1 X104.244 Y108.408 E1.50885
G1 X103.725 Y108.356 E1.52933
G1 X102.995 Y108.149 E1.55912
G1 X102.38 Y107.799 E1.5869
G1 X101.864 Y107.425 E1.61192
G1 X101.58 Y107.099 E1.6289
G1 X101.108 Y106.396 E1.66215
G1 X100.746 Y105.966 E1.68422
G1 X100.765 Y105.758 E1.69242
G1 X100.719 Y105.296 E1.71065
G1 X100.555 Y104.811 E1.73075
G1 X100.535 Y104.572 E1.74017
G1 X100.621 Y104.034 E1.76156
G1 X100.681 Y103.427 E1.78551
G1 X100.814 Y103.042 E1.8015
G1 X101.556 Y101.829 E1.85733
G1 X102.497 Y100.783 E1.91257
G1 X102.748 Y100.467 E1.92842
G1 X102.55 Y100.057 F7800
;TYPE:External perimeter
G1 F884.349
G1 X103.034 Y99.861 E1.94892
G1 X103.587 Y99.475 E1.9754
G1 X104.257 Y99.424 E2.00178
G1 X104.911 Y99.437 E2.02746
G1 X105.425 Y99.778 E2.05168
G1 X106.108 Y100.068 E2.08081
G1 X106.674 Y100.177 E2.10344
G1 X107.118 Y100.696 E2.13026
G1 X107.471 Y101.169 E2.15343
G1 X107.885 Y101.565 E2.17592
G1 X108.316 Y102.141 E2.20417
G1 X108.442 Y102.638 E2.2243
G1 X108.519 Y103.148 E2.24455
G1 X108.887 Y104.418 E2.29647
G1 X108.615 Y104.828 E2.31579
G1 X108.712 Y105.355 E2.33683
G1 X108.535 Y105.886 E2.35881
G1 X108.331 Y106.377 E2.37969
G1 X108.195 Y106.919 E2.40163
G1 X107.616 Y107.398 E2.43114
G1 X107.465 Y108.182 E2.46249
G1 X107.03 Y108.629 E2.48698
G1 X106.448 Y108.618 E2.50984
G1 X105.996 Y108.758 E2.52842
G1 X105.3 Y108.92 E2.55648
G1 X104.604 Y108.992 E2.58395
G1 X103.871 Y108.909 E2.61291
G1 X103.374 Y108.577 E2.63638
G1 X102.927 Y108.424 E2.65493
G1 X102.356 Y108.198 E2.67904
G1 X101.514 Y107.712 E2.71721
G1 X101.218 Y107.338 E2.73594
G1 X101.112 Y106.851 E2.75551
G1 X100.469 Y106.522 E2.78387
G1 X100.16 Y106.022 E2.80695
G1 X100.381 Y105.269 E2.83776
G1 X100.265 Y104.827 E2.8557
G1 X100.334 Y104.204 E2.88031
G1 X100.307 Y103.575 E2.90503
G1 X100.425 Y102.945 E2.9302
G1 X100.788 Y102.398 E2.95598
G1 X100.922 Y101.715 E2.98331
G1 X101.432 Y101.517 E3.00479
G1 X101.609 Y100.979 E3.02703
G1 X102.215 Y100.767 E3.05224
G1 X102.518 Y100.104 E3.08086
G1 X102.877 Y99.928 F7800
G92 E0
G1 X102.056 Y106.735
;TYPE:Solid infill
;WIDTH:0.38292
G1 F1058.823
G1 X102.533 Y107.203 E.02191
G1 X103.477 Y107.578 F7800
G1 F1058.823
G1 X103.488 Y107.619 E.0233
G1 X103.416 Y107.638 E.02574
G1 X103.436 Y107.567 E.02816
;WIDTH:0.41646
G1 F963.754
G1 X103.297 Y107.494 E.03382
;WIDTH:0.449999
G1 F884.349
G1 X103.159 Y107.422 E.03993
G1 X101.61 Y105.874 E.12592
G1 X101.391 Y105.078 F7800
G1 F884.349
G1 X103.978 Y107.666 E.2696
G1 X104.578 Y107.69 E.29318
G1 X101.284 Y104.396 E.47609
G1 X101.202 Y104.52 E.48193
;WIDTH:0.41646
G1 F963.754
G1 X101.12 Y104.643 E.48726
;WIDTH:0.38292
G1 F1058.823
G1 X101.185 Y104.914 E.4964
G1 X101.351 Y103.887 F7800
;WIDTH:0.449999
G1 F884.349
G1 X105.144 Y107.68 E.70702
G1 X105.687 Y107.648 E.72838
G1 X101.443 Y103.404 E.96404
G1 X101.652 Y103.037 E.98062
G1 X106.201 Y107.586 E1.23322
G1 X106.559 Y107.368 E1.24968
G1 X101.871 Y102.68 E1.51
G1 X102.089 Y102.323 E1.52642
M73 P48 R15
G1 X106.776 Y107.009 E1.78665
G1 X106.993 Y106.65 E1.80312
M73 Q48 S15
G1 X102.352 Y102.01 E2.0608
G1 X102.624 Y101.707 E2.07679
G1 X107.168 Y106.25 E2.32908
G1 X107.332 Y105.838 E2.34649
G1 X102.897 Y101.404 E2.59273
G1 X103.161 Y101.092 E2.60878
G1 X107.484 Y105.415 E2.84883
G1 X107.637 Y104.992 E2.86649
G1 X103.531 Y100.886 E3.09449
G1 X103.931 Y100.71 E3.11165
G1 X107.732 Y104.511 E3.32271
G1 X107.657 Y103.86 E3.34844
G1 X104.312 Y100.516 E3.53415
G1 X105.291 Y100.932 F7800
;WIDTH:0.430614
G1 F928.567
G1 X106.074 Y101.263 E3.56594
G1 X106.407 Y101.502 E3.58127
G1 X106.838 Y102.009 E3.60615
;WIDTH:0.394751
G1 F1023.218
G1 X107.269 Y102.516 E3.62873
;WIDTH:0.358888
G1 F1139.356
G1 X107.455 Y102.83 E3.63985
G1 X107.599 Y103.289 E3.65451
G1 X107.035 Y102.727 E3.67878
;WIDTH:0.394751
G1 F1023.218
G1 X106.577 Y102.244 E3.70137
;WIDTH:0.430614
G1 F928.567
G1 X105.435 Y101.076 E3.76246
;LAYER_CHANGE
;Z:10.75
;HEIGHT:0.2
G92 E0
G1 Z10.75 F7800
G1 X103.424 Y100.555
;TYPE:Perimeter
;WIDTH:0.449999
G1 F884.349
G1 X103.486 Y100.533 E.00258
G1 X104.093 Y100.224 E.02932
G1 X104.417 Y100.112 E.04278
G1 X105.296 Y100.568 E.08166
G1 X106.247 Y101 E.12267
G1 X106.58 Y101.203 E.13798
G1 X107.352 Y102.143 E.18574
G1 X107.708 Y102.689 E.21133
G1 X107.92 Y103.469 E.24307
G1 X108.034 Y104.347 E.27783
G1 X107.949 Y104.933 E.30108
G1 X107.552 Y106.04 E.34726
G1 X107.331 Y106.582 E.37024
G1 X106.735 Y107.625 E.41741
G1 X106.379 Y107.786 E.43275
G1 X105.876 Y107.871 E.45278
G1 X105.174 Y107.92 E.48041
G1 X104.294 Y107.932 E.51497
G1 X103.683 Y107.849 E.53918
G1 X103.138 Y107.654 E.56191
G1 X102.578 Y107.393 E.58617
G1 X102.114 Y107.057 E.60866
G1 X101.903 Y106.809 E.62145
G1 X101.473 Y106.151 E.65231
G1 X101.155 Y105.714 E.67353
G1 X101.126 Y105.401 E.68587
G1 X100.975 Y104.907 E.70615
G1 X100.965 Y104.765 E.71174
G1 X101.054 Y104.05 E.74003
G1 X101.006 Y103.518 E.761
G1 X101.103 Y103.233 E.77282
G1 X101.862 Y102.056 E.82781
G1 X102.331 Y101.529 E.85551
G1 X103.014 Y100.702 E.89762
G1 X103.368 Y100.575 E.91239
G1 X103.264 Y100.183 F7800
G1 F884.349
G1 X103.301 Y100.17 E.91393
G1 X103.909 Y99.861 E.94071
G1 X104.305 Y99.721 E.9572
G1 X104.477 Y99.707 E.96398
G1 X106.038 Y100.472 E1.03224
G1 X106.56 Y100.689 E1.05444
G1 X106.86 Y100.903 E1.06891
G1 X107.782 Y102.038 E1.12633
G1 X108.087 Y102.531 E1.14909
G1 X108.347 Y103.544 E1.19015
G1 X108.443 Y104.359 E1.22237
G1 X108.341 Y105.047 E1.24968
G1 X107.932 Y106.185 E1.29716
G1 X107.698 Y106.761 E1.32157
G1 X107.023 Y107.941 E1.37495
G1 X106.499 Y108.178 E1.39753
G1 X105.924 Y108.276 E1.42043
G1 X105.191 Y108.327 E1.44928
G1 X104.481 Y108.337 E1.47716
G1 X103.967 Y108.309 E1.49737
G1 X103.35 Y108.188 E1.52206
G1 X102.837 Y107.968 E1.54398
G1 X102.367 Y107.743 E1.56444
G1 X101.836 Y107.359 E1.59017
G1 X101.576 Y107.054 E1.60591
G1 X101.132 Y106.373 E1.63783
G1 X100.756 Y105.867 E1.66258
G1 X100.727 Y105.482 E1.67774
G1 X100.573 Y104.984 E1.69821
G1 X100.563 Y104.699 E1.70941
G1 X100.653 Y103.961 E1.7386
G1 X100.598 Y103.364 E1.76214
G1 X100.743 Y103.041 E1.77604
G1 X101.54 Y101.806 E1.83375
G1 X102.446 Y100.786 E1.88732
G1 X102.762 Y100.356 E1.90827
G1 X103.208 Y100.202 E1.9268
G1 X103.093 Y99.786 F7800
;TYPE:External perimeter
G1 F884.349
G1 X104.102 Y99.539 E1.96759
G1 X104.521 Y99.199 E1.98878
G1 X104.993 Y99.575 E2.01247
G1 X105.591 Y99.789 E2.03741
G1 X106.024 Y100.042 E2.0571
G1 X106.524 Y100.21 E2.07781
G1 X107.139 Y100.506 E2.10461
G1 X107.491 Y101.018 E2.12901
G1 X108.062 Y101.497 E2.15827
G1 X108.128 Y102.184 E2.18537
G1 X108.649 Y102.479 E2.20888
G1 X108.76 Y103.054 E2.23187
G1 X108.663 Y103.647 E2.25546
G1 X108.694 Y104.295 E2.28093
G1 X108.884 Y104.424 E2.28995
G1 X108.565 Y105.73 E2.34274
G1 X108.154 Y106.281 E2.36973
G1 X108.057 Y106.787 E2.38996
G1 X107.845 Y107.396 E2.41528
G1 X107.658 Y107.815 E2.4333
G1 X107.164 Y108.124 E2.45618
G1 X106.656 Y108.582 E2.48304
G1 X106.136 Y108.467 E2.50395
G1 X105.682 Y108.745 E2.52485
G1 X105.179 Y108.535 E2.54625
G1 X104.697 Y108.928 E2.57067
G1 X103.972 Y108.759 E2.5999
M73 P48 R14
G1 X103.281 Y108.545 E2.6283
G1 X102.091 Y108.106 E2.6781
G1 X101.689 Y107.788 E2.69823
G1 X101.175 Y107.262 E2.72711
G1 X101.076 Y106.678 E2.75037
G1 X100.592 Y106.414 E2.77202
G1 X100.468 Y105.987 E2.78948
G1 X100.343 Y105.41 E2.81266
G1 X99.997 Y104.755 E2.84175
G1 X100.179 Y104.037 E2.87083
G1 X100.059 Y103.348 E2.89829
G1 X100.422 Y102.691 E2.92776
G1 X100.804 Y102.092 E2.95566
G1 X101.349 Y101.665 E2.98284
G1 X101.773 Y101.188 E3.0079
G1 X102.161 Y100.658 E3.03369
G1 X102.426 Y99.905 E3.06503
G1 X103.002 Y99.808 E3.08796
G1 X103.035 Y99.8 E3.08929
G1 X103.423 Y99.705 F7800
G1 X103.137 Y100.875
;TYPE:Solid infill
;WIDTH:0.38292
G1 F1058.823
G1 X102.38 Y101.702 E3.12606
G1 X101.733 Y102.824 F7800
G1 F1058.823
G1 X101.691 Y102.835 E3.12748
G1 X101.672 Y102.764 E3.12989
G1 X101.744 Y102.783 E3.13233
;WIDTH:0.41646
G1 F963.754
G1 X101.839 Y102.644 E3.1384
;WIDTH:0.449999
G1 F884.349
G1 X101.935 Y102.506 E3.145
G1 X103.65 Y100.79 E3.24026
G1 X104.51 Y100.506 F7800
G1 F884.349
G1 X101.332 Y103.685 E3.41676
G1 X101.344 Y104.248 E3.43887
G1 X104.894 Y100.698 E3.636
G1 X105.278 Y100.89 E3.65286
G1 X101.288 Y104.88 E3.87442
G1 X101.42 Y105.323 E3.89257
G1 X105.662 Y101.082 E4.12809
G1 X106.065 Y101.254 E4.14529
G1 X101.568 Y105.751 E4.395
G1 X101.801 Y106.094 E4.41128
M73 Q48 S14
G1 X106.413 Y101.482 E4.66738
G1 X106.67 Y101.8 E4.68343
G1 X102.028 Y106.443 E4.94122
G1 X102.273 Y106.773 E4.95736
G1 X106.928 Y102.119 E5.21582
G1 X107.185 Y102.437 E5.23187
G1 X102.594 Y107.028 E5.4868
G1 X102.965 Y107.233 E5.50344
G1 X107.411 Y102.786 E5.75035
G1 X107.54 Y103.234 E5.76866
G1 X103.361 Y107.412 E6.00069
G1 X103.789 Y107.56 E6.01847
G1 X107.651 Y103.698 E6.23292
G1 X107.719 Y104.206 E6.25304
G1 X104.299 Y107.626 E6.44295
G1 X104.882 Y107.619 E6.46584
G1 X107.655 Y104.846 E6.61982
G1 X107.555 Y105.443 E6.64359
;WIDTH:0.38292
G1 F1058.823
G1 X107.484 Y105.424 E6.646
G1 X107.503 Y105.495 E6.64841
G1 X107.544 Y105.484 E6.6498
;WIDTH:0.41646
G1 F963.754
G1 X107.439 Y105.613 E6.65579
;WIDTH:0.449999
G1 F884.349
G1 X107.334 Y105.742 E6.66232
G1 X105.484 Y107.592 E6.76505
G1 X106.509 Y107.37 F7800
;WIDTH:0.625624
G1 F617.809
G1 X106.438 Y107.389 E6.76918
G1 X106.387 Y107.338 E6.77323
G1 X106.406 Y107.267 E6.77736
G1 X106.476 Y107.249 E6.78142
G1 X106.527 Y107.3 E6.78547
;LAYER_CHANGE
;Z:10.95
;HEIGHT:0.2
G92 E0
G1 Z10.95 F7800
G1 X103.207 Y100.579
;TYPE:Perimeter
;WIDTH:0.449999
G1 F884.349
G1 X104.391 Y100.07 E.0506
G1 X106.589 Y101.167 E.14706
G1 X107.318 Y102.052 E.19208
G1 X107.701 Y102.617 E.21888
G1 X107.917 Y103.444 E.25244
G1 X107.998 Y103.912 E.27109
G1 X108.008 Y104.413 E.29077
G1 X107.941 Y104.861 E.30856
G1 X107.368 Y106.419 E.37374
G1 X106.773 Y107.514 E.42267
G1 X106.404 Y107.68 E.43856
G1 X106.192 Y107.744 E.44726
G1 X105.159 Y107.856 E.48806
G1 X104.544 Y107.863 E.51221
G1 X103.895 Y107.82 E.53775
G1 X103.451 Y107.687 E.55595
G1 X102.86 Y107.415 E.5815
G1 X102.185 Y107.064 E.61137
M73 P49 R14
G1 X101.896 Y106.761 E.62781
G1 X101.073 Y105.504 E.6868
G1 X100.982 Y105.056 E.70475
G1 X101.034 Y104.635 E.72141
G1 X101.086 Y103.862 E.75183
G1 X101.049 Y103.352 E.77191
G1 X101.093 Y103.077 E.78285
G1 X101.843 Y102.036 E.83323
G1 X102.709 Y101.047 E.88485
M73 Q49 S14
G1 X103.011 Y100.643 E.90466
G1 X103.114 Y100.619 E.90881
G1 X103.152 Y100.602 E.91044
G1 X103.077 Y100.2 F7800
G1 F884.349
G1 X103.151 Y100.176 E.91349
G1 X103.872 Y99.821 E.94505
G1 X104.344 Y99.655 E.9647
G1 X104.571 Y99.704 E.97382
G1 X105.143 Y100.001 E.99913
G1 X106.608 Y100.7 E1.06286
G1 X106.868 Y100.865 E1.07495
G1 X107.644 Y101.808 E1.1229
G1 X108.081 Y102.462 E1.15378
G1 X108.311 Y103.342 E1.18949
G1 X108.403 Y103.876 E1.21077
G1 X108.413 Y104.445 E1.23311
G1 X108.332 Y104.976 E1.2542
G1 X107.739 Y106.591 E1.32175
G1 X107.448 Y107.1 E1.34477
G1 X107.058 Y107.846 E1.37782
G1 X106.452 Y108.113 E1.40382
G1 X105.184 Y108.263 E1.45395
G1 X104.359 Y108.273 E1.48635
G1 X103.83 Y108.222 E1.50722
G1 X103.292 Y108.062 E1.52926
G1 X102.678 Y107.78 E1.55579
G1 X101.943 Y107.392 E1.58842
G1 X101.569 Y107.004 E1.60958
G1 X100.691 Y105.665 E1.67245
G1 X100.57 Y105.071 E1.69625
G1 X100.628 Y104.603 E1.71477
G1 X100.679 Y103.877 E1.74335
G1 X100.65 Y103.164 E1.77137
G1 X100.737 Y102.875 E1.78322
G1 X101.525 Y101.781 E1.83616
G1 X102.395 Y100.787 E1.88803
G1 X102.756 Y100.303 E1.91174
G1 X103.02 Y100.218 E1.92263
G1 X102.968 Y99.883 F7800
;TYPE:External perimeter
G1 F884.349
G1 X103.201 Y99.846 E1.93189
G1 X103.519 Y99.443 E1.95205
G1 X104.047 Y99.209 E1.97473
G1 X104.748 Y99.164 E2.00231
G1 X105.181 Y99.568 E2.02556
G1 X105.681 Y99.652 E2.04547
G1 X106.245 Y100.049 E2.07255
G1 X106.934 Y100.287 E2.10117
G1 X107.42 Y100.809 E2.12917
G1 X107.675 Y101.384 E2.15387
G1 X108.259 Y101.722 E2.18036
G1 X108.447 Y102.329 E2.20531
G1 X108.699 Y102.795 E2.22611
G1 X108.78 Y103.254 E2.24441
G1 X108.925 Y103.804 E2.26674
G1 X108.948 Y104.551 E2.29608
G1 X108.798 Y105.03 E2.31579
G1 X108.672 Y105.519 E2.33562
G1 X108.311 Y106.053 E2.36093
G1 X108.284 Y106.695 E2.38616
G1 X107.779 Y107.224 E2.41488
G1 X107.675 Y107.782 E2.43717
G1 X106.454 Y108.458 E2.49197
G1 X105.906 Y108.451 E2.51349
G1 X105.422 Y108.535 E2.53278
G1 X104.832 Y108.555 E2.55596
G1 X104.163 Y108.654 E2.58251
G1 X103.509 Y108.557 E2.60847
G1 X102.827 Y108.261 E2.63766
G1 X102.181 Y108.181 E2.66322
G1 X101.647 Y107.882 E2.68725
G1 X101.348 Y107.431 E2.7085
G1 X101.015 Y106.798 E2.73658
G1 X100.639 Y106.473 E2.75609
G1 X100.38 Y106.011 E2.77689
G1 X100.327 Y105.26 E2.80645
G1 X100.369 Y104.862 E2.82216
G1 X100.08 Y104.248 E2.84881
G1 X100.087 Y103.785 E2.86699
G1 X100.422 Y103.088 E2.89735
G1 X100.371 Y102.574 E2.91763
G1 X100.955 Y102.106 E2.94702
G1 X101.149 Y101.378 E2.9766
G1 X101.685 Y100.914 E3.00444
G1 X101.974 Y100.456 E3.0257
G1 X102.509 Y99.956 E3.05445
G1 X102.908 Y99.893 E3.07031
G1 X103.274 Y99.73 F7800
G92 E0
G1 X102.048 Y106.643
;TYPE:Solid infill
;WIDTH:0.38292
G1 F1058.823
G1 X102.351 Y106.947 E.01408
;WIDTH:0.449999
G1 F884.349
G1 X102.927 Y107.108 E.03756
G1 X101.658 Y105.838 E.10805
G1 X101.556 Y105.679 E.11547
;WIDTH:0.41646
G1 F963.754
G1 X101.454 Y105.52 E.12228
;WIDTH:0.38292
G1 F1058.823
G1 X101.465 Y105.561 E.12367
G1 X101.394 Y105.58 E.12608
G1 X101.413 Y105.509 E.12849
;WIDTH:0.449999
G1 F884.349
G1 X101.304 Y104.909 E.15243
G1 X103.903 Y107.508 E.29675
G1 X104.529 Y107.558 E.32141
G1 X101.354 Y104.383 E.49771
G1 X101.382 Y103.835 E.51926
G1 X105.098 Y107.551 E.7256
G1 X105.623 Y107.5 E.74631
G1 X101.364 Y103.241 E.98281
G1 X101.597 Y102.899 E.99906
G1 X106.144 Y107.446 E1.25155
G1 X106.548 Y107.274 E1.26879
G1 X101.838 Y102.565 E1.5303
G1 X102.079 Y102.23 E1.5465
G1 X106.755 Y106.906 E1.80615
G1 X106.958 Y106.533 E1.82282
G1 X102.348 Y101.923 E2.07881
G1 X102.617 Y101.617 E2.09481
G1 X107.144 Y106.144 E2.34619
G1 X107.299 Y105.723 E2.36381
G1 X102.886 Y101.31 E2.60886
G1 X103.137 Y100.984 E2.62501
G1 X107.454 Y105.302 E2.86475
G1 X107.608 Y104.881 E2.88235
G1 X103.517 Y100.789 E3.10954
G1 X103.903 Y100.599 E3.12643
G1 X107.702 Y104.399 E3.33741
G1 X107.682 Y103.802 E3.36086
G1 X104.303 Y100.424 E3.54846
G1 X105.281 Y100.839 F7800
;WIDTH:0.431496
G1 F926.46
G1 X106.363 Y101.362 E3.5935
G1 X107.056 Y102.16 E3.63311
;WIDTH:0.38777
G1 F1043.932
G1 X107.435 Y102.712 E3.65538
G1 X107.555 Y103.144 E3.67029
G1 X106.796 Y102.385 E3.70599
;WIDTH:0.431496
G1 F926.46
G1 X105.425 Y100.983 E3.77949
;LAYER_CHANGE
;Z:11.15
;HEIGHT:0.2
G92 E0
G1 Z11.15 F7800
G1 X103.183 Y100.527
;TYPE:Perimeter
;WIDTH:0.449999
G1 F884.349
G1 X103.875 Y100.213 E.02984
G1 X104.358 Y100.029 E.05013
G1 X105.437 Y100.531 E.09686
G1 X106.124 Y100.875 E.12703
G1 X106.684 Y101.203 E.15251
G1 X107.318 Y101.996 E.19237
G1 X107.746 Y102.641 E.22276
G1 X108.001 Y103.697 E.26542
G1 X108.017 Y104.346 E.29091
G1 X107.93 Y104.797 E.30894
G1 X107.409 Y106.253 E.36966
G1 X107.102 Y106.817 E.39487
G1 X106.812 Y107.407 E.42068
G1 X106.631 Y107.46 E.42809
G1 X106.125 Y107.719 E.45041
G1 X105.043 Y107.793 E.49299
G1 X104.282 Y107.783 E.52287
G1 X103.725 Y107.705 E.54495
G1 X103.092 Y107.453 E.5717
G1 X102.168 Y106.967 E.61269
G1 X101.89 Y106.712 E.6275
G1 X101.026 Y105.36 E.6905
G1 X101.035 Y104.941 E.70696
G1 X101.202 Y102.798 E.79136
G1 X101.814 Y102.013 E.83044
G1 X102.624 Y101.09 E.87866
G1 X102.98 Y100.619 E.90184
G1 X103.128 Y100.552 E.90822
G1 X103.052 Y100.145 F7800
G1 F884.349
G1 X103.115 Y100.122 E.91085
G1 X103.701 Y99.845 E.9363
G1 X104.189 Y99.65 E.95693
G1 X104.486 Y99.627 E.96863
G1 X104.978 Y99.879 E.99033
G1 X105.85 Y100.271 E1.02787
G1 X106.321 Y100.519 E1.04877
G1 X106.956 Y100.891 E1.07767
G1 X107.508 Y101.568 E1.11197
G1 X107.88 Y102.074 E1.13663
G1 X108.129 Y102.493 E1.15577
G1 X108.406 Y103.641 E1.20214
G1 X108.423 Y104.378 E1.23109
G1 X108.322 Y104.91 E1.25235
G1 X107.782 Y106.421 E1.31535
G1 X107.467 Y106.996 E1.34109
G1 X107.098 Y107.749 E1.37402
G1 X106.744 Y107.851 E1.38849
G1 X106.249 Y108.118 E1.41057
G1 X105.047 Y108.2 E1.45788
G1 X104.245 Y108.188 E1.48937
G1 X103.606 Y108.095 E1.51472
G1 X103.108 Y107.898 E1.53575
G1 X102.518 Y107.611 E1.56151
G1 X101.835 Y107.223 E1.59235
G1 X101.562 Y106.955 E1.60737
G1 X101.219 Y106.42 E1.63232
G1 X100.671 Y105.625 E1.67023
G1 X100.613 Y105.386 E1.67989
G1 X100.629 Y104.908 E1.69867
G1 X100.785 Y102.798 E1.78174
G1 X100.858 Y102.577 E1.79088
G1 X101.5 Y101.753 E1.83189
G1 X102.299 Y100.845 E1.87938
G1 X102.744 Y100.257 E1.90833
G1 X102.995 Y100.166 E1.91881
G1 X102.861 Y99.592 F7800
;TYPE:External perimeter
G1 F884.349
G1 X103.068 Y99.496 E1.92777
G1 X103.779 Y99.511 E1.95569
G1 X104.298 Y99.131 E1.98095
G1 X105.071 Y99.265 E2.01175
G1 X105.423 Y99.798 E2.03683
G1 X106.006 Y100.018 E2.0613
G1 X106.733 Y100.128 E2.09017
G1 X107.178 Y100.602 E2.1157
G1 X107.49 Y101.112 E2.13917
G1 X107.943 Y101.665 E2.16724
G1 X108.501 Y102.169 E2.19676
G1 X108.567 Y102.635 E2.21524
G1 X108.608 Y103.237 E2.23893
G1 X108.689 Y103.868 E2.26391
G1 X108.776 Y104.345 E2.28295
G1 X108.756 Y104.805 E2.30103
G1 X108.465 Y105.49 E2.33025
G1 X108.512 Y106.168 E2.35694
G1 X108.261 Y106.721 E2.38079
G1 X107.751 Y107.067 E2.40499
G1 X107.684 Y107.588 E2.42562
G1 X107.233 Y107.953 E2.4484
G1 X106.869 Y108.331 E2.469
G1 X106.208 Y108.437 E2.49529
G1 X105.709 Y108.75 E2.51842
G1 X105.139 Y108.789 E2.54085
G1 X104.543 Y108.562 E2.56589
G1 X104.087 Y108.586 E2.58382
G1 X103.661 Y108.345 E2.60304
G1 X103.168 Y108.424 E2.62264
G1 X102.599 Y107.89 E2.65328
G1 X101.871 Y107.948 E2.68196
G1 X101.406 Y107.295 E2.71344
G1 X100.963 Y106.912 E2.73643
G1 X100.585 Y106.32 E2.76401
G1 X100.237 Y105.952 E2.7839
G1 X100.14 Y105.235 E2.81231
G1 X100.359 Y104.627 E2.83768
G1 X100.253 Y103.88 E2.8673
G1 X100.391 Y103.311 E2.89029
G1 X100.43 Y102.818 E2.90971
G1 X100.577 Y102.226 E2.93366
G1 X100.919 Y101.564 E2.96292
G1 X101.343 Y101.039 E2.98942
G1 X101.821 Y100.739 E3.01158
G1 X102.426 Y100.284 E3.0413
G1 X102.596 Y99.714 E3.06465
G1 X102.807 Y99.617 E3.07377
G1 X103.193 Y99.512 F7800
G1 X103.13 Y100.755
;TYPE:Solid infill
;WIDTH:0.38292
G1 F1058.823
G1 X102.563 Y101.393 E3.10176
G1 X103.665 Y100.65 F7800
;WIDTH:0.449999
G1 F884.349
G1 X101.843 Y102.473 E3.20296
G1 X101.588 Y102.761 E3.21806
;WIDTH:0.402534
G1 F1001.073
G1 X101.455 Y102.912 E3.22504
;WIDTH:0.449999
G1 F884.349
G1 X101.454 Y103.437 E3.24565
G1 X104.471 Y100.42 E3.41318
G1 X104.865 Y100.602 E3.43022
G1 X101.41 Y104.057 E3.62207
G1 X101.366 Y104.676 E3.64644
M73 P50 R14
G1 X105.26 Y100.783 E3.86264
G1 X105.654 Y100.964 E3.87966
M73 Q50 S14
G1 X101.324 Y105.294 E4.1201
G1 X101.56 Y105.633 E4.13632
G1 X106.025 Y101.169 E4.38423
G1 X106.395 Y101.374 E4.40084
G1 X101.785 Y105.984 E4.65683
G1 X102.011 Y106.335 E4.67322
G1 X106.673 Y101.672 E4.93212
G1 X106.932 Y101.989 E4.94819
G1 X102.265 Y106.655 E5.20731
G1 X102.631 Y106.866 E5.2239
G1 X107.177 Y102.32 E5.47633
G1 X107.409 Y102.663 E5.49259
G1 X103.008 Y107.064 E5.73697
G1 X103.401 Y107.247 E5.75399
G1 X107.543 Y103.105 E5.98399
G1 X107.655 Y103.568 E6.00269
G1 X103.813 Y107.411 E6.21606
G1 X104.32 Y107.479 E6.23615
G1 X107.71 Y104.089 E6.42439
G1 X107.622 Y104.753 E6.45069
G1 X104.886 Y107.489 E6.60262
G1 X105.489 Y107.462 E6.62632
G1 X107.301 Y105.65 E6.72694
G1 X107.405 Y105.521 E6.73345
;WIDTH:0.41646
G1 F963.754
G1 X107.51 Y105.392 E6.73944
;WIDTH:0.38292
G1 F1058.823
G1 X107.469 Y105.403 E6.74083
G1 X107.45 Y105.332 E6.74324
G1 X107.521 Y105.351 E6.74565
G1 X106.607 Y107.077 F7800
;WIDTH:0.60335
G1 F642.364
G1 X106.558 Y107.027 E6.74943
G1 X106.49 Y107.046 E6.75325
G1 X106.472 Y107.113 E6.757
G1 X106.522 Y107.163 E6.76082
G1 X106.589 Y107.145 E6.76457
;LAYER_CHANGE
;Z:11.35
;HEIGHT:0.200001
G92 E0
G1 Z11.35 F7800
G1 X103.12 Y100.468
;TYPE:Perimeter
;WIDTH:0.449999
G1 F884.349
G1 X104.337 Y99.975 E.05156
G1 X104.666 Y100.142 E.06605
G1 X105.836 Y100.65 E.11613
G1 X106.806 Y101.267 E.16127
G1 X107.039 Y101.546 E.17554
G1 X107.772 Y102.628 E.22686
G1 X107.984 Y103.509 E.26244
G1 X108.017 Y104.295 E.29333
G1 X107.948 Y104.604 E.30576
G1 X107.801 Y105.082 E.3254
G1 X107.46 Y106.072 E.36651
G1 X106.83 Y107.309 E.42102
G1 X106.32 Y107.474 E.44207
G1 X106.003 Y107.672 E.45675
G1 X104.902 Y107.729 E.50004
G1 X104.328 Y107.713 E.52259
G1 X103.77 Y107.636 E.54471
G1 X103.176 Y107.403 E.56976
G1 X102.701 Y107.179 E.59038
G1 X102.267 Y106.93 E.61003
G1 X101.839 Y106.596 E.63135
G1 X101.065 Y105.406 E.68709
G1 X101.114 Y104.2 E.73448
G1 X101.214 Y103.175 E.77492
G1 X101.3 Y102.611 E.79732
G1 X102.043 Y101.698 E.84354
G1 X102.482 Y101.203 E.86952
G1 X103.007 Y100.514 E.90353
G1 X103.064 Y100.491 E.90594
G1 X103.004 Y100.093 F7800
G1 F884.349
G1 X103.08 Y100.068 E.90908
G1 X103.712 Y99.779 E.93637
G1 X104.213 Y99.588 E.95742
G1 X104.447 Y99.574 E.96662
G1 X104.829 Y99.769 E.98346
G1 X106.028 Y100.29 E1.03479
G1 X107.078 Y100.957 E1.08363
G1 X107.362 Y101.298 E1.10105
G1 X107.723 Y101.808 E1.12558
G1 X108.155 Y102.484 E1.15708
G1 X108.39 Y103.453 E1.19623
G1 X108.426 Y104.331 E1.23073
G1 X108.346 Y104.692 E1.24525
G1 X108.186 Y105.214 E1.26669
G1 X107.828 Y106.247 E1.30962
G1 X107.117 Y107.651 E1.37141
G1 X106.63 Y107.786 E1.39125
G1 X106.135 Y108.071 E1.41368
G1 X104.905 Y108.136 E1.46204
G1 X104.359 Y108.124 E1.48348
G1 X103.814 Y108.062 E1.50502
G1 X103.286 Y107.883 E1.52691
G1 X102.707 Y107.639 E1.55158
G1 X102.251 Y107.397 E1.57185
G1 X101.676 Y107.006 E1.59915
G1 X101.504 Y106.829 E1.60884
G1 X100.924 Y105.893 E1.65208
G1 X100.651 Y105.543 E1.66951
G1 X100.709 Y104.131 E1.725
G1 X100.785 Y103.539 E1.74844
G1 X100.814 Y103.039 E1.76811
G1 X100.914 Y102.455 E1.79137
G1 X101.218 Y102.054 E1.81113
G1 X102.158 Y100.956 E1.86788
G1 X102.753 Y100.176 E1.9064
G1 X102.947 Y100.112 E1.91442
G1 X102.872 Y99.665 F7800
;TYPE:External perimeter
G1 F884.349
G1 X103.151 Y99.636 E1.92543
G1 X103.68 Y99.138 E1.95396
G1 X104.851 Y99.355 E2.00072
G1 X105.561 Y99.568 E2.02983
G1 X105.972 Y99.78 E2.04799
G1 X106.331 Y100.122 E2.06746
G1 X106.918 Y100.26 E2.09114
G1 X107.382 Y100.731 E2.1171
G1 X107.844 Y101.243 E2.14418
G1 X108.347 Y101.763 E2.17259
G1 X108.525 Y102.415 E2.19913
G1 X108.709 Y102.948 E2.22127
G1 X108.836 Y103.655 E2.24947
G1 X108.642 Y104.199 E2.27215
G1 X108.9 Y104.641 E2.29225
G1 X108.608 Y105.099 E2.31358
G1 X108.459 Y105.717 E2.33854
G1 X108.237 Y106.341 E2.36455
G1 X108.071 Y106.986 E2.3907
G1 X107.509 Y107.457 E2.41949
G1 X107.219 Y107.883 E2.43972
G1 X106.697 Y108.096 E2.46186
G1 X106.247 Y108.467 E2.48476
G1 X105.635 Y108.669 E2.51007
G1 X104.915 Y108.688 E2.53835
G1 X104.378 Y108.668 E2.55945
G1 X103.658 Y108.426 E2.58927
G1 X103.157 Y108.471 E2.60902
G1 X102.521 Y108.19 E2.63632
G1 X101.946 Y107.909 E2.66145
G1 X101.591 Y107.3 E2.68913
G1 X101.003 Y106.945 E2.7161
G1 X100.696 Y106.398 E2.74073
G1 X100.562 Y105.839 E2.7633
G1 X100.115 Y105.441 E2.7868
G1 X100.152 Y104.731 E2.81472
G1 X100.299 Y103.994 E2.84423
G1 X100.442 Y103.454 E2.86616
G1 X100.41 Y102.715 E2.8952
G1 X100.624 Y102.087 E2.92125
G1 X100.82 Y101.608 E2.94157
G1 X101.359 Y101.286 E2.96622
G1 X101.711 Y100.615 E2.99597
G1 X102.049 Y100.13 E3.01918
G1 X102.561 Y99.697 E3.04551
G1 X102.812 Y99.671 E3.05542
G1 X103.198 Y99.565 F7800
G92 E0
G1 X101.331 Y105.319
;TYPE:Solid infill
;WIDTH:0.38292
G1 F1058.823
G1 X101.394 Y105.393 E.00319
;WIDTH:0.41646
G1 F963.754
G1 X101.513 Y105.537 E.00992
;WIDTH:0.449999
G1 F884.349
G1 X101.631 Y105.681 E.01723
G1 X102.876 Y106.926 E.08636
G1 X103.014 Y107.008 E.09266
;WIDTH:0.41646
G1 F963.754
G1 X103.153 Y107.091 E.09849
;WIDTH:0.38292
G1 F1058.823
G1 X103.134 Y107.162 E.1009
G1 X103.205 Y107.143 E.10331
G1 X103.194 Y107.102 E.1047
;WIDTH:0.449999
G1 F884.349
G1 X103.871 Y107.345 E.13294
G1 X101.392 Y104.867 E.27057
G1 X101.414 Y104.313 E.29234
G1 X104.525 Y107.424 E.46509
G1 X105.099 Y107.422 E.48763
G1 X101.461 Y103.784 E.68964
G1 X101.514 Y103.261 E.71028
G1 X105.643 Y107.39 E.93956
G1 X106.088 Y107.259 E.95777
G1 X101.585 Y102.757 E1.20779
G1 X101.83 Y102.426 E1.22396
G1 X106.49 Y107.086 E1.48272
G1 X106.757 Y106.777 E1.49875
G1 X102.086 Y102.106 E1.75812
G1 X102.357 Y101.802 E1.77411
G1 X106.952 Y106.396 E2.02924
G1 X107.147 Y106.015 E2.04605
G1 X102.628 Y101.497 E2.29696
G1 X102.885 Y101.178 E2.31304
G1 X107.31 Y105.603 E2.55875
G1 X107.449 Y105.166 E2.57676
G1 X103.134 Y100.851 E2.81637
G1 X103.512 Y100.654 E2.83311
G1 X107.596 Y104.738 E3.05989
G1 X107.709 Y104.275 E3.0786
G1 X103.907 Y100.473 E3.28972
G1 X104.319 Y100.31 E3.30712
G1 X107.686 Y103.676 E3.49406
G92 E0
G1 X105.456 Y100.885 F7800
;WIDTH:0.428663
G1 F933.264
M73 P51 R14
G1 X106.629 Y102.08 E.0623
;WIDTH:0.398304
G1 F1012.989
G1 X106.914 Y102.386 E.07663
;WIDTH:0.410733
G1 F978.761
G1 X106.976 Y102.418 E.07911
;WIDTH:0.45352
G1 F876.767
G1 X107.038 Y102.45 E.08187
;WIDTH:0.496307
G1 F794.025
G1 X107.1 Y102.482 E.08492
;WIDTH:0.539094
G1 F725.552
G1 X107.162 Y102.513 E.08824
;WIDTH:0.581881
G1 F667.952
G1 X107.224 Y102.545 E.09187
;WIDTH:0.624668
G1 F618.825
G1 X107.286 Y102.577 E.09579
G1 X107.265 Y102.511 E.09968
;WIDTH:0.581881
G1 F667.952
G1 X107.245 Y102.444 E.10331
;WIDTH:0.539094
G1 F725.552
G1 X107.224 Y102.377 E.10667
;WIDTH:0.496307
G1 F794.025
G1 X107.203 Y102.311 E.1097
;WIDTH:0.45352
G1 F876.767
G1 X107.182 Y102.244 E.11248
;WIDTH:0.410733
G1 F978.761
G1 X107.161 Y102.178 E.11494
;WIDTH:0.416549
G1 F963.523
G1 X106.815 Y101.728 E.1354
;WIDTH:0.428663
G1 F933.264
G1 X106.608 Y101.49 E.14714
G1 X105.703 Y100.914 E.18705
G1 X105.312 Y100.741 E.20296
;LAYER_CHANGE
;Z:11.55
;HEIGHT:0.2
G92 E0
G1 Z11.55 F7800
G1 X103.2 Y100.38
M73 Q51 S14
;TYPE:Perimeter
;WIDTH:0.449999
G1 F884.349
G1 X104.282 Y99.935 E.04594
G1 X104.494 Y100.001 E.05466
G1 X105.254 Y100.34 E.08734
G1 X105.846 Y100.556 E.11208
G1 X106.457 Y101.023 E.14228
G1 X106.969 Y101.383 E.16686
G1 X107.524 Y102.159 E.20432
G1 X107.802 Y102.635 E.22596
G1 X107.917 Y103.112 E.24523
G1 X108.008 Y103.605 E.26491
G1 X108.022 Y104.132 E.28561
G1 X107.938 Y104.53 E.30158
G1 X107.617 Y105.667 E.34797
G1 X107.45 Y106.03 E.36366
G1 X107.085 Y106.709 E.39393
G1 X106.864 Y107.189 E.41468
G1 X106.369 Y107.341 E.43501
G1 X105.874 Y107.616 E.45724
G1 X105.271 Y107.657 E.48097
G1 X104.761 Y107.665 E.501
G1 X104.251 Y107.635 E.52106
G1 X103.681 Y107.53 E.54382
G1 X103.008 Y107.256 E.57235
G1 X102.23 Y106.813 E.6075
G1 X101.819 Y106.483 E.6282
G1 X101.7 Y106.339 E.63553
G1 X101.415 Y105.824 E.65864
G1 X101.109 Y105.406 E.67898
G1 X101.104 Y104.652 E.70859
G1 X101.139 Y103.788 E.74254
G1 X101.208 Y103.468 E.75539
G1 X101.284 Y102.904 E.77774
G1 X101.403 Y102.418 E.79739
G1 X101.831 Y101.877 E.82448
G1 X102.327 Y101.332 E.85341
G1 X102.999 Y100.462 E.89657
G1 X103.145 Y100.402 E.90277
G1 X103.061 Y99.986 F7800
G1 F884.349
G1 X103.29 Y99.908 E.91227
G1 X104.165 Y99.546 E.94945
G1 X104.435 Y99.529 E.96007
G1 X105.393 Y99.958 E1.00128
G1 X106.05 Y100.197 E1.02873
G1 X106.495 Y100.557 E1.0512
G1 X107.141 Y100.994 E1.08182
G1 X107.289 Y101.13 E1.08971
G1 X107.945 Y102.048 E1.13401
G1 X108.185 Y102.487 E1.15365
G1 X108.327 Y103.074 E1.17736
G1 X108.415 Y103.594 E1.19807
G1 X108.43 Y104.17 E1.22069
G1 X108.335 Y104.622 E1.23883
G1 X108.002 Y105.804 E1.28705
G1 X107.764 Y106.306 E1.30886
G1 X107.417 Y106.957 E1.33783
G1 X107.168 Y107.523 E1.36211
G1 X106.453 Y107.749 E1.39155
G1 X105.997 Y108.015 E1.41228
G1 X105.298 Y108.063 E1.43979
G1 X104.764 Y108.072 E1.46076
G1 X104.216 Y108.04 E1.48231
G1 X103.558 Y107.92 E1.50857
G1 X102.83 Y107.623 E1.53944
G1 X102 Y107.15 E1.57695
G1 X101.476 Y106.73 E1.60332
G1 X101.34 Y106.529 E1.61285
G1 X101.087 Y106.064 E1.63364
G1 X100.693 Y105.526 E1.65982
G1 X100.715 Y105.165 E1.67402
G1 X100.696 Y104.65 E1.69426
G1 X100.734 Y103.736 E1.73018
G1 X100.974 Y102.4 E1.78348
G1 X101.081 Y102.169 E1.79348
G1 X101.53 Y101.602 E1.82188
G1 X102.077 Y100.992 E1.85405
G1 X102.731 Y100.14 E1.89622
G1 X102.877 Y100.049 E1.90297
G1 X103.004 Y100.006 E1.90823
G1 X102.909 Y99.555 F7800
;TYPE:External perimeter
G1 F884.349
G1 X103.376 Y99.239 E1.93037
G1 X104.411 Y98.995 E1.97212
G1 X105.698 Y99.541 E2.02701
G1 X106.221 Y99.903 E2.05198
G1 X106.724 Y100.453 E2.08124
G1 X107.269 Y100.656 E2.10408
G1 X107.71 Y101.009 E2.12626
G1 X108.36 Y101.735 E2.16452
G1 X108.435 Y102.267 E2.18562
G1 X108.696 Y103.486 E2.23457
G1 X108.839 Y103.754 E2.2465
G1 X108.783 Y104.394 E2.27173
G1 X108.493 Y104.883 E2.29405
G1 X108.624 Y105.668 E2.3253
G1 X108.39 Y106.213 E2.34859
G1 X108.144 Y106.659 E2.36859
G1 X107.712 Y107.054 E2.39157
G1 X107.518 Y107.67 E2.41693
G1 X107.075 Y107.802 E2.43508
G1 X106.65 Y108.092 E2.45528
G1 X106.153 Y108.176 E2.47507
G1 X105.802 Y108.42 E2.49185
G1 X105.104 Y108.523 E2.51955
G1 X104.405 Y108.276 E2.54866
G1 X103.766 Y108.481 E2.57501
G1 X102.687 Y107.915 E2.62285
G1 X102.172 Y107.599 E2.64657
G1 X101.51 Y107.367 E2.67411
G1 X101.191 Y106.922 E2.69561
G1 X100.813 Y106.289 E2.72456
G1 X100.321 Y105.864 E2.75009
G1 X100.145 Y105.268 E2.77449
G1 X100.334 Y104.721 E2.79721
G1 X100.226 Y104.161 E2.8196
G1 X100.47 Y103.553 E2.84532
G1 X100.462 Y102.909 E2.87061
G1 X100.717 Y102.451 E2.89119
G1 X100.869 Y101.891 E2.91397
G1 X101.089 Y101.196 E2.94259
G1 X101.97 Y100.506 E2.98653
G1 X102.325 Y99.883 E3.01468
G1 X102.79 Y99.635 E3.03537
G1 X102.859 Y99.588 E3.03865
G1 X103.191 Y99.364 F7800
G1 X103.139 Y100.613
;TYPE:Solid infill
;WIDTH:0.38292
G1 F1058.823
G1 X102.619 Y101.203 E3.06444
G1 X103.986 Y100.319 F7800
G1 F1058.823
G1 X103.915 Y100.3 E3.06685
G1 X103.934 Y100.371 E3.06926
G1 X103.975 Y100.36 E3.07065
;WIDTH:0.41646
G1 F963.754
G1 X103.816 Y100.442 E3.0771
;WIDTH:0.449999
G1 F884.349
G1 X103.657 Y100.524 E3.08412
G1 X101.876 Y102.306 E3.18304
G1 X101.775 Y102.444 E3.18975
;WIDTH:0.418674
G1 F958.075
G1 X101.674 Y102.582 E3.19595
;WIDTH:0.387348
G1 F1045.211
G1 X101.602 Y102.563 E3.19842
G1 X101.621 Y102.635 E3.20089
G1 X101.663 Y102.624 E3.20233
;WIDTH:0.449999
G1 F884.349
G1 X101.566 Y103.191 E3.22492
G1 X104.444 Y100.314 E3.3847
G1 X104.841 Y100.492 E3.40178
G1 X101.44 Y103.892 E3.5906
G1 X101.416 Y104.493 E3.61422
G1 X105.248 Y100.661 E3.82701
G1 X105.668 Y100.816 E3.84459
G1 X101.415 Y105.069 E4.08075
G1 X101.557 Y105.503 E4.09868
G1 X105.992 Y101.068 E4.34495
G1 X106.331 Y101.304 E4.36117
G1 X101.786 Y105.85 E4.61357
G1 X101.991 Y106.22 E4.63018
G1 X106.674 Y101.538 E4.89019
G1 X106.931 Y101.856 E4.90624
G1 X102.305 Y106.482 E5.16311
G1 X102.658 Y106.705 E5.1795
G1 X107.171 Y102.191 E5.43013
G1 X107.401 Y102.538 E5.44648
G1 X103.024 Y106.914 E5.6895
G1 X103.42 Y107.094 E5.70658
G1 X107.564 Y102.95 E5.93669
G1 X107.676 Y103.413 E5.95539
G1 X103.837 Y107.253 E6.16859
G1 X104.33 Y107.335 E6.18821
G1 X107.712 Y103.953 E6.37601
G1 X107.602 Y104.639 E6.40329
G1 X104.882 Y107.359 E6.55433
G1 X105.48 Y107.337 E6.57783
G1 X107.356 Y105.461 E6.682
G1 X107.454 Y105.332 E6.68836
;WIDTH:0.41646
G1 F963.754
G1 X107.552 Y105.203 E6.6942
;WIDTH:0.38292
G1 F1058.823
G1 X107.511 Y105.214 E6.69559
G1 X107.492 Y105.143 E6.698
G1 X107.563 Y105.162 E6.70041
G1 X106.662 Y106.867 F7800
;WIDTH:0.576944
G1 F674.127
G1 X106.615 Y106.82 E6.70383
G1 X106.55 Y106.837 E6.70729
G1 X106.533 Y106.902 E6.71075
G1 X106.58 Y106.949 E6.71417
G1 X106.645 Y106.932 E6.71763
;LAYER_CHANGE
;Z:11.75
;HEIGHT:0.2
G92 E0
G1 Z11.75 F7800
G1 X103.121 Y100.358
;TYPE:Perimeter
;WIDTH:0.449999
G1 F884.349
G1 X104.159 Y99.912 E.04436
G1 X104.327 Y99.887 E.05103
G1 X105.232 Y100.268 E.08959
G1 X105.775 Y100.429 E.11183
G1 X106.98 Y101.374 E.17196
G1 X107.568 Y102.156 E.21038
G1 X107.826 Y102.612 E.23095
G1 X107.931 Y103.046 E.24848
G1 X108.015 Y103.679 E.27355
G1 X108.009 Y104.228 E.29511
G1 X107.734 Y105.226 E.33576
G1 X107.576 Y105.702 E.35545
G1 X106.886 Y107.097 E.41656
G1 X106.152 Y107.33 E.4468
G1 X105.647 Y107.584 E.469
G1 X104.669 Y107.616 E.50742
G1 X104.143 Y107.571 E.52815
G1 X103.579 Y107.42 E.55108
G1 X102.963 Y107.158 E.57736
G1 X102.453 Y106.867 E.60042
G1 X102.102 Y106.627 E.61712
G1 X101.685 Y106.285 E.6383
G1 X101.443 Y105.833 E.65843
G1 X101.112 Y105.322 E.68234
G1 X101.14 Y105.038 E.69355
G1 X101.148 Y103.686 E.74664
G1 X101.478 Y102.232 E.80518
G1 X102.686 Y100.818 E.8782
G1 X102.99 Y100.415 E.89802
G1 X103.066 Y100.382 E.90127
G1 X103.005 Y99.933 F7800
G1 F884.349
G1 X103.326 Y99.825 E.91457
G1 X104.099 Y99.504 E.94743
G1 X104.415 Y99.482 E.95987
G1 X105.218 Y99.821 E.99409
G1 X105.765 Y100.01 E1.01681
G1 X106.027 Y100.036 E1.02715
G1 X106.278 Y100.315 E1.04189
G1 X107.272 Y101.085 E1.09126
G1 X107.909 Y101.933 E1.1329
G1 X108.211 Y102.472 E1.15716
G1 X108.345 Y103.029 E1.17965
G1 X108.422 Y103.666 E1.20484
G1 X108.411 Y104.301 E1.22978
G1 X108.126 Y105.334 E1.27186
G1 X107.95 Y105.863 E1.29375
G1 X107.398 Y106.923 E1.34068
G1 X107.187 Y107.436 E1.36246
G1 X106.47 Y107.638 E1.39171
G1 X105.93 Y107.914 E1.41552
G1 X105.681 Y107.99 E1.42574
G1 X104.659 Y108.024 E1.46589
G1 X104.073 Y107.974 E1.48898
G1 X103.446 Y107.806 E1.51447
G1 X102.782 Y107.523 E1.54281
G1 X102.251 Y107.221 E1.5668
G1 X101.847 Y106.945 E1.58601
G1 X101.344 Y106.51 E1.61212
G1 X101.009 Y105.884 E1.64
G1 X100.686 Y105.428 E1.66194
G1 X100.733 Y105.04 E1.67729
G1 X100.728 Y104.163 E1.71173
G1 X100.745 Y103.625 E1.73286
G1 X100.967 Y102.541 E1.77631
G1 X101.142 Y101.999 E1.79867
G1 X102.358 Y100.577 E1.87214
G1 X102.788 Y100.005 E1.90024
G1 X102.948 Y99.952 E1.90686
G1 X102.934 Y99.587 F7800
;TYPE:External perimeter
G1 F884.349
G1 X103.127 Y99.362 E1.9185
G1 X103.669 Y99.065 E1.94277
G1 X104.254 Y99.097 E1.96577
G1 X104.852 Y99.248 E1.98999
G1 X105.538 Y99.535 E2.01919
G1 X106.254 Y99.549 E2.04731
G1 X106.596 Y100.198 E2.07611
G1 X107.18 Y100.496 E2.10185
G1 X107.783 Y100.883 E2.12998
G1 X108.104 Y101.258 E2.14936
G1 X108.406 Y101.669 E2.16939
G1 X108.553 Y102.139 E2.18873
M73 P51 R13
G1 X108.885 Y102.734 E2.21548
G1 X108.785 Y103.46 E2.24426
G1 X108.929 Y104.015 E2.26677
G1 X108.739 Y104.633 E2.29216
G1 X108.666 Y105.332 E2.31976
G1 X108.327 Y105.937 E2.34699
G1 X108.202 Y106.643 E2.37514
G1 X107.622 Y107.052 E2.40301
G1 X107.671 Y107.57 E2.42344
G1 X106.964 Y107.732 E2.45192
G1 X106.488 Y108.302 E2.48108
G1 X105.96 Y108.431 E2.50242
G1 X105.218 Y108.44 E2.53156
G1 X103.826 Y108.34 E2.58636
G1 X102.81 Y107.812 E2.63132
G1 X102.282 Y107.6 E2.65366
G1 X101.733 Y107.241 E2.67942
G1 X101.071 Y106.946 E2.70788
G1 X100.723 Y106.272 E2.73766
G1 X100.293 Y105.674 E2.76658
G1 X100.232 Y105.123 E2.78835
G1 X100.387 Y104.623 E2.8089
G1 X100.404 Y103.987 E2.83388
M73 P52 R13
G1 X100.215 Y103.446 E2.85638
G1 X100.447 Y102.843 E2.88175
G1 X100.804 Y102.291 E2.90756
G1 X100.951 Y101.708 E2.93117
G1 X101.178 Y101.27 E2.95054
G1 X101.647 Y100.942 E2.97301
G1 X102.031 Y100.527 E2.99521
G1 X102.112 Y99.992 E3.01646
G1 X102.771 Y99.777 E3.04368
G1 X102.895 Y99.633 E3.05114
G1 X103.179 Y99.351 F7800
G92 E0
G1 X101.851 Y106.165
M73 Q52 S14
;TYPE:Solid infill
;WIDTH:0.38292
G1 F1058.823
G1 X102.364 Y106.626 E.02262
;WIDTH:0.449999
G1 F884.349
G1 X102.869 Y106.753 E.04307
G1 X101.467 Y105.352 E.12089
;WIDTH:0.41646
G1 F963.754
G1 X101.354 Y105.239 E.12665
;WIDTH:0.38292
G1 F1058.823
G1 X101.365 Y105.28 E.12804
G1 X101.294 Y105.299 E.13045
G1 X101.313 Y105.228 E.13286
;WIDTH:0.449999
G1 F884.349
G1 X101.446 Y104.755 E.15215
G1 X103.875 Y107.183 E.287
G1 X103.956 Y107.283 E.29205
;WIDTH:0.41646
G1 F963.754
G1 X104.037 Y107.383 E.29669
;WIDTH:0.38292
G1 F1058.823
G1 X104.369 Y107.438 E.30773
;WIDTH:0.449999
G1 F884.349
G1 X104.568 Y107.301 E.31722
G1 X101.449 Y104.182 E.49041
G1 X101.472 Y103.628 E.51218
G1 X105.138 Y107.295 E.71578
G1 X105.666 Y107.247 E.7366
M73 Q52 S13
G1 X101.569 Y103.151 E.96407
G1 X101.67 Y102.675 E.98318
G1 X106.039 Y107.045 E1.22581
G1 X106.468 Y106.898 E1.24362
G1 X101.844 Y102.274 E1.50038
G1 X102.11 Y101.964 E1.51642
G1 X106.76 Y106.614 E1.77463
G1 X106.956 Y106.234 E1.79142
G1 X102.375 Y101.654 E2.04577
G1 X102.641 Y101.343 E2.06184
G1 X107.157 Y105.86 E2.31263
G1 X107.343 Y105.47 E2.3296
G1 X102.905 Y101.031 E2.57606
G1 X103.153 Y100.704 E2.59217
G1 X107.473 Y105.024 E2.83205
G1 X107.597 Y104.573 E2.85042
G1 X103.536 Y100.511 E3.07595
G1 X103.941 Y100.341 E3.0932
G1 X107.713 Y104.113 E3.30265
G1 X107.705 Y103.529 E3.32558
G1 X104.446 Y100.27 E3.50655
G1 X104.373 Y100.149 E3.5121
;WIDTH:0.41646
G1 F963.754
G1 X104.3 Y100.028 E3.51719
;WIDTH:0.38292
G1 F1058.823
G1 X104.311 Y100.069 E3.51858
G1 X104.24 Y100.088 E3.52099
G1 X104.259 Y100.017 E3.5234
G1 X105.635 Y100.781 F7800
;WIDTH:0.601336
G1 F644.681
G1 X105.8 Y100.941 E3.53578
;WIDTH:0.649359
G1 F593.63
G1 X106.085 Y101.193 E3.55803
;WIDTH:0.697382
G1 F550.071
G1 X106.371 Y101.444 E3.58205
;WIDTH:0.745404
G1 F512.467
G1 X106.656 Y101.696 E3.60783
G1 X106.833 Y101.898 E3.62603
;WIDTH:0.709602
G1 F539.988
G1 X107.009 Y102.1 E3.64326
;WIDTH:0.673799
G1 F570.633
G1 X107.186 Y102.302 E3.6596
;LAYER_CHANGE
;Z:11.95
;HEIGHT:0.2
G92 E0
G1 Z11.95 F7800
G1 X103.037 Y100.329
;TYPE:Perimeter
;WIDTH:0.449999
G1 F884.349
G1 X104.185 Y99.85 E.04884
G1 X104.378 Y99.865 E.05644
G1 X105.269 Y100.213 E.094
G1 X105.788 Y100.306 E.1147
G1 X106.037 Y100.589 E.1295
G1 X106.753 Y101.178 E.1659
G1 X107.191 Y101.575 E.18911
G1 X107.587 Y102.125 E.21572
G1 X107.853 Y102.603 E.2372
G1 X107.951 Y103.008 E.25356
G1 X108.024 Y103.715 E.28147
G1 X107.996 Y104.245 E.30231
G1 X107.64 Y105.509 E.35387
G1 X107.169 Y106.408 E.39372
G1 X106.891 Y107.009 E.41972
G1 X106.277 Y107.196 E.44492
G1 X105.455 Y107.504 E.47939
G1 X104.404 Y107.554 E.5207
G1 X104.157 Y107.514 E.53052
G1 X103.71 Y107.399 E.54864
G1 X102.913 Y107.056 E.58271
G1 X102.31 Y106.713 E.60995
G1 X101.663 Y106.201 E.64235
G1 X101.107 Y105.227 E.68639
G1 X101.141 Y104.919 E.69856
G1 X101.14 Y103.803 E.74238
G1 X101.216 Y103.318 E.76166
G1 X101.369 Y102.638 E.78903
G1 X101.531 Y102.102 E.81102
G1 X102.73 Y100.713 E.88307
G1 X102.997 Y100.373 E.90004
G1 X102.855 Y99.915 F7800
G1 F884.349
G1 X103.119 Y99.845 E.91076
G1 X104.025 Y99.471 E.94925
G1 X104.396 Y99.435 E.96389
G1 X105.445 Y99.839 E1.00803
G1 X105.958 Y99.921 E1.02843
G1 X106.296 Y100.275 E1.04765
G1 X107.228 Y101.041 E1.09502
G1 X107.631 Y101.477 E1.11833
G1 X107.929 Y101.904 E1.13878
G1 X108.238 Y102.465 E1.16393
G1 X108.366 Y103.022 E1.18637
G1 X108.43 Y103.699 E1.21307
G1 X108.398 Y104.316 E1.23733
G1 X108.17 Y105.179 E1.27238
G1 X108.012 Y105.676 E1.29286
G1 X107.405 Y106.835 E1.34423
G1 X107.194 Y107.343 E1.36583
G1 X106.42 Y107.577 E1.39758
G1 X105.538 Y107.908 E1.43457
G1 X104.381 Y107.962 E1.48005
G1 X104.077 Y107.913 E1.49214
G1 X103.567 Y107.781 E1.51282
G1 X102.731 Y107.421 E1.54856
G1 X102.286 Y107.168 E1.56866
G1 X101.776 Y106.809 E1.59315
G1 X101.314 Y106.425 E1.61674
G1 X101.064 Y105.961 E1.63743
G1 X100.682 Y105.325 E1.66656
G1 X100.734 Y104.92 E1.68259
G1 X100.733 Y104.039 E1.71718
G1 X100.76 Y103.503 E1.73825
G1 X100.948 Y102.626 E1.77347
G1 X101.122 Y102.028 E1.79792
G1 X101.201 Y101.863 E1.8051
G1 X102.1 Y100.787 E1.86015
G1 X102.517 Y100.34 E1.88415
G1 X102.808 Y99.946 E1.90338
G1 X102.639 Y99.448 F7800
;TYPE:External perimeter
G1 F884.349
G1 X103.072 Y99.529 E1.92068
G1 X103.666 Y99.307 E1.94558
G1 X104.851 Y98.969 E1.99396
G1 X105.338 Y99.556 E2.02391
G1 X106.081 Y99.477 E2.05325
G1 X106.639 Y99.826 E2.07909
G1 X106.879 Y100.462 E2.10578
G1 X107.361 Y100.802 E2.12894
G1 X107.664 Y101.176 E2.14784
G1 X108.029 Y101.518 E2.16748
G1 X108.316 Y102.006 E2.18971
G1 X108.56 Y102.615 E2.21547
G1 X108.902 Y103.095 E2.23861
G1 X108.811 Y103.564 E2.25737
G1 X108.849 Y103.734 E2.26421
G1 X108.927 Y104.48 E2.29366
G1 X108.545 Y105.02 E2.31963
G1 X108.447 Y105.476 E2.33794
G1 X108.221 Y105.955 E2.35874
G1 X107.875 Y106.566 E2.38631
G1 X107.493 Y107.167 E2.41427
G1 X107.555 Y107.752 E2.43737
G1 X106.362 Y108.179 E2.48712
G1 X105.699 Y108.279 E2.51345
G1 X105.173 Y108.284 E2.5341
G1 X104.565 Y108.402 E2.55842
G1 X103.915 Y108.085 E2.58682
G1 X103.217 Y108.221 E2.61474
G1 X102.682 Y107.716 E2.64363
G1 X102.138 Y107.437 E2.66764
G1 X101.63 Y107.342 E2.68793
G1 X101.29 Y106.826 E2.71219
G1 X100.775 Y106.622 E2.73394
G1 X100.74 Y105.959 E2.76001
G1 X100.46 Y105.541 E2.77976
G1 X100.408 Y105.081 E2.79794
G1 X100.404 Y104.596 E2.81698
G1 X100.143 Y104.056 E2.84053
G1 X100.19 Y103.533 E2.86115
G1 X100.428 Y102.808 E2.89111
G1 X100.493 Y102.071 E2.92016
G1 X101.113 Y101.599 E2.95076
G1 X101.359 Y100.962 E2.97757
G1 X101.732 Y100.471 E3.00178
G1 X102.322 Y100.131 E3.02852
G1 X102.519 Y99.425 E3.0573
G1 X102.58 Y99.437 E3.05974
G1 X102.973 Y99.511 F7800
G1 X103.183 Y100.464
;TYPE:Solid infill
;WIDTH:0.38292
G1 F1058.823
G1 X102.314 Y101.403 E3.1017
G1 X101.788 Y102.288 F7800
;WIDTH:0.449999
G1 F884.349
G1 X103.707 Y100.369 E3.20826
G1 X103.789 Y100.262 E3.21355
;WIDTH:0.41646
G1 F963.754
G1 X103.871 Y100.155 E3.21841
;WIDTH:0.38292
G1 F1058.823
G1 X104.26 Y100.035 E3.23176
;WIDTH:0.449999
G1 F884.349
G1 X104.433 Y100.219 E3.24168
G1 X101.581 Y103.071 E3.40005
G1 X101.518 Y103.01 E3.40349
;WIDTH:0.41646
G1 F963.754
G1 X101.455 Y102.95 E3.40662
;WIDTH:0.38292
G1 F1058.823
G1 X101.585 Y102.448 E3.42363
G1 X101.449 Y103.779 F7800
;WIDTH:0.449999
G1 F884.349
G1 X104.849 Y100.379 E3.61243
G1 X105.28 Y100.524 E3.63029
G1 X101.445 Y104.358 E3.84321
G1 X101.299 Y105.219 F7800
;WIDTH:0.38292
G1 F1058.823
G1 X101.258 Y105.23 E3.8446
G1 X101.239 Y105.159 E3.84701
G1 X101.31 Y105.178 E3.84942
;WIDTH:0.41646
G1 F963.754
G1 X101.378 Y105.056 E3.85445
;WIDTH:0.449999
G1 F884.349
G1 X101.445 Y104.934 E3.85992
G1 X105.702 Y100.677 E4.0963
G1 X106.001 Y100.954 E4.1123
G1 X101.558 Y105.397 E4.35901
G1 X101.764 Y105.766 E4.3756
G1 X106.317 Y101.214 E4.62839
G1 X106.632 Y101.474 E4.64443
G1 X102.015 Y106.091 E4.9008
G1 X102.337 Y106.345 E4.9169
G1 X106.932 Y101.749 E5.17208
G1 X107.188 Y102.069 E5.18817
G1 X102.683 Y106.574 E5.43833
G1 X103.05 Y106.783 E5.45491
G1 X107.414 Y102.419 E5.69724
G1 X107.587 Y102.821 E5.71442
G1 X103.453 Y106.956 E5.944
G1 X103.858 Y107.126 E5.96125
M73 P53 R13
G1 X107.687 Y103.297 E6.17387
G1 X107.723 Y103.837 E6.19512
M73 Q53 S13
G1 X104.328 Y107.232 E6.38364
G1 X105.414 Y107.342 F7800
;WIDTH:0.38292
G1 F1058.823
G1 X105.143 Y107.367 E6.39257
;WIDTH:0.41646
G1 F963.754
G1 X105.027 Y107.296 E6.39747
;WIDTH:0.449999
G1 F884.349
G1 X104.912 Y107.224 E6.4028
G1 X107.604 Y104.532 E6.55228
G1 X107.591 Y105.031 E6.57188
;WIDTH:0.38292
G1 F1058.823
G1 X107.52 Y105.012 E6.57429
G1 X107.539 Y105.083 E6.5767
G1 X107.58 Y105.072 E6.57809
;WIDTH:0.41646
G1 F963.754
G1 X107.481 Y105.201 E6.58395
;WIDTH:0.449999
G1 F884.349
G1 X107.382 Y105.33 E6.59033
G1 X105.581 Y107.131 E6.69034
G1 X106.675 Y106.765 F7800
;WIDTH:0.541426
G1 F722.158
G1 X106.614 Y106.782 E6.69338
G1 X106.57 Y106.738 E6.69637
G1 X106.587 Y106.677 E6.69941
G1 X106.647 Y106.661 E6.7024
G1 X106.691 Y106.705 E6.70539
;LAYER_CHANGE
;Z:12.15
;HEIGHT:0.2
G92 E0
G1 Z12.15 F7800
G1 X103.068 Y100.241
;TYPE:Perimeter
;WIDTH:0.449999
G1 F884.349
G1 X103.098 Y100.202 E.00193
G1 X103.287 Y100.146 E.00967
G1 X104.184 Y99.8 E.04742
G1 X104.367 Y99.817 E.05464
G1 X105.174 Y100.103 E.08826
G1 X105.696 Y100.215 E.10922
G1 X105.966 Y100.485 E.12421
G1 X106.954 Y101.295 E.17437
G1 X107.44 Y101.817 E.20237
G1 X107.871 Y102.574 E.23657
G1 X107.967 Y103.062 E.2561
G1 X108.034 Y103.708 E.2816
G1 X107.983 Y104.267 E.30364
G1 X107.792 Y105.042 E.33498
G1 X107.112 Y106.436 E.39588
G1 X106.884 Y106.948 E.41789
G1 X106.249 Y107.128 E.44381
G1 X105.423 Y107.406 E.47803
G1 X104.963 Y107.466 E.49624
G1 X104.323 Y107.471 E.52137
G1 X103.814 Y107.367 E.54177
G1 X102.862 Y106.954 E.58252
G1 X102.352 Y106.664 E.60556
G1 X101.684 Y106.137 E.63897
G1 X101.41 Y105.709 E.65892
G1 X101.135 Y105.21 E.68129
G1 X101.16 Y103.619 E.74377
G1 X101.261 Y103.051 E.76642
G1 X101.378 Y102.559 E.78628
G1 X101.538 Y102.069 E.80652
G1 X102.2 Y101.189 E.84976
G1 X102.767 Y100.629 E.88105
G1 X103.031 Y100.288 E.89798
G1 X102.856 Y99.845 F7800
G1 F884.349
G1 X103.14 Y99.766 E.90955
G1 X103.987 Y99.439 E.9452
G1 X104.246 Y99.39 E.95555
G1 X104.508 Y99.435 E.96599
G1 X105.259 Y99.705 E.99733
G1 X105.86 Y99.834 E1.02147
G1 X106.224 Y100.17 E1.04092
G1 X107.233 Y100.997 E1.09214
G1 X107.765 Y101.568 E1.12278
G1 X107.929 Y101.833 E1.13502
G1 X108.26 Y102.447 E1.16241
G1 X108.366 Y102.983 E1.18386
G1 X108.441 Y103.721 E1.21299
G1 X108.385 Y104.334 E1.23716
G1 X108.177 Y105.18 E1.27137
G1 X107.477 Y106.616 E1.3341
G1 X107.193 Y107.266 E1.36195
G1 X107.034 Y107.328 E1.36865
G1 X106.379 Y107.514 E1.39539
G1 X105.515 Y107.805 E1.43119
G1 X104.991 Y107.873 E1.45194
G1 X104.294 Y107.878 E1.47931
G1 X103.671 Y107.749 E1.50429
G1 X102.68 Y107.319 E1.54671
G1 X102.124 Y107.003 E1.57182
G1 X101.701 Y106.669 E1.59298
G1 X101.257 Y106.273 E1.61634
G1 X100.693 Y105.212 E1.66352
G1 X100.736 Y104.8 E1.67978
G1 X100.755 Y103.58 E1.72769
G1 X100.864 Y102.965 E1.75221
G1 X100.989 Y102.439 E1.77344
G1 X101.218 Y101.801 E1.80006
G1 X101.886 Y100.926 E1.84328
G1 X102.543 Y100.268 E1.87979
G1 X102.821 Y99.893 E1.89812
G1 X102.74 Y99.616 F7800
;TYPE:External perimeter
G1 F884.349
G1 X103.118 Y99.514 E1.91349
G1 X103.557 Y99.272 E1.93317
G1 X104.208 Y98.984 E1.96112
G1 X104.603 Y99.218 E1.97915
G1 X105.863 Y99.273 E2.02867
G1 X106.392 Y99.663 E2.05448
G1 X106.843 Y100.22 E2.08262
G1 X107.378 Y100.496 E2.10626
G1 X107.823 Y100.964 E2.13162
G1 X108.226 Y101.27 E2.15149
G1 X108.623 Y102.314 E2.19535
G1 X108.605 Y103.033 E2.22359
G1 X109.022 Y103.531 E2.24909
G1 X108.89 Y104.111 E2.27245
G1 X108.737 Y104.593 E2.29231
G1 X108.463 Y105.272 E2.32106
G1 X108.188 Y105.745 E2.34254
G1 X107.842 Y107.099 E2.39741
G1 X107.526 Y107.543 E2.41881
G1 X106.973 Y107.933 E2.44538
G1 X106.417 Y107.907 E2.46723
G1 X105.964 Y108.206 E2.48854
G1 X105.399 Y108.042 E2.51164
G1 X104.842 Y108.243 E2.53489
G1 X104.385 Y108.114 E2.55354
G1 X103.736 Y108.201 E2.57925
G1 X103.14 Y108.095 E2.60302
G1 X102.654 Y107.813 E2.62508
G1 X102.117 Y107.266 E2.65518
G1 X101.432 Y107.068 E2.68318
G1 X101.092 Y106.423 E2.71181
G1 X100.817 Y105.968 E2.73268
G1 X100.359 Y105.53 E2.75756
G1 X100.4 Y104.827 E2.78521
G1 X100.463 Y104.349 E2.80414
G1 X100.32 Y103.736 E2.82886
G1 X100.421 Y103.048 E2.85616
G1 X100.685 Y102.447 E2.88193
G1 X100.819 Y101.956 E2.90191
G1 X101.141 Y101.56 E2.92195
G1 X101.428 Y101.065 E2.94442
G1 X101.855 Y100.566 E2.97021
G1 X102.013 Y99.986 E2.99381
G1 X102.439 Y99.697 E3.01402
G1 X102.682 Y99.632 E3.0239
G1 X103.068 Y99.526 F7800
G92 E0
G1 X101.831 Y105.994
;TYPE:Solid infill
;WIDTH:0.38292
G1 F1058.823
G1 X102.437 Y106.534 E.02662
;WIDTH:0.449999
G1 F884.349
G1 X103.2 Y106.784 E.05815
;WIDTH:0.38292
G1 F1058.823
G1 X103.211 Y106.825 E.05954
G1 X103.139 Y106.844 E.06198
G1 X103.159 Y106.773 E.0644
;WIDTH:0.41646
G1 F963.754
G1 X103.02 Y106.694 E.07016
;WIDTH:0.449999
G1 F884.349
G1 X102.882 Y106.614 E.07642
G1 X101.492 Y105.225 E.15358
G1 X101.284 Y105.057 E.16408
;WIDTH:0.38292
G1 F1058.823
G1 X101.285 Y104.908 E.16897
;WIDTH:0.41646
G1 F963.754
G1 X101.367 Y104.757 E.17516
;WIDTH:0.449999
G1 F884.349
G1 X101.449 Y104.605 E.18194
G1 X103.904 Y107.06 E.31826
G1 X104.067 Y107.264 E.32851
;WIDTH:0.38292
G1 F1058.823
G1 X104.455 Y107.317 E.34135
;WIDTH:0.41646
G1 F963.754
G1 X104.518 Y107.24 E.34493
;WIDTH:0.449999
G1 F884.349
G1 X104.582 Y107.163 E.34886
G1 X101.45 Y104.031 E.52278
G1 X101.48 Y103.485 E.54425
G1 X105.131 Y107.136 E.74698
G1 X105.596 Y107.026 E.76574
G1 X101.582 Y103.012 E.98863
G1 X101.703 Y102.556 E1.00715
G1 X106.027 Y106.881 E1.24728
G1 X106.47 Y106.748 E1.26544
G1 X101.859 Y102.137 E1.52148
G1 X102.108 Y101.811 E1.53759
G1 X106.768 Y106.47 E1.79632
G1 X106.955 Y106.081 E1.81327
G1 X102.358 Y101.485 E2.06851
G1 X102.636 Y101.187 E2.08451
G1 X107.141 Y105.692 E2.33467
G1 X107.328 Y105.303 E2.35162
G1 X102.925 Y100.901 E2.59608
G1 X103.188 Y100.588 E2.61213
G1 X107.51 Y104.91 E2.85212
G1 X107.624 Y104.448 E2.8708
G1 X103.543 Y100.367 E3.09741
G1 X103.962 Y100.21 E3.11498
G1 X107.705 Y103.953 E3.32282
G1 X107.719 Y103.392 E3.34485
G1 X104.529 Y100.201 E3.52201
G1 X105.516 Y100.541 F7800
;WIDTH:0.55562
G1 F702.165
G1 X105.742 Y100.765 E3.53775
;WIDTH:0.596616
G1 F650.177
G1 X106.05 Y101.043 E3.55991
;WIDTH:0.637611
G1 F605.357
G1 X106.358 Y101.322 E3.58375
;WIDTH:0.678606
G1 F566.317
G1 X106.666 Y101.601 E3.60923
G1 X107.114 Y102.066 E3.64882
;LAYER_CHANGE
;Z:12.35
;HEIGHT:0.200001
G92 E0
G1 Z12.35 F7800
G1 X103.236 Y100.086
;TYPE:Perimeter
;WIDTH:0.449999
G1 F884.349
G1 X104.211 Y99.751 E.04048
G1 X104.378 Y99.767 E.04707
G1 X105.126 Y100.02 E.07807
G1 X105.63 Y100.133 E.09835
G1 X106.983 Y101.263 E.16757
G1 X107.436 Y101.731 E.19314
G1 X107.895 Y102.559 E.23031
G1 X107.986 Y103.056 E.25015
G1 X108.038 Y103.606 E.27184
G1 X108.01 Y104.092 E.29095
G1 X107.923 Y104.611 E.31161
G1 X107.265 Y106.088 E.3751
G1 X106.831 Y106.892 E.41097
G1 X105.664 Y107.243 E.45882
G1 X105.061 Y107.361 E.48295
G1 X104.431 Y107.389 E.50771
G1 X103.883 Y107.318 E.52941
G1 X102.983 Y106.945 E.56766
G1 X102.391 Y106.614 E.59429
G1 X101.928 Y106.248 E.61746
G1 X101.616 Y105.955 E.63427
G1 X101.365 Y105.562 E.65258
G1 X101.121 Y105.038 E.67528
G1 X101.173 Y103.509 E.73535
G1 X101.263 Y102.988 E.75611
G1 X101.387 Y102.484 E.77649
G1 X101.565 Y101.98 E.79748
G1 X101.98 Y101.412 E.8251
G1 X102.818 Y100.53 E.87287
G1 X103.123 Y100.125 E.89278
G1 X103.179 Y100.106 E.8951
G1 X103.13 Y99.697 F7800
G1 F884.349
G1 X103.172 Y99.685 E.89682
G1 X104.029 Y99.384 E.93248
G1 X104.382 Y99.338 E.94646
G1 X105.022 Y99.555 E.97299
G1 X105.717 Y99.735 E1.00118
G1 X105.865 Y99.799 E1.00751
G1 X107.261 Y100.965 E1.07893
G1 X107.761 Y101.481 E1.10714
G1 X107.955 Y101.803 E1.1219
G1 X108.286 Y102.436 E1.14995
G1 X108.443 Y103.291 E1.18408
G1 X108.445 Y103.613 E1.19672
G1 X108.415 Y104.129 E1.21701
G1 X108.316 Y104.721 E1.24058
G1 X107.624 Y106.279 E1.30752
G1 X107.172 Y107.191 E1.34749
G1 X106.969 Y107.276 E1.35613
G1 X105.544 Y107.704 E1.41455
G1 X104.872 Y107.799 E1.4412
G1 X104.218 Y107.794 E1.46688
G1 X103.766 Y107.711 E1.48492
G1 X102.805 Y107.312 E1.52578
G1 X102.164 Y106.953 E1.55463
G1 X101.444 Y106.385 E1.59064
G1 X101.177 Y106.062 E1.60709
G1 X100.919 Y105.596 E1.628
G1 X100.707 Y105.108 E1.64889
G1 X100.738 Y104.689 E1.66539
G1 X100.768 Y103.47 E1.71327
G1 X100.865 Y102.902 E1.7359
G1 X100.999 Y102.359 E1.75786
G1 X101.21 Y101.776 E1.7822
G1 X101.668 Y101.15 E1.81266
G1 X102.493 Y100.285 E1.85959
G1 X102.882 Y99.768 E1.88499
G1 X103.072 Y99.714 E1.89275
G1 X103.036 Y99.356 F7800
;TYPE:External perimeter
G1 F884.349
G1 X103.694 Y99.194 E1.91936
G1 X104.125 Y98.771 E1.94307
G1 X104.676 Y99.093 E1.96813
G1 X105.374 Y99.095 E1.99554
G1 X105.96 Y99.355 E2.02071
G1 X106.258 Y99.81 E2.04207
G1 X106.881 Y100.029 E2.068
G1 X107.237 Y100.623 E2.09519
G1 X107.703 Y100.796 E2.11471
G1 X108.111 Y101.241 E2.13842
G1 X108.263 Y101.754 E2.15943
M73 P54 R13
G1 X108.555 Y102.229 E2.18132
G1 X108.568 Y102.75 E2.20178
G1 X108.702 Y103.427 E2.22888
G1 X108.67 Y103.693 E2.2394
G1 X108.929 Y104.367 E2.26775
G1 X108.665 Y104.871 E2.29009
G1 X108.392 Y105.502 E2.31709
G1 X108.323 Y105.978 E2.33598
G1 X107.837 Y106.486 E2.36358
G1 X107.692 Y107.207 E2.39246
G1 X107.182 Y107.434 E2.41438
M73 Q54 S13
G1 X106.699 Y107.943 E2.44193
G1 X106.161 Y108.112 E2.46407
G1 X105.439 Y108.279 E2.49317
G1 X103.99 Y108.236 E2.55009
G1 X103.56 Y107.936 E2.57068
G1 X103.146 Y107.694 E2.58951
G1 X102.363 Y107.66 E2.62028
G1 X101.96 Y107.189 E2.64462
G1 X101.486 Y106.695 E2.6715
G1 X100.808 Y106.373 E2.70097
G1 X100.617 Y105.916 E2.72042
G1 X100.403 Y105.506 E2.73858
G1 X100.246 Y104.809 E2.76663
G1 X100.499 Y104.239 E2.79112
G1 X100.459 Y103.592 E2.81657
G1 X100.457 Y103.078 E2.83675
G1 X100.558 Y102.54 E2.85824
G1 X100.749 Y101.948 E2.88266
G1 X100.829 Y101.409 E2.90406
G1 X101.134 Y100.991 E2.92438
G1 X101.614 Y100.674 E2.94697
G1 X102.464 Y99.625 E2.99998
G1 X102.973 Y99.372 E3.0223
G1 X102.978 Y99.371 E3.0225
G1 X103.367 Y99.275 F7800
G1 X103.248 Y100.294
;TYPE:Solid infill
;WIDTH:0.38292
G1 F1058.823
G1 X102.867 Y100.727 E3.04141
G1 X102.099 Y101.511 E3.0774
;WIDTH:0.449999
G1 F884.349
G1 X101.83 Y102.141 E3.1043
G1 X103.736 Y100.236 E3.21011
G1 X103.817 Y100.132 E3.21529
;WIDTH:0.41646
G1 F963.754
G1 X103.899 Y100.028 E3.22006
;WIDTH:0.38292
G1 F1058.823
G1 X104.24 Y99.935 E3.23165
;WIDTH:0.449999
G1 F884.349
G1 X104.438 Y100.109 E3.242
G1 X101.58 Y102.967 E3.4007
G1 X101.465 Y103.658 E3.4282
G1 X104.869 Y100.254 E3.61722
G1 X105.32 Y100.378 E3.63559
G1 X101.453 Y104.245 E3.85032
G1 X101.441 Y104.833 E3.87341
G1 X105.692 Y100.582 E4.10946
G1 X106.006 Y100.844 E4.12552
G1 X101.562 Y105.288 E4.37229
G1 X101.767 Y105.658 E4.3889
G1 X106.319 Y101.106 E4.64167
G1 X106.633 Y101.368 E4.65773
G1 X102.048 Y105.954 E4.91236
G1 X102.369 Y106.208 E4.92843
G1 X106.93 Y101.647 E5.1817
G1 X107.208 Y101.945 E5.1977
G1 X102.71 Y106.443 E5.44747
G1 X103.079 Y106.649 E5.46406
G1 X107.425 Y102.304 E5.70536
G1 X107.609 Y102.695 E5.72233
G1 X103.482 Y106.822 E5.9515
G1 X103.889 Y106.99 E5.96879
G1 X107.699 Y103.181 E6.18033
G1 X107.733 Y103.722 E6.20161
G1 X104.372 Y107.083 E6.38824
G1 X104.965 Y107.066 E6.41153
G1 X107.658 Y104.373 E6.56107
G1 X107.504 Y105.05 E6.58833
;WIDTH:0.38292
G1 F1058.823
G1 X107.433 Y105.031 E6.59074
G1 X107.452 Y105.102 E6.59315
G1 X107.493 Y105.091 E6.59454
;WIDTH:0.41646
G1 F963.754
G1 X107.375 Y105.22 E6.60084
;WIDTH:0.449999
G1 F884.349
G1 X105.691 Y106.916 E6.69468
G1 X106.662 Y106.646 F7800
;WIDTH:0.510804
G1 F769.422
G1 X106.606 Y106.661 E6.6973
G1 X106.564 Y106.62 E6.69995
G1 X106.58 Y106.563 E6.70262
G1 X106.636 Y106.548 E6.70524
G1 X106.677 Y106.59 E6.70789
;LAYER_CHANGE
;Z:12.55
;HEIGHT:0.2
G92 E0
G1 Z12.55 F7800
G1 X103.289 Y99.992
;TYPE:Perimeter
;WIDTH:0.449999
G1 F884.349
G1 X104.11 Y99.729 E.03385
G1 X104.333 Y99.699 E.04268
G1 X104.938 Y99.889 E.06758
G1 X105.45 Y100.004 E.08818
G1 X106.501 Y100.8 E.13995
G1 X107.343 Y101.538 E.18391
G1 X107.626 Y101.975 E.20435
G1 X107.919 Y102.542 E.22941
G1 X108.003 Y103.036 E.24909
G1 X108.054 Y103.729 E.27637
G1 X108.007 Y104.288 E.2984
G1 X107.235 Y106.07 E.37465
G1 X106.864 Y106.806 E.40701
G1 X105.642 Y107.182 E.45721
G1 X105.11 Y107.298 E.47859
G1 X104.274 Y107.329 E.51144
G1 X103.872 Y107.249 E.52753
G1 X103.167 Y106.971 E.55729
G1 X102.427 Y106.561 E.59051
G1 X101.74 Y106.028 E.62465
G1 X101.446 Y105.637 E.64386
G1 X101.119 Y104.93 E.67445
G1 X101.15 Y104.654 E.68536
G1 X101.157 Y103.837 E.71744
G1 X101.207 Y103.191 E.74288
G1 X101.321 Y102.667 E.76394
G1 X101.462 Y102.172 E.78415
G1 X101.714 Y101.74 E.80379
G1 X102.449 Y100.87 E.84851
G1 X102.84 Y100.454 E.87093
G1 X103.159 Y100.033 E.89167
G1 X103.232 Y100.01 E.89468
G1 X103.19 Y99.597 F7800
G1 F884.349
G1 X103.98 Y99.343 E.92726
G1 X104.385 Y99.289 E.9433
G1 X105.114 Y99.515 E.97327
G1 X105.625 Y99.625 E.99379
G1 X106.854 Y100.557 E1.05435
G1 X107.646 Y101.265 E1.09606
G1 X107.977 Y101.769 E1.11974
G1 X108.311 Y102.424 E1.14861
G1 X108.411 Y103.01 E1.17195
G1 X108.462 Y103.813 E1.20354
G1 X108.403 Y104.39 E1.22631
G1 X108.32 Y104.612 E1.23562
G1 X107.594 Y106.262 E1.3064
G1 X107.193 Y107.081 E1.34221
G1 X106.929 Y107.221 E1.35394
G1 X105.759 Y107.572 E1.4019
G1 X105.156 Y107.704 E1.42614
G1 X104.241 Y107.738 E1.46209
G1 X103.757 Y107.641 E1.48147
G1 X102.993 Y107.34 E1.51371
G1 X102.202 Y106.902 E1.54921
G1 X101.447 Y106.316 E1.58674
G1 X101.095 Y105.847 E1.60976
G1 X100.721 Y105.039 E1.64472
G1 X100.743 Y104.651 E1.65998
G1 X100.751 Y103.659 E1.69893
G1 X100.804 Y103.128 E1.71988
G1 X100.95 Y102.457 E1.74684
G1 X101.113 Y101.952 E1.76768
G1 X101.379 Y101.509 E1.78797
G1 X101.785 Y101.011 E1.8132
G1 X102.516 Y100.207 E1.85587
G1 X102.912 Y99.686 E1.88157
G1 X103.133 Y99.615 E1.89068
G1 X103.061 Y99.078 F7800
;TYPE:External perimeter
G1 F884.349
G1 X103.564 Y98.91 E1.9115
G1 X104.29 Y98.995 E1.9402
G1 X104.826 Y99.017 E1.96126
G1 X105.425 Y99.097 E1.98499
G1 X106.618 Y99.843 E2.04024
G1 X107.236 Y100.173 E2.06775
G1 X107.626 Y100.433 E2.08615
G1 X108.017 Y100.956 E2.11179
G1 X108.24 Y101.393 E2.13105
G1 X108.737 Y101.933 E2.15987
G1 X108.742 Y102.458 E2.18048
G1 X108.651 Y103.144 E2.20765
G1 X108.768 Y103.679 E2.22915
G1 X108.915 Y104.544 E2.2636
G1 X108.493 Y105.151 E2.29263
G1 X108.287 Y105.839 E2.32083
G1 X108.158 Y106.481 E2.34654
G1 X107.866 Y106.883 E2.36605
G1 X107.479 Y107.315 E2.38882
G1 X106.991 Y107.788 E2.4155
G1 X106.555 Y107.949 E2.43375
G1 X105.878 Y107.951 E2.46033
G1 X105.25 Y108.109 E2.48576
G1 X104.635 Y108.057 E2.50999
G1 X104.212 Y107.947 E2.52715
G1 X103.654 Y108.051 E2.54944
G1 X103.015 Y107.918 E2.57507
G1 X101.897 Y107.324 E2.62478
G1 X101.627 Y106.783 E2.64852
G1 X101.294 Y106.485 E2.66607
G1 X100.894 Y105.993 E2.69097
G1 X100.43 Y105.68 E2.71295
G1 X100.161 Y104.953 E2.74339
G1 X100.31 Y104.426 E2.76489
G1 X100.279 Y103.841 E2.78789
G1 X100.547 Y103.316 E2.81103
G1 X100.4 Y102.757 E2.83373
G1 X100.538 Y102.168 E2.85748
G1 X100.87 Y101.584 E2.88386
G1 X101.17 Y101.108 E2.90595
G1 X101.598 Y100.606 E2.93185
G1 X102.103 Y100.202 E2.95724
G1 X102.912 Y99.128 E3.01004
G1 X103.004 Y99.097 E3.01385
G1 X103.384 Y98.97 F7800
G92 E0
G1 X101.596 Y105.55
;TYPE:Solid infill
;WIDTH:0.38292
G1 F1058.823
G1 X101.886 Y105.884 E.01451
G1 X102.496 Y106.422 E.04118
;WIDTH:0.449999
G1 F884.349
G1 X103.233 Y106.669 E.0717
;WIDTH:0.38292
G1 F1058.823
G1 X103.244 Y106.71 E.07309
G1 X103.173 Y106.729 E.0755
G1 X103.192 Y106.658 E.07791
;WIDTH:0.41646
G1 F963.754
G1 X103.054 Y106.571 E.08379
;WIDTH:0.449999
G1 F884.349
G1 X102.915 Y106.483 E.09025
G1 X101.535 Y105.102 E.16691
G1 X101.305 Y104.902 E.17888
;WIDTH:0.38292
G1 F1058.823
G1 X101.287 Y104.512 E.19168
;WIDTH:0.41646
G1 F963.754
G1 X101.372 Y104.48 E.19495
;WIDTH:0.449999
G1 F884.349
G1 X101.457 Y104.449 E.1985
G1 X103.965 Y106.956 E.33774
G1 X104.596 Y107.012 E.36261
G1 X101.462 Y103.877 E.53666
G1 X101.499 Y103.339 E.55783
G1 X105.141 Y106.981 E.76006
G1 X105.609 Y106.873 E.77892
G1 X101.592 Y102.856 E1.00198
G1 X101.718 Y102.407 E1.02029
G1 X106.052 Y106.74 E1.26092
G1 X106.495 Y106.608 E1.27907
G1 X101.898 Y102.011 E1.53433
G1 X102.146 Y101.684 E1.55044
G1 X106.77 Y106.307 E1.80718
G1 X106.966 Y105.928 E1.82393
G1 X102.412 Y101.374 E2.07681
G1 X102.682 Y101.068 E2.09283
G1 X107.144 Y105.53 E2.3406
G1 X107.317 Y105.127 E2.35782
M73 P55 R13
G1 X102.963 Y100.773 E2.59959
G1 X103.221 Y100.455 E2.61567
M73 Q55 S13
G1 X107.494 Y104.729 E2.85297
G1 X107.667 Y104.326 E2.87019
G1 X103.573 Y100.232 E3.09752
G1 X104.004 Y100.087 E3.11538
G1 X107.749 Y103.833 E3.32336
G1 X107.727 Y103.235 E3.34686
G1 X104.592 Y100.1 E3.52094
G1 X105.325 Y100.275 E3.55053
;WIDTH:0.470119
G1 F842.7
G1 X105.582 Y100.499 E3.56458
;WIDTH:0.516851
G1 F759.604
G1 X105.839 Y100.723 E3.58016
;WIDTH:0.563584
G1 F691.425
G1 X106.096 Y100.947 E3.59728
;WIDTH:0.610316
G1 F634.478
G1 X106.353 Y101.172 E3.61597
;WIDTH:0.64533
G1 F597.6
G1 X106.746 Y101.539 E3.64721
G1 X106.806 Y101.564 E3.65099
;WIDTH:0.602556
G1 F643.276
G1 X106.867 Y101.59 E3.65457
;WIDTH:0.559781
G1 F696.513
G1 X106.928 Y101.615 E3.65786
;WIDTH:0.517006
G1 F759.357
G1 X106.989 Y101.64 E3.66087
;WIDTH:0.474231
G1 F834.665
G1 X107.05 Y101.665 E3.66361
;WIDTH:0.431456
G1 F926.555
G1 X107.111 Y101.69 E3.66608
;WIDTH:0.388681
G1 F1041.182
G1 X107.209 Y101.773 E3.67036
;WIDTH:0.352791
G1 F1161.774
G1 X107.564 Y102.377 E3.6913
G1 X107.682 Y102.683 E3.7011
G1 X106.974 Y101.975 E3.73103
;WIDTH:0.395668
G1 F1020.561
G1 X106.941 Y101.911 E3.73348
;WIDTH:0.438544
G1 F909.956
G1 X106.907 Y101.847 E3.73625
;WIDTH:0.48142
G1 F820.981
G1 X106.874 Y101.783 E3.7393
;WIDTH:0.524296
G1 F747.856
G1 X106.84 Y101.719 E3.74266
;LAYER_CHANGE
;Z:12.75
;HEIGHT:0.2
G92 E0
G1 Z12.75 F7800
G1 X103.383 Y99.898
;TYPE:Perimeter
;WIDTH:0.449999
G1 F884.349
G1 X104.178 Y99.649 E.03271
G1 X104.488 Y99.694 E.04501
G1 X105.339 Y99.887 E.07927
G1 X106.477 Y100.714 E.13451
G1 X107.398 Y101.507 E.18223
G1 X107.686 Y101.992 E.20438
G1 X107.934 Y102.512 E.227
G1 X108.001 Y102.918 E.24316
G1 X108.097 Y103.809 E.27835
G1 X108.011 Y104.168 E.29284
G1 X107.719 Y104.911 E.32419
G1 X107.209 Y106.044 E.37298
G1 X106.859 Y106.717 E.40276
G1 X106.712 Y106.795 E.40929
G1 X105.645 Y107.113 E.45301
G1 X105.086 Y107.245 E.47556
G1 X104.31 Y107.275 E.50605
G1 X103.723 Y107.13 E.52979
G1 X103.237 Y106.935 E.55035
G1 X102.463 Y106.51 E.58502
G1 X101.723 Y105.947 E.62153
G1 X101.451 Y105.571 E.63975
G1 X101.133 Y104.857 E.67044
G1 X101.156 Y104.614 E.68002
G1 X101.183 Y103.453 E.72562
G1 X101.26 Y102.91 E.74715
G1 X101.384 Y102.415 E.76719
G1 X101.578 Y101.923 E.78796
G1 X102.181 Y101.121 E.82736
G1 X102.766 Y100.47 E.86173
G1 X103.181 Y99.961 E.88752
G1 X103.326 Y99.916 E.89348
G1 X103.279 Y99.505 F7800
G1 F884.349
G1 X103.307 Y99.499 E.8946
G1 X103.993 Y99.28 E.92287
G1 X104.372 Y99.236 E.93785
G1 X105.508 Y99.508 E.98372
G1 X106.719 Y100.385 E1.04243
G1 X107.253 Y100.834 E1.06982
G1 X107.727 Y101.264 E1.09495
G1 X108.118 Y101.923 E1.12504
G1 X108.327 Y102.394 E1.14527
G1 X108.412 Y102.909 E1.16576
G1 X108.506 Y103.846 E1.20274
G1 X108.4 Y104.29 E1.22066
G1 X108.094 Y105.068 E1.25349
G1 X107.568 Y106.237 E1.30382
G1 X107.178 Y107.009 E1.33778
G1 X106.867 Y107.174 E1.3516
G1 X105.651 Y107.536 E1.40142
G1 X105.138 Y107.65 E1.42205
G1 X104.276 Y107.684 E1.45592
G1 X103.584 Y107.512 E1.48392
G1 X103.058 Y107.301 E1.50617
G1 X102.241 Y106.852 E1.54277
G1 X101.429 Y106.234 E1.58284
G1 X101.097 Y105.776 E1.60505
G1 X100.718 Y104.925 E1.64163
G1 X100.749 Y104.61 E1.65406
G1 X100.755 Y103.797 E1.68598
G1 X100.797 Y103.23 E1.7083
G1 X100.908 Y102.615 E1.73284
G1 X101.089 Y102.012 E1.75756
G1 X101.236 Y101.701 E1.77107
G1 X101.777 Y100.982 E1.8064
G1 X102.649 Y99.988 E1.85832
G1 X102.962 Y99.578 E1.87857
G1 X103.22 Y99.519 E1.88896
G1 X103.138 Y98.977 F7800
;TYPE:External perimeter
G1 F884.349
G1 X104.101 Y98.731 E1.92799
G1 X104.771 Y99.069 E1.95746
G1 X106.647 Y99.588 E2.03389
G1 X107.018 Y100.149 E2.0603
G1 X107.529 Y100.528 E2.08528
G1 X108.378 Y101.549 E2.13742
G1 X108.746 Y101.911 E2.15769
M73 P55 R12
G1 X108.832 Y102.586 E2.18441
G1 X108.928 Y103.083 E2.20429
G1 X108.764 Y103.845 E2.23489
G1 X109.071 Y103.938 E2.24749
G1 X108.955 Y104.418 E2.26688
G1 X108.597 Y104.812 E2.28778
G1 X108.498 Y105.289 E2.30691
G1 X108.157 Y105.802 E2.3311
G1 X108.11 Y106.418 E2.35536
G1 X107.666 Y106.779 E2.37783
G1 X107.365 Y107.215 E2.39863
G1 X107.028 Y107.575 E2.41799
G1 X106.445 Y107.615 E2.44094
G1 X105.906 Y107.94 E2.46565
G1 X105.375 Y108.051 E2.48695
G1 X104.735 Y107.931 E2.51252
G1 X104.095 Y108.072 E2.53825
G1 X103.409 Y107.969 E2.56549
G1 X102.82 Y107.485 E2.59542
G1 X102.244 Y107.169 E2.62122
G1 X101.699 Y106.753 E2.64814
G1 X101.061 Y106.525 E2.67474
G1 X100.752 Y105.933 E2.70096
G1 X100.631 Y105.435 E2.72108
G1 X100.425 Y104.141 E2.77253
G1 X100.356 Y103.452 E2.79972
G1 X100.31 Y102.715 E2.82871
G1 X100.493 Y102.207 E2.84991
G1 X100.884 Y101.821 E2.87148
G1 X101.361 Y100.69 E2.91968
G1 X101.749 Y100.18 E2.94484
G1 X102.423 Y99.92 E2.97321
G1 X102.639 Y99.495 E2.99193
G1 X103.052 Y98.999 E3.01727
G1 X103.08 Y98.992 E3.0184
G1 X103.468 Y98.893 F7800
G1 X103.316 Y100.117
;TYPE:Solid infill
;WIDTH:0.38292
G1 F1058.823
G1 X102.415 Y101.088 E3.06184
G1 X101.813 Y102.156 F7800
;WIDTH:0.384038
G1 F1055.353
G1 X101.772 Y102.167 E3.06324
G1 X101.753 Y102.096 E3.06566
G1 X101.824 Y102.115 E3.06808
;WIDTH:0.417019
G1 F962.313
G1 X101.924 Y101.977 E3.07423
;WIDTH:0.449999
G1 F884.349
G1 X102.024 Y101.838 E3.08095
G1 X103.76 Y100.102 E3.17735
G1 X103.924 Y99.897 E3.18766
;WIDTH:0.38292
G1 F1058.823
G1 X104.205 Y99.83 E3.19713
;WIDTH:0.41646
G1 F963.754
G1 X104.325 Y99.911 E3.20235
;WIDTH:0.449999
G1 F884.349
G1 X104.445 Y99.993 E3.20806
G1 X101.585 Y102.853 E3.36687
G1 X101.482 Y103.532 E3.39384
G1 X104.912 Y100.101 E3.58433
G1 X105.329 Y100.26 E3.60185
M73 Q55 S12
G1 X101.465 Y104.124 E3.81641
G1 X101.454 Y104.711 E3.83946
G1 X105.658 Y100.507 E4.0729
G1 X105.987 Y100.754 E4.08905
G1 X101.596 Y105.145 E4.33288
G1 X101.793 Y105.523 E4.34962
G1 X106.329 Y100.988 E4.60147
G1 X106.642 Y101.251 E4.61752
G1 X102.067 Y105.825 E4.87154
G1 X102.394 Y106.074 E4.88768
G1 X106.955 Y101.513 E5.14095
G1 X107.227 Y101.817 E5.15697
G1 X102.734 Y106.31 E5.40646
G1 X103.105 Y106.514 E5.42308
G1 X107.441 Y102.178 E5.66385
G1 X107.626 Y102.569 E5.68083
G1 X103.489 Y106.706 E5.91055
G1 X103.903 Y106.868 E5.92801
G1 X107.715 Y103.056 E6.13968
G1 X107.777 Y103.569 E6.15997
G1 X104.379 Y106.967 E6.34866
G1 X105.568 Y106.971 F7800
;WIDTH:0.38292
G1 F1058.823
G1 X105.065 Y107.09 E6.36561
;WIDTH:0.41646
G1 F963.754
G1 X105.022 Y107.017 E6.36866
;WIDTH:0.449999
G1 F884.349
G1 X104.978 Y106.944 E6.37201
G1 X107.637 Y104.286 E6.51963
G1 X107.456 Y104.976 E6.54764
;WIDTH:0.38292
G1 F1058.823
G1 X107.385 Y104.957 E6.55005
G1 X107.404 Y105.028 E6.55246
G1 X107.445 Y105.017 E6.55385
;WIDTH:0.41646
G1 F963.754
G1 X107.334 Y105.146 E6.55998
;WIDTH:0.449999
G1 F884.349
G1 X105.728 Y106.77 E6.64966
G1 X106.663 Y106.506 F7800
;WIDTH:0.476076
G1 F831.109
G1 X106.611 Y106.52 E6.65191
G1 X106.572 Y106.481 E6.65421
G1 X106.586 Y106.429 E6.65646
G1 X106.639 Y106.415 E6.65875
G1 X106.677 Y106.453 E6.661
;LAYER_CHANGE
;Z:12.95
;HEIGHT:0.2
G92 E0
G1 Z12.95 F7800
G1 X103.423 Y99.797
;TYPE:Perimeter
;WIDTH:0.449999
G1 F884.349
G1 X103.511 Y99.78 E.00352
G1 X103.997 Y99.623 E.02357
G1 X104.336 Y99.588 E.03695
G1 X105.184 Y99.759 E.07092
G1 X105.496 Y99.994 E.08626
G1 X106.348 Y100.566 E.12655
G1 X107.174 Y101.225 E.16804
G1 X107.4 Y101.451 E.18059
G1 X107.713 Y101.964 E.20419
G1 X107.954 Y102.483 E.22666
G1 X108.119 Y103.352 E.26139
G1 X108.106 Y103.566 E.26981
G1 X108.041 Y103.947 E.28499
G1 X107.843 Y104.556 E.31013
G1 X107.178 Y106.027 E.37352
G1 X106.856 Y106.63 E.40036
G1 X106.68 Y106.738 E.40847
G1 X105.602 Y107.058 E.45262
G1 X105.056 Y107.194 E.47471
G1 X104.542 Y107.224 E.49493
G1 X103.993 Y107.164 E.51661
G1 X103.123 Y106.801 E.55362
G1 X102.497 Y106.457 E.58167
G1 X101.721 Y105.887 E.61948
G1 X101.472 Y105.536 E.63638
G1 X101.16 Y104.791 E.66809
G1 X101.193 Y103.378 E.72359
G1 X101.283 Y102.779 E.74737
G1 X101.445 Y102.22 E.77022
G1 X101.677 Y101.744 E.79101
G1 X102.314 Y100.924 E.83178
G1 X102.899 Y100.256 E.86664
G1 X103.242 Y99.832 E.88805
G1 X103.364 Y99.809 E.89292
G1 X103.333 Y99.401 F7800
G1 F884.349
G1 X103.386 Y99.393 E.89502
G1 X103.888 Y99.231 E.91573
G1 X104.27 Y99.18 E.93086
G1 X105.311 Y99.372 E.97242
G1 X106.575 Y100.228 E1.03236
G1 X107.595 Y101.028 E1.08326
G1 X107.882 Y101.418 E1.10227
G1 X108.124 Y101.868 E1.12233
G1 X108.346 Y102.365 E1.1437
G1 X108.528 Y103.326 E1.1821
G1 X108.499 Y103.83 E1.20192
G1 X108.218 Y104.715 E1.23838
G1 X107.536 Y106.221 E1.30329
G1 X107.158 Y106.949 E1.3355
G1 X106.832 Y107.117 E1.3499
G1 X105.709 Y107.451 E1.3959
G1 X105.118 Y107.598 E1.41981
G1 X104.537 Y107.632 E1.44266
G1 X103.865 Y107.551 E1.46924
G1 X102.946 Y107.168 E1.50833
G1 X102.278 Y106.801 E1.53826
G1 X101.42 Y106.167 E1.58015
G1 X101.114 Y105.735 E1.60094
M73 P56 R12
G1 X100.752 Y104.871 E1.63772
G1 X100.762 Y103.571 E1.68877
G1 X100.833 Y102.924 E1.71433
G1 X100.946 Y102.422 E1.73453
G1 X101.137 Y101.862 E1.75776
G1 X101.339 Y101.516 E1.77349
G1 X101.999 Y100.665 E1.81578
G1 X103.039 Y99.447 E1.87867
M73 Q56 S12
G1 X103.273 Y99.411 E1.88797
G1 X103.216 Y98.889 F7800
;TYPE:External perimeter
G1 F884.349
G1 X103.389 Y98.838 E1.89505
G1 X104.121 Y98.825 E1.9238
G1 X104.792 Y99.023 E1.95127
G1 X105.379 Y99.033 E1.97432
G1 X105.766 Y99.369 E1.99444
G1 X106.368 Y99.369 E2.01808
G1 X106.788 Y99.884 E2.04417
G1 X107.467 Y100.227 E2.07404
G1 X108.237 Y101.129 E2.12061
G1 X108.553 Y101.553 E2.14137
G1 X108.637 Y102.273 E2.16983
G1 X108.94 Y102.707 E2.19061
G1 X109.081 Y103.206 E2.21097
G1 X109.059 Y103.801 E2.23435
G1 X108.732 Y103.977 E2.24893
G1 X108.746 Y104.702 E2.2774
G1 X108.253 Y105.825 E2.32556
G1 X107.849 Y106.222 E2.3478
G1 X107.536 Y106.841 E2.37504
G1 X107.351 Y107.265 E2.3932
G1 X106.77 Y107.491 E2.41768
G1 X105.603 Y107.836 E2.46546
G1 X105.088 Y107.873 E2.48573
G1 X104.568 Y108.029 E2.50705
G1 X103.832 Y107.991 E2.53599
G1 X103.479 Y107.647 E2.55534
G1 X102.989 Y107.476 E2.57572
G1 X102.403 Y107.523 E2.5988
G1 X101.988 Y107 E2.62501
G1 X101.569 Y106.694 E2.64538
G1 X101.202 Y106.242 E2.66824
G1 X100.791 Y105.789 E2.69226
G1 X100.327 Y105.379 E2.71657
G1 X100.542 Y104.823 E2.73998
G1 X100.305 Y104.188 E2.76659
G1 X100.262 Y103.046 E2.81146
G1 X100.651 Y102.367 E2.84219
G1 X100.643 Y101.763 E2.86591
G1 X100.999 Y101.091 E2.89577
G1 X101.605 Y100.637 E2.9255
G1 X101.857 Y100.021 E2.95163
G1 X102.439 Y99.603 E2.97977
G1 X102.591 Y99.071 E3.00149
G1 X103.158 Y98.906 E3.02468
G1 X103.553 Y98.843 F7800
G92 E0
G1 X101.624 Y105.455
;TYPE:Solid infill
;WIDTH:0.38292
G1 F1058.823
G1 X101.867 Y105.743 E.01236
G1 X102.371 Y106.175 E.03413
G1 X103.185 Y106.498 F7800
G1 F1058.823
G1 X103.196 Y106.539 E.03552
G1 X103.125 Y106.558 E.03793
G1 X103.144 Y106.487 E.04034
;WIDTH:0.41646
G1 F963.754
G1 X103.005 Y106.399 E.04627
;WIDTH:0.449999
G1 F884.349
G1 X102.867 Y106.312 E.05268
G1 X101.595 Y105.04 E.12331
G1 X101.332 Y104.714 E.13976
;WIDTH:0.38292
G1 F1058.823
G1 X101.313 Y104.785 E.14217
G1 X101.384 Y104.766 E.14458
G1 X101.373 Y104.725 E.14597
;WIDTH:0.41646
G1 F963.754
G1 X101.421 Y104.531 E.15317
;WIDTH:0.449999
G1 F884.349
G1 X101.469 Y104.338 E.16098
G1 X103.943 Y106.812 E.29836
G1 X104.107 Y107.018 E.3087
;WIDTH:0.38292
G1 F1058.823
G1 X104.469 Y107.064 E.32067
;WIDTH:0.41646
G1 F963.754
G1 X104.545 Y106.989 E.32452
;WIDTH:0.449999
G1 F884.349
G1 X104.62 Y106.914 E.32868
G1 X101.473 Y103.767 E.50343
G1 X101.516 Y103.234 E.52443
G1 X105.141 Y106.858 E.72569
G1 X105.598 Y106.74 E.74422
G1 X101.603 Y102.745 E.96606
G1 X101.739 Y102.305 E.98414
G1 X106.042 Y106.609 E1.22311
G1 X106.486 Y106.477 E1.2413
G1 X101.928 Y101.919 E1.4944
G1 X102.18 Y101.595 E1.51052
G1 X106.755 Y106.17 E1.76456
G1 X106.954 Y105.793 E1.7813
G1 X102.431 Y101.27 E2.03246
G1 X102.69 Y100.954 E2.0485
G1 X107.131 Y105.394 E2.29507
G1 X107.308 Y104.996 E2.31217
G1 X102.956 Y100.644 E2.55383
G1 X103.222 Y100.334 E2.56987
G1 X107.485 Y104.597 E2.80659
G1 X107.653 Y104.19 E2.82388
G1 X103.551 Y100.087 E3.05169
G1 X103.987 Y99.947 E3.06967
G1 X107.782 Y103.743 E3.28043
G1 X107.771 Y103.156 E3.30348
G1 X104.567 Y99.952 E3.48139
G1 X105.085 Y99.986 E3.50177
;WIDTH:0.38292
G1 F1058.823
G1 X105.336 Y100.204 E3.51267
;WIDTH:0.425657
G1 F940.595
G1 X105.519 Y100.355 E3.52143
;WIDTH:0.468393
G1 F846.117
G1 X105.703 Y100.506 E3.5312
;WIDTH:0.51113
G1 F768.887
G1 X105.886 Y100.657 E3.54191
;WIDTH:0.553866
G1 F704.576
G1 X106.069 Y100.807 E3.55357
;WIDTH:0.596602
G1 F650.193
G1 X106.252 Y100.958 E3.56624
;WIDTH:0.631569
G1 F611.57
G1 X106.499 Y101.18 E3.5851
;WIDTH:0.666536
G1 F577.279
G1 X106.746 Y101.402 E3.60508
;WIDTH:0.701502
G1 F546.629
G1 X106.993 Y101.625 E3.62622
G1 X107.191 Y101.855 E3.6455
;LAYER_CHANGE
;Z:13.15
;HEIGHT:0.2
G92 E0
G1 Z13.15 F7800
G1 X103.304 Y99.744
;TYPE:Perimeter
;WIDTH:0.449999
G1 F884.349
G1 X103.336 Y99.71 E.00183
G1 X103.808 Y99.608 E.02079
G1 X104.365 Y99.503 E.04305
G1 X104.998 Y99.628 E.06838
G1 X106.491 Y100.604 E.13842
G1 X107.421 Y101.378 E.18593
G1 X107.675 Y101.802 E.20534
G1 X107.909 Y102.323 E.22777
G1 X108.09 Y102.895 E.25133
G1 X108.135 Y103.225 E.26441
G1 X108.053 Y103.743 E.285
G1 X107.95 Y104.235 E.30474
G1 X107.801 Y104.608 E.32051
G1 X107.292 Y105.729 E.36885
G1 X106.84 Y106.592 E.4071
G1 X106.611 Y106.704 E.41711
G1 X105.244 Y107.091 E.47289
G1 X104.729 Y107.165 E.49332
G1 X104.086 Y107.137 E.51859
G1 X103.021 Y106.673 E.5642
G1 X102.52 Y106.399 E.58662
G1 X101.691 Y105.788 E.62706
G1 X101.431 Y105.356 E.64686
G1 X101.168 Y104.713 E.67414
G1 X101.174 Y103.723 E.71301
G1 X101.228 Y103.088 E.73803
G1 X101.32 Y102.57 E.75869
G1 X101.515 Y102.007 E.78208
G1 X101.847 Y101.465 E.80704
G1 X102.954 Y100.122 E.87538
G1 X103.263 Y99.788 E.89325
G1 X103.173 Y99.354 F7800
G1 F884.349
G1 X103.38 Y99.284 E.90183
G1 X103.869 Y99.176 E.92149
G1 X104.398 Y99.095 E.9425
G1 X105.161 Y99.245 E.97303
G1 X105.563 Y99.526 E.99229
G1 X106.731 Y100.275 E1.04677
G1 X107.735 Y101.109 E1.09802
G1 X108.036 Y101.613 E1.12107
G1 X108.373 Y102.361 E1.15328
G1 X108.492 Y102.823 E1.17201
G1 X108.542 Y103.238 E1.18842
G1 X108.454 Y103.814 E1.2113
G1 X108.34 Y104.353 E1.23293
G1 X108.176 Y104.767 E1.25041
G1 X107.658 Y105.907 E1.29958
G1 X107.201 Y106.781 E1.33831
G1 X107.068 Y106.938 E1.34639
G1 X106.748 Y107.088 E1.36027
G1 X105.721 Y107.39 E1.4023
G1 X105.105 Y107.546 E1.42725
G1 X104.578 Y107.585 E1.448
G1 X103.955 Y107.524 E1.47258
G1 X102.661 Y106.94 E1.52832
G1 X102.139 Y106.626 E1.55224
G1 X101.465 Y106.139 E1.58489
G1 X101.128 Y105.691 E1.6069
G1 X100.761 Y104.742 E1.64685
G1 X100.768 Y103.525 E1.69464
G1 X100.829 Y102.993 E1.71567
G1 X100.928 Y102.459 E1.73699
G1 X101.145 Y101.832 E1.76304
G1 X101.515 Y101.228 E1.79085
G1 X102.851 Y99.606 E1.87336
G1 X103.096 Y99.38 E1.88645
G1 X103.116 Y99.373 E1.88728
G1 X103.048 Y98.971 F7800
;TYPE:External perimeter
G1 F884.349
G1 X103.503 Y99.035 E1.90532
G1 X104.182 Y98.732 E1.93451
G1 X104.657 Y98.582 E1.95407
G1 X105.332 Y98.86 E1.98273
G1 X105.951 Y99.258 E2.01163
G1 X106.599 Y99.603 E2.04045
G1 X107.13 Y99.972 E2.06584
G1 X107.319 Y100.467 E2.08664
G1 X107.927 Y100.727 E2.1126
G1 X108.414 Y101.201 E2.13928
G1 X108.523 Y101.701 E2.15937
G1 X108.607 Y102.225 E2.18021
G1 X108.975 Y102.717 E2.20433
G1 X109.048 Y103.508 E2.23552
G1 X108.988 Y104.19 E2.2624
G1 X108.654 Y104.618 E2.28372
G1 X108.4 Y105.197 E2.30855
G1 X108.404 Y105.722 E2.32916
G1 X107.908 Y106.305 E2.35921
G1 X107.184 Y107.329 E2.40845
G1 X106.517 Y107.702 E2.43846
G1 X105.857 Y107.778 E2.46455
G1 X105.267 Y107.95 E2.48868
G1 X104.723 Y107.977 E2.51007
G1 X104.099 Y108.085 E2.53494
G1 X103.684 Y107.712 E2.55685
G1 X103.107 Y107.509 E2.58087
G1 X102.385 Y107.481 E2.60924
G1 X101.97 Y106.983 E2.63469
G1 X101.559 Y106.746 E2.65332
G1 X101.192 Y106.305 E2.67585
G1 X100.579 Y105.848 E2.70587
G1 X100.535 Y105.162 E2.73286
G1 X100.455 Y104.456 E2.76076
G1 X100.536 Y103.764 E2.78812
G1 X100.289 Y103.16 E2.81374
G1 X100.386 Y102.639 E2.83455
G1 X100.436 Y102.037 E2.85827
G1 X100.929 Y101.694 E2.88185
G1 X101.218 Y101.055 E2.90939
G1 X101.465 Y100.419 E2.93618
G1 X102.036 Y100.155 E2.96088
G1 X102.19 Y99.601 E2.98346
G1 X102.539 Y99.237 E3.00326
G1 X102.925 Y98.953 E3.02208
G1 X102.988 Y98.962 E3.02458
G1 X103.384 Y99.018 F7800
G1 X103.424 Y99.895
;TYPE:Solid infill
;WIDTH:0.38292
G1 F1058.823
G1 X102.627 Y100.758 E3.0631
G1 X102.089 Y101.655 F7800
;WIDTH:0.449999
G1 F884.349
G1 X103.929 Y99.812 E3.16536
;WIDTH:0.41646
G1 F963.754
G1 X104.025 Y99.712 E3.17035
;WIDTH:0.38292
G1 F1058.823
G1 X104.259 Y99.672 E3.17814
;WIDTH:0.449999
G1 F884.349
G1 X104.482 Y99.837 E3.18903
G1 X101.6 Y102.719 E3.34906
G1 X101.5 Y103.395 E3.37589
G1 X104.939 Y99.956 E3.56685
G1 X105.287 Y100.183 E3.58316
G1 X101.478 Y103.993 E3.7947
G1 X101.474 Y104.572 E3.81743
G1 X105.636 Y100.411 E4.04851
G1 X105.984 Y100.638 E4.06482
G1 X101.617 Y105.005 E4.30731
G1 X101.795 Y105.402 E4.32439
G1 X106.33 Y100.868 E4.57618
G1 X106.645 Y101.129 E4.59224
G1 X102.072 Y105.701 E4.84614
G1 X102.407 Y105.942 E4.86234
M73 P57 R12
G1 X106.959 Y101.39 E5.11511
G1 X107.246 Y101.679 E5.1311
M73 Q57 S12
G1 X102.749 Y106.176 E5.38081
G1 X103.121 Y106.38 E5.39747
G1 X107.451 Y102.049 E5.63794
G1 X107.63 Y102.446 E5.65504
G1 X103.519 Y106.557 E5.88332
G1 X103.92 Y106.732 E5.9005
G1 X107.769 Y102.883 E6.11423
G1 X107.794 Y103.433 E6.13585
G1 X104.373 Y106.854 E6.32581
G1 X105.576 Y106.845 F7800
;WIDTH:0.38292
G1 F1058.823
G1 X105.015 Y106.99 E6.34481
;WIDTH:0.41646
G1 F963.754
G1 X104.988 Y106.916 E6.34765
;WIDTH:0.449999
G1 F884.349
G1 X104.961 Y106.842 E6.35074
G1 X107.656 Y104.148 E6.50036
G1 X107.448 Y104.868 E6.52979
;WIDTH:0.38292
G1 F1058.823
G1 X107.376 Y104.849 E6.53223
G1 X107.396 Y104.92 E6.53465
G1 X107.437 Y104.909 E6.53604
;WIDTH:0.41646
G1 F963.754
G1 X107.324 Y105.038 E6.54222
;WIDTH:0.449999
G1 F884.349
G1 X105.736 Y106.643 E6.63087
G1 X106.645 Y106.395 F7800
;WIDTH:0.465606
G1 F851.696
G1 X106.594 Y106.409 E6.63303
G1 X106.557 Y106.372 E6.63516
G1 X106.57 Y106.321 E6.63731
G1 X106.621 Y106.307 E6.63947
G1 X106.659 Y106.344 E6.64163
;LAYER_CHANGE
;Z:13.35
;HEIGHT:0.200001
G92 E0
G1 Z13.35 F7800
G1 X103.456 Y99.628
;TYPE:Perimeter
;WIDTH:0.449999
G1 F884.349
G1 X103.87 Y99.507 E.01694
G1 X104.395 Y99.412 E.03789
G1 X104.889 Y99.508 E.05765
G1 X105.45 Y99.905 E.08464
G1 X106.036 Y100.246 E.11126
G1 X106.489 Y100.543 E.13253
G1 X107.423 Y101.323 E.18031
G1 X107.64 Y101.677 E.19661
G1 X107.894 Y102.189 E.21905
G1 X108.134 Y102.919 E.24922
G1 X108.055 Y103.64 E.2777
G1 X107.902 Y104.343 E.30595
G1 X107.144 Y105.976 E.37664
G1 X106.807 Y106.572 E.40352
G1 X106.709 Y106.617 E.40775
G1 X106.18 Y106.775 E.42943
G1 X105.192 Y107.051 E.46971
G1 X104.61 Y107.131 E.49278
G1 X104.118 Y107.088 E.51217
G1 X103.662 Y106.9 E.53154
G1 X103.003 Y106.588 E.56017
G1 X102.498 Y106.321 E.5826
G1 X101.77 Y105.797 E.61782
G1 X101.507 Y105.459 E.63464
G1 X101.218 Y104.726 E.66558
G1 X101.181 Y103.932 E.69679
G1 X101.215 Y103.218 E.72486
G1 X101.311 Y102.577 E.75031
G1 X101.527 Y101.966 E.77576
G1 X101.889 Y101.357 E.80358
G1 X102.353 Y100.76 E.83327
G1 X103.031 Y99.955 E.8746
G1 X103.404 Y99.655 E.89339
G1 X103.302 Y99.256 F7800
G1 F884.349
G1 X103.779 Y99.11 E.91298
G1 X104.411 Y99 E.93817
G1 X105.09 Y99.152 E.96549
G1 X105.521 Y99.46 E.98629
G1 X106.549 Y100.095 E1.03373
G1 X107.063 Y100.495 E1.0593
G1 X107.509 Y100.854 E1.08178
G1 X107.836 Y101.176 E1.0998
G1 X108.139 Y101.75 E1.12529
G1 X108.37 Y102.28 E1.14799
G1 X108.545 Y102.908 E1.17359
G1 X108.431 Y103.948 E1.21467
G1 X108.286 Y104.483 E1.23643
G1 X107.507 Y106.163 E1.30914
G1 X107.114 Y106.855 E1.34039
G1 X106.854 Y106.999 E1.35206
G1 X105.714 Y107.339 E1.39877
G1 X105.092 Y107.496 E1.42396
G1 X104.506 Y107.538 E1.44703
G1 X104.007 Y107.483 E1.46674
G1 X103.497 Y107.272 E1.48841
G1 X102.466 Y106.766 E1.5335
G1 X101.895 Y106.389 E1.56037
G1 X101.385 Y106.007 E1.58539
G1 X101.144 Y105.649 E1.60234
G1 X100.816 Y104.818 E1.63742
G1 X100.774 Y104.27 E1.659
G1 X100.774 Y103.688 E1.68185
G1 X100.831 Y102.997 E1.70907
G1 X100.919 Y102.465 E1.73024
G1 X101.156 Y101.792 E1.75826
G1 X101.552 Y101.128 E1.78862
G1 X102.036 Y100.504 E1.81963
G1 X102.876 Y99.525 E1.87028
G1 X103.228 Y99.279 E1.88714
G1 X103.245 Y99.274 E1.88784
G1 X103.177 Y98.916 F7800
;TYPE:External perimeter
G1 F884.349
G1 X103.477 Y98.559 E1.90615
G1 X104.165 Y98.541 E1.93317
G1 X104.88 Y98.741 E1.96232
G1 X105.464 Y99.013 E1.98762
G1 X105.939 Y99.271 E2.00884
G1 X106.576 Y99.494 E2.03534
G1 X106.999 Y99.716 E2.0541
G1 X107.361 Y100.308 E2.08135
G1 X107.927 Y100.476 E2.10453
G1 X108.319 Y100.874 E2.12646
G1 X108.425 Y101.623 E2.15616
G1 X108.799 Y102.057 E2.17866
G1 X108.95 Y102.752 E2.20659
G1 X108.98 Y103.082 E2.2196
G1 X109.016 Y103.572 E2.23889
G1 X108.631 Y104.085 E2.26407
G1 X108.671 Y104.723 E2.28917
G1 X108.197 Y105.732 E2.33294
G1 X107.639 Y106.585 E2.37296
G1 X107.523 Y107.085 E2.39311
G1 X107.114 Y107.469 E2.41514
G1 X106.373 Y107.643 E2.44503
G1 X105.814 Y107.573 E2.46715
G1 X105.242 Y107.914 E2.4933
G1 X104.49 Y108.074 E2.52349
G1 X103.775 Y107.938 E2.55207
G1 X103.322 Y107.681 E2.57252
G1 X102.708 Y107.47 E2.59801
G1 X102.326 Y107.049 E2.62033
G1 X101.643 Y106.931 E2.64754
G1 X101.462 Y106.382 E2.67024
G1 X101.125 Y106.106 E2.68734
G1 X100.56 Y105.573 E2.71784
G1 X100.469 Y105.004 E2.74047
G1 X100.234 Y104.353 E2.76765
G1 X100.45 Y103.881 E2.78803
G1 X100.457 Y103.175 E2.81575
G1 X100.673 Y102.543 E2.84197
G1 X100.609 Y101.873 E2.8684
G1 X101.036 Y101.58 E2.88873
G1 X101.181 Y100.995 E2.91239
G1 X101.362 Y100.433 E2.93557
G1 X101.951 Y100.073 E2.96267
G1 X102.306 Y99.608 E2.98564
G1 X102.727 Y99.359 E3.00485
G1 X103.125 Y98.977 E3.02651
G1 X103.138 Y98.961 E3.02732
G1 X103.396 Y98.655 F7800
G92 E0
G1 X101.843 Y105.596
;TYPE:Solid infill
;WIDTH:0.38292
G1 F1058.823
G1 X102.329 Y106.01 E.02094
;WIDTH:0.449999
G1 F884.349
G1 X102.832 Y106.154 E.04148
G1 X101.638 Y104.96 E.10778
G1 X101.531 Y104.878 E.11307
;WIDTH:0.41646
G1 F963.754
G1 X101.424 Y104.795 E.11795
;WIDTH:0.38292
G1 F1058.823
G1 X101.392 Y104.688 E.12161
;WIDTH:0.449999
G1 F884.349
G1 X101.486 Y104.232 E.13989
G1 X103.937 Y106.683 E.27599
G1 X104.019 Y106.787 E.28119
;WIDTH:0.41646
G1 F963.754
G1 X104.101 Y106.891 E.28596
;WIDTH:0.38292
G1 F1058.823
G1 X104.412 Y106.959 E.2964
;WIDTH:0.449999
G1 F884.349
G1 X104.641 Y106.812 E.30708
G1 X101.487 Y103.657 E.48224
G1 X101.533 Y103.127 E.50313
G1 X105.151 Y106.746 E.70406
G1 X105.608 Y106.627 E.7226
G1 X101.615 Y102.634 E.94433
G1 X101.765 Y102.208 E.96206
G1 X106.05 Y106.493 E1.2
G1 X106.492 Y106.36 E1.21812
G1 X101.963 Y101.83 E1.46964
G1 X102.184 Y101.476 E1.48603
G1 X106.754 Y106.046 E1.7398
G1 X106.951 Y105.667 E1.75657
G1 X102.435 Y101.151 E2.00734
G1 X102.692 Y100.832 E2.02342
G1 X107.134 Y105.274 E2.27008
G1 X107.316 Y104.881 E2.28709
G1 X102.957 Y100.522 E2.52914
G1 X103.222 Y100.211 E2.54518
G1 X107.499 Y104.488 E2.78268
G1 X107.659 Y104.073 E2.80014
G1 X103.526 Y99.94 E3.02964
G1 X103.962 Y99.799 E3.04763
G1 X107.754 Y103.591 E3.25819
G1 X107.81 Y103.072 E3.27869
G1 X104.477 Y99.739 E3.46377
G1 X104.818 Y99.68 E3.47736
;WIDTH:0.38292
G1 F1058.823
G1 X105.324 Y100.106 E3.49905
;WIDTH:0.418612
G1 F958.233
G1 X105.504 Y100.245 E3.50729
;WIDTH:0.454303
G1 F875.098
G1 X105.684 Y100.384 E3.51631
;WIDTH:0.489994
G1 F805.236
G1 X105.864 Y100.522 E3.52609
;WIDTH:0.525059
G1 F746.673
G1 X105.997 Y100.63 E3.53406
;WIDTH:0.560124
G1 F696.051
G1 X106.13 Y100.738 E3.54261
;WIDTH:0.595188
G1 F651.857
G1 X106.262 Y100.846 E3.5517
;WIDTH:0.641072
G1 F601.854
G1 X106.666 Y101.218 E3.58338
;WIDTH:0.449999
G1 F884.349
G1 X107.131 Y101.42 E3.60329
;WIDTH:0.367986
G1 F1107.469
G1 X107.062 Y101.355 E3.60626
;WIDTH:0.411148
G1 F977.656
G1 X106.996 Y101.332 E3.60874
;WIDTH:0.457133
G1 F869.119
G1 X106.93 Y101.309 E3.61153
;WIDTH:0.503118
G1 F782.273
G1 X106.864 Y101.286 E3.61463
;WIDTH:0.549103
G1 F711.206
G1 X106.798 Y101.263 E3.61804
;WIDTH:0.595088
G1 F651.976
G1 X106.732 Y101.24 E3.62176
;WIDTH:0.641072
G1 F601.854
G1 X106.666 Y101.218 E3.62577
G1 X106.697 Y101.281 E3.62982
;WIDTH:0.595088
G1 F651.976
G1 X106.728 Y101.344 E3.63356
;WIDTH:0.549103
G1 F711.206
G1 X106.759 Y101.408 E3.63703
;WIDTH:0.503118
G1 F782.273
G1 X106.79 Y101.471 E3.64015
;WIDTH:0.457133
G1 F869.119
G1 X106.82 Y101.534 E3.64294
;WIDTH:0.411148
G1 F977.656
G1 X106.851 Y101.598 E3.64547
;WIDTH:0.370054
G1 F1100.467
G1 X107.692 Y102.435 E3.68291
G1 X107.598 Y102.165 E3.69193
G1 X107.278 Y101.561 E3.7135
;LAYER_CHANGE
;Z:13.55
;HEIGHT:0.2
G92 E0
G1 Z13.55 F7800
G1 X103.705 Y99.465
;TYPE:Perimeter
;WIDTH:0.449999
G1 F884.349
G1 X104.386 Y99.317 E.02736
G1 X104.687 Y99.365 E.03933
G1 X105.023 Y99.628 E.05608
G1 X105.513 Y99.862 E.0774
G1 X106.489 Y100.483 E.12282
G1 X107.521 Y101.375 E.17638
G1 X107.863 Y102.028 E.20532
G1 X108.067 Y102.5 E.22551
G1 X108.102 Y102.808 E.23768
G1 X108.07 Y103.611 E.26923
G1 X107.997 Y104.093 E.28837
G1 X107.779 Y104.606 E.31026
G1 X106.916 Y106.335 E.38614
G1 X106.714 Y106.56 E.39801
G1 X105.649 Y106.881 E.44168
G1 X105.165 Y107.008 E.46133
G1 X104.618 Y107.086 E.48302
G1 X104.202 Y107.059 E.49939
G1 X103.707 Y106.854 E.52043
G1 X103.105 Y106.564 E.54667
G1 X102.639 Y106.33 E.56714
G1 X102.163 Y106.017 E.58951
G1 X101.677 Y105.656 E.61328
G1 X101.486 Y105.319 E.62849
G1 X101.261 Y104.675 E.65528
G1 X101.192 Y104.086 E.67856
G1 X101.188 Y103.455 E.70334
G1 X101.274 Y102.732 E.73193
G1 X101.545 Y101.9 E.76629
G1 X101.959 Y101.188 E.79863
G1 X102.844 Y100.098 E.85376
G1 X103.65 Y99.487 E.89347
G1 X103.466 Y99.118 F7800
G1 F884.349
G1 X103.495 Y99.094 E.89495
G1 X104.346 Y98.909 E.92914
G1 X104.801 Y98.974 E.94719
G1 X105.221 Y99.272 E.96741
G1 X105.707 Y99.503 E.98854
G1 X106.242 Y99.83 E1.01316
G1 X106.735 Y100.157 E1.03639
M73 P58 R12
G1 X107.846 Y101.12 E1.09412
G1 X108.182 Y101.759 E1.12247
G1 X108.414 Y102.278 E1.14479
G1 X108.522 Y102.652 E1.16007
G1 X108.49 Y103.09 E1.17731
G1 X108.472 Y103.822 E1.20606
G1 X108.387 Y104.216 E1.22189
G1 X108.15 Y104.774 E1.24569
G1 X107.295 Y106.49 E1.32097
M73 Q58 S12
G1 X107.021 Y106.867 E1.33927
G1 X106.859 Y106.942 E1.34628
G1 X105.267 Y107.402 E1.41135
G1 X104.585 Y107.498 E1.43839
G1 X104.092 Y107.453 E1.45783
G1 X103.541 Y107.226 E1.48123
G1 X102.447 Y106.689 E1.52908
G1 X101.925 Y106.348 E1.55356
G1 X101.369 Y105.928 E1.58092
G1 X101.16 Y105.608 E1.59593
G1 X100.966 Y105.097 E1.61739
G1 X100.808 Y104.531 E1.64046
G1 X100.781 Y103.432 E1.68362
G1 X100.875 Y102.644 E1.71478
G1 X101.171 Y101.735 E1.75232
G1 X101.635 Y100.941 E1.78843
G1 X102.684 Y99.678 E1.8529
G1 X103.108 Y99.413 E1.87253
G1 X103.42 Y99.156 E1.8884
G1 X103.332 Y98.936 F7800
;TYPE:External perimeter
G1 F884.349
G1 X103.531 Y98.867 E1.89667
G1 X103.92 Y98.434 E1.91952
G1 X104.619 Y98.553 E1.94736
G1 X105.144 Y98.568 E1.96798
G1 X105.614 Y98.912 E1.99085
G1 X106.038 Y99.416 E2.01671
G1 X106.436 Y99.634 E2.03453
G1 X106.99 Y100.022 E2.06109
G1 X107.714 Y100.292 E2.09143
G1 X108.101 Y100.539 E2.10946
G1 X108.408 Y101.166 E2.13687
G1 X108.403 Y101.728 E2.15894
G1 X108.847 Y102.323 E2.18809
G1 X108.978 Y102.923 E2.2122
G1 X108.946 Y103.254 E2.22526
G1 X108.718 Y103.91 E2.25253
G1 X108.663 Y104.406 E2.27212
G1 X108.502 Y105.061 E2.2986
G1 X108.211 Y105.672 E2.32517
G1 X107.766 Y106.21 E2.35258
G1 X107.442 Y106.766 E2.37785
G1 X107.325 Y107.348 E2.40116
G1 X106.604 Y107.569 E2.43077
G1 X106.109 Y107.652 E2.45048
G1 X105.583 Y107.817 E2.47213
G1 X105.056 Y108.022 E2.49433
G1 X104.509 Y107.742 E2.51846
G1 X103.812 Y107.732 E2.54583
G1 X103.428 Y107.477 E2.56393
G1 X102.667 Y107.462 E2.59382
G1 X102.19 Y106.851 E2.62426
G1 X101.521 Y106.569 E2.65277
G1 X101.197 Y106.153 E2.67347
G1 X100.821 Y105.778 E2.69432
G1 X100.519 Y105.328 E2.7156
G1 X100.57 Y104.826 E2.73541
G1 X100.209 Y104.42 E2.75674
G1 X100.364 Y103.794 E2.78206
G1 X100.252 Y103.277 E2.80283
G1 X100.399 Y102.64 E2.8285
G1 X100.741 Y102.139 E2.85232
G1 X100.801 Y101.524 E2.87658
G1 X101.214 Y101.11 E2.89954
G1 X101.362 Y100.57 E2.92152
G1 X101.665 Y100.219 E2.93973
G1 X102.248 Y99.841 E2.96701
G1 X102.541 Y99.51 E2.98437
G1 X103.026 Y99.041 E3.01086
G1 X103.275 Y98.955 E3.0212
G1 X103.618 Y98.75 F7800
G1 X103.07 Y100.156
;TYPE:Solid infill
;WIDTH:0.38292
G1 F1058.823
G1 X102.397 Y100.901 E3.05412
G1 X101.897 Y101.859 F7800
G1 F1058.823
G1 X101.826 Y101.84 E3.05653
G1 X101.845 Y101.911 E3.05894
G1 X101.886 Y101.9 E3.06033
;WIDTH:0.41646
G1 F963.754
G1 X101.98 Y101.741 E3.06698
;WIDTH:0.449999
G1 F884.349
G1 X102.075 Y101.582 E3.07425
G1 X103.926 Y99.731 E3.17703
G1 X104.569 Y99.664 E3.20241
G1 X101.641 Y102.592 E3.365
G1 X101.538 Y102.674 E3.37017
;WIDTH:0.41646
G1 F963.754
G1 X101.435 Y102.755 E3.37489
;WIDTH:0.38292
G1 F1058.823
G1 X101.389 Y103.053 E3.38478
;WIDTH:0.449999
G1 F884.349
G1 X101.514 Y103.294 E3.39544
G1 X104.907 Y99.902 E3.58382
G1 X105.291 Y100.093 E3.60066
G1 X101.496 Y103.888 E3.81139
G1 X101.519 Y104.441 E3.83312
G1 X105.65 Y100.31 E4.06251
G1 X106.001 Y100.534 E4.07886
G1 X101.648 Y104.887 E4.32058
G1 X101.81 Y105.301 E4.33804
G1 X106.347 Y100.764 E4.58997
G1 X106.656 Y101.031 E4.606
G1 X102.098 Y105.589 E4.8591
G1 X102.431 Y105.832 E4.87529
G1 X106.965 Y101.298 E5.12706
G1 X107.274 Y101.565 E5.14309
G1 X102.78 Y106.059 E5.39263
G1 X103.161 Y106.253 E5.40942
G1 X107.473 Y101.941 E5.64886
G1 X107.661 Y102.329 E5.66579
G1 X103.55 Y106.44 E5.89407
G1 X103.944 Y106.622 E5.91111
G1 X107.801 Y102.764 E6.12531
G1 X107.777 Y103.364 E6.14889
G1 X104.372 Y106.769 E6.33796
G1 X104.975 Y106.741 E6.36166
G1 X107.695 Y104.021 E6.5127
G1 X107.448 Y104.786 E6.54426
;WIDTH:0.38292
G1 F1058.823
G1 X107.377 Y104.767 E6.54667
G1 X107.396 Y104.838 E6.54908
G1 X107.437 Y104.827 E6.55047
;WIDTH:0.41646
G1 F963.754
G1 X107.323 Y104.956 E6.55667
;WIDTH:0.449999
G1 F884.349
G1 X105.766 Y106.527 E6.64352
G1 X105.644 Y106.606 E6.64923
;WIDTH:0.41646
G1 F963.754
G1 X105.522 Y106.685 E6.65447
;WIDTH:0.38292
G1 F1058.823
G1 X105.451 Y106.666 E6.65688
G1 X105.47 Y106.737 E6.65929
G1 X105.511 Y106.726 E6.66068
;LAYER_CHANGE
;Z:13.75
;HEIGHT:0.2
G92 E0
G1 Z13.75 F7800
G1 X103.931 Y99.315
;TYPE:Perimeter
;WIDTH:0.449999
G1 F884.349
G1 X104.427 Y99.232 E.01975
G1 X104.969 Y99.588 E.04521
G1 X105.674 Y99.875 E.0751
G1 X106.483 Y100.421 E.11342
G1 X107.665 Y101.476 E.17563
G1 X108.097 Y102.473 E.21829
G1 X108.1 Y103.611 E.26297
G1 X107.98 Y104.092 E.28244
G1 X107.693 Y104.773 E.31146
G1 X107.417 Y105.339 E.33619
G1 X107.055 Y106.023 E.36658
G1 X106.764 Y106.474 E.38765
G1 X106.291 Y106.646 E.40741
G1 X105.289 Y106.922 E.44822
G1 X104.706 Y107.034 E.47153
G1 X104.258 Y107.017 E.48913
G1 X103.73 Y106.798 E.51157
G1 X102.453 Y106.162 E.56759
G1 X101.664 Y105.58 E.60609
G1 X101.579 Y105.441 E.61249
G1 X101.384 Y104.955 E.63305
G1 X101.246 Y104.455 E.65342
G1 X101.202 Y103.893 E.67555
G1 X101.194 Y103.368 E.69617
G1 X101.309 Y102.537 E.72911
G1 X101.542 Y101.836 E.75812
G1 X102.063 Y100.974 E.79767
G1 X102.703 Y100.18 E.83771
G1 X103.321 Y99.779 E.86664
G1 X103.838 Y99.331 E.8935
G1 X103.872 Y99.325 E.89486
G1 X103.646 Y98.965 F7800
G1 F884.349
G1 X103.667 Y98.946 E.89597
G1 X104.475 Y98.823 E.92806
G1 X104.644 Y98.886 E.93514
G1 X105.122 Y99.211 E.95784
G1 X105.867 Y99.514 E.98942
G1 X106.733 Y100.098 E1.03043
G1 X107.945 Y101.151 E1.09347
G1 X108.039 Y101.307 E1.10062
G1 X108.451 Y102.228 E1.14024
G1 X108.504 Y102.471 E1.15001
G1 X108.506 Y103.201 E1.17867
G1 X108.478 Y103.818 E1.20292
G1 X108.357 Y104.244 E1.22031
G1 X108.06 Y104.948 E1.25031
G1 X107.778 Y105.526 E1.27556
G1 X107.349 Y106.317 E1.31089
G1 X107.042 Y106.806 E1.33356
G1 X106.414 Y107.034 E1.35979
G1 X105.239 Y107.357 E1.40764
G1 X104.748 Y107.439 E1.42719
G1 X104.159 Y107.417 E1.45033
G1 X103.561 Y107.169 E1.47575
G1 X102.24 Y106.511 E1.5337
G1 X101.358 Y105.86 E1.57674
G1 X101.232 Y105.653 E1.58626
G1 X101.002 Y105.095 E1.60996
G1 X100.843 Y104.522 E1.63331
G1 X100.795 Y103.912 E1.65734
G1 X100.786 Y103.343 E1.67968
G1 X100.911 Y102.444 E1.71532
G1 X101.169 Y101.67 E1.74735
G1 X101.456 Y101.164 E1.77019
G1 X101.738 Y100.728 E1.79058
G1 X102.429 Y99.871 E1.83381
G1 X103.054 Y99.472 E1.86292
G1 X103.601 Y99.004 E1.89119
G1 X103.315 Y98.648 F7800
;TYPE:External perimeter
G1 F884.349
G1 X103.91 Y98.633 E1.91456
G1 X104.351 Y98.254 E1.93739
G1 X104.89 Y98.741 E1.96591
G1 X105.418 Y98.829 E1.98693
G1 X105.922 Y99.031 E2.00825
G1 X106.378 Y99.186 E2.02716
G1 X106.939 Y99.569 E2.05383
G1 X107.39 Y99.936 E2.07666
G1 X107.757 Y100.278 E2.09636
G1 X108.082 Y100.857 E2.12243
G1 X108.245 Y101.219 E2.13802
G1 X108.714 Y101.81 E2.16764
G1 X108.983 Y102.253 E2.18799
G1 X108.875 Y102.969 E2.21642
G1 X109.014 Y103.612 E2.24225
G1 X108.934 Y104.209 E2.2659
G1 X108.633 Y104.81 E2.29229
G1 X107.957 Y105.725 E2.33696
M73 P58 R11
G1 X107.955 Y106.418 E2.36417
G1 X107.416 Y106.906 E2.39272
G1 X106.89 Y107.276 E2.41797
G1 X106.384 Y107.669 E2.44313
G1 X105.667 Y107.67 E2.47128
G1 X105.192 Y107.873 E2.49156
G1 X104.551 Y107.989 E2.51714
G1 X104.086 Y107.828 E2.53646
G1 X103.434 Y107.638 E2.56313
G1 X103 Y107.355 E2.58347
G1 X102.612 Y106.986 E2.60449
G1 X102.012 Y106.809 E2.62905
G1 X101.347 Y106.471 E2.65834
G1 X101.019 Y105.989 E2.68123
G1 X100.581 Y105.61 E2.70397
G1 X100.572 Y104.965 E2.7293
G1 X100.302 Y104.545 E2.7489
G1 X100.326 Y104.02 E2.76954
G1 X100.267 Y103.265 E2.79928
G1 X100.452 Y102.763 E2.82029
G1 X100.772 Y102.091 E2.84951
G1 X100.631 Y101.409 E2.87685
G1 X101.121 Y100.953 E2.90313
G1 X101.492 Y100.539 E2.92496
G1 X101.777 Y99.822 E2.95526
G1 X102.264 Y99.471 E2.97883
G1 X102.756 Y99.349 E2.99873
G1 X103.126 Y98.653 E3.02968
G1 X103.255 Y98.65 E3.03475
G1 X103.655 Y98.64 F7800
G92 E0
G1 X101.816 Y105.44
;TYPE:Solid infill
;WIDTH:0.38292
G1 F1058.823
G1 X102.328 Y105.881 E.02216
;WIDTH:0.449999
G1 F884.349
G1 X103.078 Y106.161 E.05359
;WIDTH:0.38292
G1 F1058.823
G1 X103.059 Y106.232 E.056
G1 X103.13 Y106.213 E.05841
G1 X103.119 Y106.172 E.0598
;WIDTH:0.41646
G1 F963.754
G1 X102.96 Y106.084 E.06635
;WIDTH:0.449999
G1 F884.349
G1 X102.801 Y105.995 E.0735
G1 X101.679 Y104.873 E.1358
G1 X101.474 Y104.71 E.14608
;WIDTH:0.38292
G1 F1058.823
G1 X101.382 Y104.239 E.16182
;WIDTH:0.41646
G1 F963.754
G1 X101.455 Y104.192 E.16495
;WIDTH:0.449999
G1 F884.349
G1 X101.528 Y104.146 E.16834
G1 X103.935 Y106.553 E.302
G1 X104.018 Y106.662 E.30738
;WIDTH:0.41646
G1 F963.754
G1 X104.1 Y106.77 E.31227
;WIDTH:0.38292
G1 F1058.823
G1 X104.579 Y106.88 E.32839
;WIDTH:0.449999
G1 F884.349
G1 X104.687 Y106.729 E.33568
G1 X101.502 Y103.544 E.51254
G1 X101.551 Y103.017 E.53332
G1 X105.171 Y106.637 E.73433
G1 X105.622 Y106.513 E.7527
M73 Q58 S11
G1 X101.634 Y102.525 E.97415
G1 X101.778 Y102.093 E.99203
G1 X106.074 Y106.389 E1.23058
G1 X106.504 Y106.244 E1.2484
M73 P59 R11
G1 X101.967 Y101.706 E1.50036
G1 X102.178 Y101.342 E1.51688
M73 Q59 S11
G1 X106.757 Y105.921 E1.77114
G1 X106.96 Y105.548 E1.78781
G1 X102.431 Y101.019 E2.0393
G1 X102.685 Y100.697 E2.0554
G1 X107.152 Y105.164 E2.30345
G1 X107.344 Y104.78 E2.32031
G1 X102.949 Y100.385 E2.56436
G1 X103.301 Y100.162 E2.58072
G1 X107.53 Y104.391 E2.81555
G1 X107.696 Y103.981 E2.83292
G1 X103.629 Y99.914 E3.05875
G1 X103.938 Y99.648 E3.07476
G1 X107.794 Y103.504 E3.28888
G1 X107.792 Y102.926 E3.31158
G1 X104.583 Y99.717 E3.48977
G1 X104.494 Y99.571 E3.49648
;WIDTH:0.41646
G1 F963.754
G1 X104.405 Y99.426 E3.50261
;WIDTH:0.38292
G1 F1058.823
G1 X104.416 Y99.467 E3.504
G1 X104.345 Y99.486 E3.50641
G1 X104.364 Y99.415 E3.50882
G92 E0
G1 X106.255 Y100.717 F7800
;WIDTH:0.615183
G1 F629.081
G1 X106.564 Y101.006 E.02335
;WIDTH:0.644506
G1 F598.418
G1 X106.874 Y101.294 E.0479
G1 X106.94 Y101.32 E.05202
;WIDTH:0.596685
G1 F650.096
G1 X107.006 Y101.346 E.05581
;WIDTH:0.548863
G1 F711.543
G1 X107.072 Y101.371 E.05925
;WIDTH:0.501042
G1 F785.818
G1 X107.138 Y101.397 E.06238
;WIDTH:0.45322
G1 F877.407
G1 X107.204 Y101.423 E.06519
;WIDTH:0.405399
G1 F993.162
G1 X107.27 Y101.448 E.06766
;WIDTH:0.363645
G1 F1122.457
G1 X107.426 Y101.589 E.07417
G1 X107.806 Y102.425 E.10258
G1 X107.055 Y101.678 E.13535
;WIDTH:0.407385
G1 F987.749
G1 X107.024 Y101.612 E.13791
;WIDTH:0.457194
G1 F868.992
G1 X106.992 Y101.545 E.14088
;WIDTH:0.507002
G1 F775.726
G1 X106.961 Y101.478 E.14418
;LAYER_CHANGE
;Z:13.95
;HEIGHT:0.2
G92 E0
G1 Z13.95 F7800
G1 X103.978 Y99.237
;TYPE:Perimeter
;WIDTH:0.449999
G1 F884.349
G1 X104.306 Y99.17 E.01314
G1 X104.722 Y99.443 E.03268
G1 X105.21 Y99.665 E.05373
G1 X105.82 Y99.907 E.0795
G1 X106.477 Y100.36 E.11083
G1 X107.702 Y101.434 E.1748
G1 X108.025 Y102.106 E.20408
G1 X108.079 Y102.429 E.21694
G1 X108.105 Y103.287 E.25064
G1 X108.009 Y103.985 E.2783
G1 X107.687 Y104.775 E.3118
G1 X107.461 Y105.225 E.33157
G1 X106.776 Y106.428 E.38593
G1 X106.022 Y106.682 E.41717
G1 X105.176 Y106.907 E.45154
G1 X104.656 Y106.995 E.47225
G1 X104.292 Y106.982 E.48655
G1 X103.831 Y106.795 E.50608
G1 X102.431 Y106.086 E.5677
G1 X101.679 Y105.545 E.60407
G1 X101.565 Y105.341 E.61325
G1 X101.425 Y104.988 E.62816
G1 X101.277 Y104.431 E.65079
G1 X101.213 Y103.705 E.67941
G1 X101.2 Y103.193 E.69952
G1 X101.3 Y102.535 E.72565
G1 X101.545 Y101.763 E.75745
G1 X101.909 Y101.125 E.78629
G1 X102.364 Y100.514 E.8162
G1 X102.613 Y100.25 E.83045
G1 X102.997 Y100.02 E.84803
G1 X103.395 Y99.717 E.86767
G1 X103.921 Y99.252 E.89524
G1 X103.711 Y98.898 F7800
G1 F884.349
G1 X103.744 Y98.869 E.89696
G1 X104.259 Y98.764 E.9176
G1 X104.47 Y98.789 E.92594
G1 X104.905 Y99.075 E.94638
G1 X105.369 Y99.29 E.96646
G1 X106.002 Y99.537 E.99314
G1 X106.73 Y100.039 E1.02786
G1 X107.643 Y100.856 E1.07597
G1 X108.029 Y101.175 E1.09563
G1 X108.439 Y102.076 E1.1345
G1 X108.485 Y102.789 E1.16255
G1 X108.513 Y103.303 E1.18276
G1 X108.406 Y104.087 E1.21383
G1 X108.054 Y104.95 E1.25043
G1 X107.814 Y105.428 E1.27143
G1 X107.269 Y106.42 E1.31587
G1 X107.033 Y106.771 E1.33248
G1 X106.139 Y107.072 E1.36952
G1 X105.212 Y107.319 E1.40719
G1 X104.701 Y107.4 E1.4275
G1 X104.194 Y107.382 E1.44742
G1 X103.662 Y107.166 E1.46996
G1 X102.219 Y106.435 E1.53347
G1 X101.367 Y105.823 E1.57466
G1 X101.209 Y105.539 E1.58742
G1 X101.009 Y105.032 E1.60882
G1 X100.875 Y104.499 E1.6304
G1 X100.806 Y103.728 E1.66079
G1 X100.792 Y103.167 E1.68282
G1 X100.902 Y102.442 E1.71161
G1 X101.17 Y101.598 E1.74638
G1 X101.461 Y101.088 E1.76944
G1 X101.858 Y100.511 E1.79694
G1 X102.224 Y100.059 E1.81978
G1 X103.144 Y99.397 E1.86428
G1 X103.666 Y98.938 E1.89157
G1 X103.493 Y98.641 F7800
;TYPE:External perimeter
G1 F884.349
G1 X103.564 Y98.607 E1.89466
G1 X104.126 Y98.566 E1.91679
G1 X104.788 Y98.45 E1.94318
G1 X105.346 Y98.675 E1.9668
G1 X105.825 Y99.041 E1.99047
G1 X106.316 Y99.262 E2.01161
G1 X106.701 Y99.677 E2.03384
G1 X107.278 Y99.787 E2.0569
G1 X107.767 Y100.351 E2.08621
G1 X108.273 Y100.691 E2.11015
G1 X108.561 Y101.357 E2.13864
G1 X108.718 Y102.573 E2.18678
G1 X109.104 Y103.378 E2.22183
G1 X108.893 Y103.863 E2.2426
G1 X108.88 Y104.462 E2.26613
G1 X108.449 Y104.91 E2.29054
G1 X108.203 Y105.589 E2.3189
G1 X107.85 Y106.153 E2.34503
G1 X107.64 Y106.757 E2.37014
G1 X107.068 Y107.032 E2.39506
G1 X105.757 Y107.537 E2.45022
G1 X105.356 Y107.879 E2.47091
G1 X104.639 Y107.768 E2.4994
G1 X104.165 Y107.944 E2.51925
G1 X103.627 Y107.41 E2.54901
G1 X103.16 Y107.145 E2.57009
G1 X102.364 Y107.076 E2.60146
G1 X101.995 Y106.633 E2.6241
G1 X101.397 Y106.526 E2.64795
G1 X100.789 Y106.004 E2.67941
G1 X100.392 Y104.844 E2.72755
G1 X100.621 Y104.077 E2.75898
G1 X100.368 Y103.595 E2.78035
G1 X100.467 Y102.875 E2.80889
G1 X100.327 Y102.263 E2.83354
G1 X101.103 Y101.212 E2.88484
G1 X101.333 Y100.697 E2.90699
G1 X101.655 Y100.34 E2.92587
G1 X101.817 Y99.743 E2.95016
G1 X102.233 Y99.331 E2.97315
G1 X102.853 Y99.188 E2.99813
G1 X103.136 Y98.813 E3.01658
G1 X103.439 Y98.667 E3.02979
G1 X103.832 Y98.593 F7800
G92 E0
G1 X102.736 Y100.411
;TYPE:Solid infill
;WIDTH:0.38292
G1 F1058.823
G1 X102.581 Y100.562 E.0071
G1 X102.122 Y101.094 E.03014
G1 X101.818 Y101.885 F7800
G1 F1058.823
G1 X101.777 Y101.896 E.03153
G1 X101.758 Y101.825 E.03394
G1 X101.829 Y101.844 E.03635
;WIDTH:0.41646
G1 F963.754
G1 X101.918 Y101.706 E.04227
;WIDTH:0.449999
G1 F884.349
G1 X102.008 Y101.567 E.04877
G1 X103.745 Y99.83 E.14522
G1 X104.057 Y99.485 E.16348
;WIDTH:0.38292
G1 F1058.823
G1 X104.277 Y99.437 E.17086
;WIDTH:0.41646
G1 F963.754
G1 X104.386 Y99.547 E.17644
;WIDTH:0.449999
G1 F884.349
G1 X104.495 Y99.656 E.18249
G1 X101.622 Y102.529 E.34202
G1 X101.506 Y103.221 E.36957
G1 X104.874 Y99.852 E.55662
G1 X105.283 Y100.019 E.57397
G1 X101.526 Y103.776 E.78259
G1 X101.573 Y104.305 E.80344
G1 X105.69 Y100.188 E1.03205
G1 X106.031 Y100.423 E1.04831
G1 X101.679 Y104.774 E1.28994
G1 X101.834 Y105.195 E1.30756
G1 X106.363 Y100.666 E1.55905
G1 X106.669 Y100.935 E1.57505
G1 X102.119 Y105.486 E1.82773
G1 X102.454 Y105.726 E1.84391
G1 X106.976 Y101.205 E2.09498
G1 X107.282 Y101.474 E2.11098
G1 X102.817 Y105.939 E2.35891
G1 X103.199 Y106.133 E2.37573
G1 X107.537 Y101.795 E2.61661
G1 X107.724 Y102.184 E2.63356
G1 X103.581 Y106.326 E2.86359
G1 X103.964 Y106.52 E2.88045
G1 X107.774 Y102.709 E3.09204
G1 X107.798 Y103.261 E3.11373
G1 X104.375 Y106.684 E3.3038
G1 X105.621 Y106.631 F7800
;WIDTH:0.38292
G1 F1058.823
G1 X104.95 Y106.809 E3.32657
;WIDTH:0.41646
G1 F963.754
G1 X104.973 Y106.724 E3.32974
;WIDTH:0.449999
G1 F884.349
G1 X104.996 Y106.639 E3.3332
G1 X107.702 Y103.933 E3.48346
G1 X107.504 Y104.644 E3.51244
;WIDTH:0.38292
G1 F1058.823
G1 X107.433 Y104.625 E3.51485
G1 X107.452 Y104.696 E3.51726
G1 X107.493 Y104.685 E3.51865
;WIDTH:0.41646
G1 F963.754
G1 X107.381 Y104.814 E3.52481
;WIDTH:0.449999
G1 F884.349
G1 X105.78 Y106.431 E3.61416
;LAYER_CHANGE
;Z:14.15
;HEIGHT:0.2
G92 E0
G1 Z14.15 F7800
G1 X104.06 Y99.174
;TYPE:Perimeter
G1 F884.349
G1 X104.087 Y99.153 E.00134
G1 X104.318 Y99.198 E.01058
G1 X104.862 Y99.484 E.03471
G1 X105.867 Y99.9 E.07742
G1 X106.483 Y100.309 E.10645
G1 X107.281 Y101.033 E.14876
G1 X107.848 Y101.511 E.17788
G1 X107.997 Y101.869 E.19311
G1 X108.077 Y102.304 E.21048
G1 X108.104 Y102.892 E.23359
G1 X108.077 Y103.4 E.25356
G1 X107.987 Y104.004 E.27754
G1 X107.78 Y104.567 E.30109
G1 X107.539 Y105.07 E.32299
G1 X107.174 Y105.718 E.35219
G1 X106.763 Y106.386 E.38299
G1 X106.051 Y106.633 E.41258
G1 X105.085 Y106.884 E.45177
G1 X104.608 Y106.957 E.47072
G1 X104.321 Y106.947 E.482
G1 X103.827 Y106.74 E.50303
G1 X102.968 Y106.293 E.54105
G1 X102.209 Y105.878 E.57502
M73 P60 R11
G1 X101.713 Y105.536 E.59868
G1 X101.398 Y104.8 E.63011
G1 X101.271 Y104.282 E.65105
G1 X101.216 Y103.589 E.67835
G1 X101.204 Y103.023 E.70058
G1 X101.309 Y102.378 E.72624
G1 X101.539 Y101.701 E.75431
G1 X101.878 Y101.101 E.78137
M73 Q60 S11
G1 X102.182 Y100.671 E.80205
G1 X102.618 Y100.284 E.82494
G1 X104.012 Y99.21 E.89404
G1 X103.867 Y98.81 F7800
G1 F884.349
G1 X104.135 Y98.734 E.90498
G1 X104.511 Y98.84 E.92032
G1 X105.018 Y99.108 E.94284
G1 X106.059 Y99.539 E.98708
G1 X106.734 Y99.987 E1.01889
G1 X108.187 Y101.276 E1.09516
G1 X108.385 Y101.742 E1.11504
G1 X108.483 Y102.285 E1.13671
G1 X108.512 Y102.893 E1.16061
G1 X108.483 Y103.422 E1.18141
G1 X108.38 Y104.113 E1.20884
G1 X108.156 Y104.726 E1.23447
G1 X107.901 Y105.258 E1.25763
G1 X107.322 Y106.284 E1.30389
G1 X107.018 Y106.736 E1.32528
G1 X106.678 Y106.835 E1.33918
G1 X106.174 Y107.022 E1.36029
G1 X105.187 Y107.278 E1.40033
G1 X104.656 Y107.361 E1.42143
G1 X104.223 Y107.346 E1.43844
G1 X103.638 Y107.1 E1.46336
G1 X102.313 Y106.416 E1.52191
G1 X101.87 Y106.142 E1.54236
G1 X101.387 Y105.8 E1.5656
G1 X101.179 Y105.372 E1.58428
G1 X100.981 Y104.832 E1.60686
G1 X100.868 Y104.344 E1.62653
G1 X100.81 Y103.609 E1.65548
G1 X100.796 Y102.995 E1.67959
G1 X100.912 Y102.279 E1.70807
G1 X101.166 Y101.534 E1.73898
G1 X101.445 Y101.04 E1.76126
G1 X101.764 Y100.557 E1.78399
G1 X102.103 Y100.17 E1.80419
G1 X102.619 Y99.767 E1.8299
G1 X103.063 Y99.464 E1.85101
G1 X103.807 Y98.827 E1.88947
G1 X103.643 Y98.387 F7800
;TYPE:External perimeter
G1 F884.349
G1 X104.057 Y98.346 E1.90581
G1 X104.639 Y98.247 E1.92899
G1 X105.006 Y98.864 E1.95718
G1 X105.528 Y99.053 E1.97898
G1 X106.255 Y99.176 E2.00793
G1 X107.048 Y99.865 E2.04918
G1 X107.63 Y100.057 E2.07324
G1 X108.117 Y100.502 E2.09914
G1 X108.438 Y101.046 E2.12394
G1 X108.894 Y101.58 E2.15151
G1 X109.049 Y102.069 E2.17165
G1 X108.908 Y102.72 E2.1978
G1 X109.031 Y103.271 E2.21997
G1 X108.791 Y103.88 E2.24567
G1 X108.7 Y104.387 E2.2659
G1 X108.486 Y104.837 E2.28547
G1 X108.115 Y105.445 E2.31344
G1 X108.084 Y106.023 E2.33617
G1 X107.622 Y106.453 E2.36095
G1 X107.559 Y106.965 E2.38121
G1 X107.04 Y107.297 E2.4054
G1 X105.806 Y107.602 E2.45531
G1 X105.326 Y107.781 E2.47542
G1 X104.79 Y107.584 E2.49784
G1 X104.169 Y107.549 E2.52226
G1 X103.534 Y107.325 E2.5487
G1 X102.918 Y107.14 E2.57395
G1 X102.405 Y107.012 E2.59471
G1 X101.837 Y106.698 E2.62019
G1 X101.449 Y106.325 E2.64132
G1 X101.007 Y106.153 E2.65994
G1 X100.691 Y105.718 E2.68105
G1 X100.679 Y104.966 E2.71058
G1 X100.463 Y104.302 E2.738
G1 X100.374 Y103.777 E2.75891
G1 X100.252 Y103.265 E2.77958
G1 X100.511 Y102.638 E2.80622
G1 X100.888 Y101.453 E2.85505
G1 X101.077 Y101.045 E2.87271
G1 X101.466 Y100.558 E2.89718
G1 X101.784 Y100.075 E2.91989
G1 X102.2 Y99.626 E2.94392
G1 X102.525 Y99.213 E2.96456
G1 X103.131 Y98.861 E2.99208
G1 X103.441 Y98.407 E3.01367
G1 X103.583 Y98.393 E3.01927
G1 X103.981 Y98.354 F7800
G92 E0
G1 X101.727 Y104.828
;TYPE:Solid infill
G1 F884.349
G1 X102.727 Y105.828 E.05553
G1 X102.886 Y105.919 E.06272
;WIDTH:0.41646
G1 F963.754
G1 X103.045 Y106.009 E.0693
;WIDTH:0.38292
G1 F1058.823
G1 X103.056 Y106.05 E.07069
G1 X102.985 Y106.069 E.0731
G1 X103.004 Y105.998 E.07551
G1 X104.519 Y106.785 F7800
G1 F1058.823
G1 X104.084 Y106.667 E.09029
;WIDTH:0.41646
G1 F963.754
G1 X104.001 Y106.555 E.09531
;WIDTH:0.449999
G1 F884.349
G1 X103.918 Y106.444 E.10075
G1 X101.562 Y104.087 E.2316
G1 X101.488 Y104.123 E.23483
;WIDTH:0.41646
G1 F963.754
G1 X101.414 Y104.158 E.23778
;WIDTH:0.38292
G1 F1058.823
G1 X101.525 Y104.667 E.25486
G1 X101.519 Y103.469 F7800
;WIDTH:0.449999
G1 F884.349
G1 X104.69 Y106.64 E.43094
G1 X105.172 Y106.546 E.45022
G1 X101.532 Y102.906 E.65234
G1 X101.618 Y102.416 E.67187
G1 X105.629 Y106.427 E.89459
G1 X106.077 Y106.3 E.91287
G1 X101.764 Y101.987 E1.15236
G1 X101.949 Y101.596 E1.16934
G1 X106.503 Y106.15 E1.42222
G1 X106.76 Y105.831 E1.4383
G1 X102.16 Y101.231 E1.69373
G1 X102.399 Y100.894 E1.70995
G1 X106.967 Y105.463 E1.96363
G1 X107.175 Y105.094 E1.98026
G1 X102.693 Y100.613 E2.22911
G1 X103.017 Y100.361 E2.24523
G1 X107.371 Y104.715 E2.487
G1 X107.547 Y104.316 E2.50412
G1 X103.353 Y100.121 E2.73703
G1 X103.681 Y99.873 E2.75318
G1 X107.698 Y103.89 E2.97624
G1 X107.772 Y103.389 E2.99612
G1 X103.991 Y99.608 E3.20607
G1 X104.704 Y99.745 E3.23458
G1 X107.796 Y102.837 E3.40627
G1 X107.072 Y101.496 F7800
;WIDTH:0.509267
G1 F771.958
G1 X107.096 Y101.547 E3.40881
;WIDTH:0.470918
G1 F841.126
G1 X107.12 Y101.597 E3.4111
;WIDTH:0.432569
G1 F923.909
G1 X107.143 Y101.648 E3.4132
;WIDTH:0.39422
G1 F1024.766
G1 X107.167 Y101.699 E3.41511
;WIDTH:0.371651
G1 F1095.12
G1 X107.812 Y102.333 E3.44379
G1 X107.804 Y102.208 E3.44776
G1 X107.624 Y101.674 E3.46563
G1 X107.363 Y101.464 E3.47625
;WIDTH:0.415892
G1 F965.22
G1 X107.3 Y101.439 E3.47869
;WIDTH:0.462415
G1 F858.175
G1 X107.237 Y101.413 E3.48145
;WIDTH:0.508938
G1 F772.503
G1 X107.174 Y101.388 E3.4845
;WIDTH:0.555461
G1 F702.384
G1 X107.112 Y101.362 E3.48782
;WIDTH:0.601984
G1 F643.934
G1 X107.049 Y101.337 E3.49147
;WIDTH:0.648506
G1 F594.466
G1 X106.986 Y101.311 E3.49545
G1 X106.249 Y100.609 E3.5549
;LAYER_CHANGE
;Z:14.35
;HEIGHT:0.200001
G92 E0
G1 Z14.35 F7800
G1 X104.078 Y99.14
;TYPE:Perimeter
;WIDTH:0.449999
G1 F884.349
G1 X104.329 Y99.177 E.00996
G1 X105.423 Y99.694 E.05747
G1 X105.932 Y99.905 E.0791
G1 X106.588 Y100.34 E.11001
G1 X107.374 Y101.067 E.15205
G1 X107.957 Y101.576 E.18244
G1 X108.041 Y101.824 E.19272
G1 X108.054 Y102.387 E.21483
G1 X108.112 Y103.102 E.243
G1 X107.982 Y103.995 E.27843
G1 X107.784 Y104.547 E.30146
G1 X107.561 Y105.011 E.32167
G1 X107.04 Y105.914 E.3626
G1 X106.735 Y106.351 E.38352
G1 X106.45 Y106.426 E.39509
G1 X105.945 Y106.62 E.41633
G1 X104.958 Y106.87 E.45631
G1 X104.427 Y106.92 E.47725
G1 X103.963 Y106.761 E.49651
G1 X103.461 Y106.532 E.51817
G1 X102.938 Y106.22 E.54208
G1 X102.276 Y105.866 E.57156
G1 X101.706 Y105.487 E.59844
G1 X101.55 Y105.163 E.61256
G1 X101.371 Y104.616 E.63516
G1 X101.264 Y104.125 E.65489
G1 X101.215 Y103.507 E.67923
G1 X101.208 Y102.857 E.70475
G1 X101.277 Y102.457 E.72069
G1 X101.466 Y101.771 E.74863
G1 X101.733 Y101.25 E.77162
G1 X102.053 Y100.827 E.79245
G1 X102.46 Y100.408 E.81539
G1 X104.028 Y99.166 E.89393
G1 X103.882 Y98.781 F7800
G1 F884.349
G1 X103.985 Y98.736 E.89834
G1 X104.448 Y98.784 E.91662
G1 X105.625 Y99.339 E.96771
G1 X106.124 Y99.544 E.98889
G1 X106.84 Y100.019 E1.02263
G1 X107.885 Y100.985 E1.07851
G1 X108.305 Y101.334 E1.09995
G1 X108.448 Y101.819 E1.1198
G1 X108.458 Y102.335 E1.14006
G1 X108.52 Y103.129 E1.17133
G1 X108.378 Y104.094 E1.20963
G1 X108.16 Y104.704 E1.23506
G1 X107.921 Y105.201 E1.25671
G1 X107.594 Y105.768 E1.28241
G1 X107.309 Y106.246 E1.30426
G1 X106.994 Y106.703 E1.32605
G1 X106.555 Y106.82 E1.34389
G1 X106.071 Y107.008 E1.36428
G1 X105.165 Y107.237 E1.40097
G1 X104.611 Y107.322 E1.42298
G1 X104.252 Y107.31 E1.43708
G1 X103.745 Y107.109 E1.45849
G1 X103.006 Y106.732 E1.49106
G1 X101.851 Y106.082 E1.5431
G1 X101.383 Y105.754 E1.56554
G1 X101.118 Y105.205 E1.58948
G1 X100.976 Y104.717 E1.60944
G1 X100.86 Y104.184 E1.63086
G1 X100.808 Y103.525 E1.65682
G1 X100.801 Y102.825 E1.68431
G1 X100.924 Y102.108 E1.71287
G1 X101.149 Y101.48 E1.73906
G1 X101.389 Y101.032 E1.75902
G1 X101.742 Y100.564 E1.78204
G1 X102.175 Y100.117 E1.80648
G1 X103.828 Y98.806 E1.88932
G1 X103.745 Y98.54 F7800
;TYPE:External perimeter
G1 F884.349
G1 X103.885 Y98.486 E1.89521
G1 X104.566 Y98.266 E1.92331
G1 X105.052 Y98.508 E1.94463
G1 X105.599 Y98.899 E1.97103
G1 X106.239 Y99.228 E1.99929
G1 X106.786 Y99.704 E2.02776
G1 X107.351 Y99.914 E2.05143
G1 X107.585 Y100.41 E2.07296
G1 X108.281 Y100.754 E2.10344
G1 X108.491 Y101.21 E2.12315
G1 X108.956 Y101.624 E2.1476
G1 X109.014 Y102.138 E2.16791
G1 X108.749 Y102.615 E2.18934
G1 X108.822 Y103.098 E2.20852
G1 X108.736 Y103.159 E2.21266
G1 X108.864 Y103.675 E2.23353
G1 X108.74 Y104.153 E2.25292
G1 X108.648 Y104.889 E2.28204
G1 X108.359 Y105.404 E2.30523
G1 X107.999 Y105.752 E2.32489
G1 X107.95 Y106.252 E2.34462
G1 X107.647 Y106.719 E2.36648
G1 X107.183 Y107.023 E2.38826
G1 X106.179 Y107.402 E2.4304
G1 X105.545 Y107.535 E2.45584
G1 X104.866 Y107.555 E2.48251
G1 X104.371 Y107.596 E2.50201
G1 X103.927 Y107.454 E2.52031
G1 X103.229 Y107.334 E2.54812
G1 X102.826 Y107.116 E2.56611
G1 X102.404 Y106.721 E2.58881
G1 X101.954 Y106.492 E2.60864
G1 X101.469 Y106.215 E2.63057
G1 X100.851 Y105.904 E2.65773
G1 X100.724 Y105.167 E2.68709
G1 X100.519 Y104.602 E2.71069
G1 X100.488 Y103.982 E2.73506
G1 X100.309 Y103.461 E2.75669
G1 X100.229 Y102.975 E2.77603
G1 X100.505 Y102.241 E2.80682
G1 X100.584 Y101.707 E2.82802
G1 X100.997 Y101.302 E2.85073
G1 X101.054 Y100.547 E2.88046
G1 X101.506 Y99.971 E2.90921
G1 X102.23 Y99.732 E2.93915
G1 X102.792 Y99.312 E2.9667
G1 X103.225 Y98.742 E2.99481
G1 X103.689 Y98.562 E3.01435
G1 X104.067 Y98.429 F7800
G1 X103.227 Y99.995
;TYPE:Solid infill
;WIDTH:0.38292
G1 F1058.823
G1 X102.739 Y100.416 E3.03549
G1 X101.993 Y101.184 E3.0706
G1 X101.637 Y102.109 F7800
G1 F1058.823
G1 X101.596 Y102.12 E3.07199
G1 X101.577 Y102.049 E3.0744
G1 X101.648 Y102.068 E3.07681
;WIDTH:0.41646
G1 F963.754
G1 X101.719 Y101.93 E3.0824
;WIDTH:0.449999
G1 F884.349
G1 X101.79 Y101.791 E3.08853
G1 X104.022 Y99.559 E3.21247
G1 X104.536 Y99.622 E3.2328
G1 X101.563 Y102.594 E3.39786
G1 X101.517 Y103.216 E3.42235
G1 X104.93 Y99.803 E3.61187
G1 X105.325 Y99.984 E3.62893
G1 X101.542 Y103.767 E3.83899
G1 X101.609 Y104.276 E3.85915
M73 P61 R11
G1 X105.732 Y100.153 E4.08809
G1 X106.086 Y100.374 E4.10448
M73 Q61 S11
G1 X101.724 Y104.737 E4.34672
G1 X101.884 Y105.152 E4.36418
G1 X106.428 Y100.608 E4.6165
G1 X106.727 Y100.885 E4.6325
G1 X102.177 Y105.434 E4.88513
G1 X102.528 Y105.659 E4.9015
G1 X107.026 Y101.161 E5.15127
G1 X107.325 Y101.438 E5.16727
G1 X102.905 Y105.858 E5.41271
G1 X103.275 Y106.063 E5.42932
G1 X107.634 Y101.705 E5.67134
G1 X107.74 Y102.175 E5.69026
G1 X103.638 Y106.277 E5.91804
G1 X104.033 Y106.457 E5.93508
G1 X107.789 Y102.701 E6.14364
G1 X107.776 Y103.29 E6.16677
G1 X104.451 Y106.615 E6.3514
G1 X104.646 Y106.671 E6.35937
;WIDTH:0.41646
G1 F963.754
G1 X104.841 Y106.727 E6.36668
;WIDTH:0.38292
G1 F1058.823
G1 X104.931 Y106.717 E6.36965
;WIDTH:0.449999
G1 F884.349
G1 X107.663 Y103.979 E6.52152
G1 X107.455 Y104.707 E6.55125
;WIDTH:0.38292
G1 F1058.823
G1 X107.384 Y104.688 E6.55366
G1 X107.403 Y104.759 E6.55607
G1 X107.444 Y104.748 E6.55746
;WIDTH:0.41646
G1 F963.754
G1 X107.328 Y104.877 E6.56371
;WIDTH:0.449999
G1 F884.349
G1 X105.913 Y106.304 E6.64262
;LAYER_CHANGE
;Z:14.55
;HEIGHT:0.2
G92 E0
G1 Z14.55 F7800
G1 X104.059 Y99.155
;TYPE:Perimeter
G1 F884.349
G1 X104.076 Y99.144 E.0008
G1 X104.504 Y99.215 E.01783
G1 X105.498 Y99.681 E.06094
G1 X105.959 Y99.875 E.08058
G1 X106.723 Y100.397 E.11691
G1 X107.506 Y101.154 E.15967
G1 X108.022 Y101.61 E.18671
G1 X108.04 Y101.7 E.19031
G1 X108.042 Y102.226 E.21096
G1 X108.117 Y103.042 E.24313
G1 X107.989 Y103.955 E.27933
G1 X107.853 Y104.343 E.29547
G1 X107.582 Y104.955 E.32175
G1 X107.089 Y105.798 E.36009
G1 X106.757 Y106.3 E.38372
G1 X106.386 Y106.397 E.39878
G1 X105.85 Y106.605 E.42135
G1 X104.941 Y106.841 E.45822
G1 X104.433 Y106.882 E.47823
G1 X103.962 Y106.713 E.49788
G1 X103.174 Y106.324 E.53239
G1 X102.671 Y106.015 E.55557
G1 X102.085 Y105.713 E.58145
G1 X101.67 Y105.421 E.60137
G1 X101.531 Y105.093 E.61536
G1 X101.366 Y104.501 E.63949
G1 X101.256 Y103.967 E.6609
G1 X101.214 Y103.424 E.68228
G1 X101.212 Y102.684 E.71134
G1 X101.305 Y102.142 E.73293
G1 X101.413 Y101.86 E.74479
G1 X101.682 Y101.29 E.76954
G1 X102.18 Y100.663 E.80098
G1 X102.552 Y100.282 E.82189
G1 X103.79 Y99.32 E.88345
G1 X104.008 Y99.186 E.8935
G1 X103.907 Y98.778 F7800
G1 F884.349
G1 X103.958 Y98.747 E.89584
G1 X104.268 Y98.756 E.90802
G1 X104.663 Y98.84 E.92388
G1 X105.671 Y99.313 E.9676
G1 X106.154 Y99.515 E.98816
G1 X106.981 Y100.081 E1.02751
G1 X107.789 Y100.862 E1.07163
G1 X108.373 Y101.366 E1.10192
G1 X108.448 Y101.632 E1.11277
G1 X108.446 Y102.175 E1.13409
G1 X108.525 Y103.068 E1.16929
G1 X108.386 Y104.051 E1.20827
G1 X108.165 Y104.682 E1.23452
G1 X107.941 Y105.146 E1.25475
G1 X107.327 Y106.197 E1.30254
G1 X107.001 Y106.662 E1.32484
G1 X106.533 Y106.777 E1.34376
G1 X105.975 Y106.993 E1.36725
G1 X105.164 Y107.203 E1.40014
G1 X104.57 Y107.288 E1.4237
G1 X104.281 Y107.275 E1.43506
G1 X103.793 Y107.083 E1.45565
G1 X102.958 Y106.67 E1.49223
G1 X102.485 Y106.377 E1.51408
G1 X101.781 Y106.014 E1.54518
G1 X101.357 Y105.695 E1.56601
G1 X101.146 Y105.228 E1.58613
G1 X100.97 Y104.597 E1.61185
G1 X100.852 Y104.024 E1.63482
G1 X100.807 Y103.44 E1.65782
G1 X100.805 Y102.65 E1.68884
G1 X100.911 Y102.034 E1.71338
G1 X101.085 Y101.577 E1.73258
G1 X101.343 Y101.062 E1.7552
G1 X101.874 Y100.394 E1.78871
G1 X102.28 Y99.977 E1.81156
G1 X103.54 Y98.999 E1.87419
G1 X103.855 Y98.809 E1.88863
G1 X103.766 Y98.434 F7800
;TYPE:External perimeter
G1 F884.349
G1 X104.14 Y98.227 E1.90541
G1 X104.58 Y98.525 E1.92628
G1 X105.161 Y98.534 E1.9491
G1 X105.74 Y98.992 E1.97809
G1 X106.43 Y99.079 E2.0054
G1 X106.967 Y99.608 E2.035
G1 X107.47 Y99.96 E2.05911
G1 X107.824 Y100.529 E2.08542
G1 X108.713 Y101.206 E2.1293
G1 X108.951 Y101.877 E2.15725
G1 X108.789 Y102.567 E2.18508
G1 X108.775 Y103.09 E2.20562
G1 X108.871 Y103.446 E2.2201
G1 X108.804 Y104.175 E2.24884
G1 X108.678 Y104.682 E2.26935
G1 X108.389 Y105.15 E2.29095
G1 X108.206 Y105.597 E2.30992
G1 X107.761 Y106.036 E2.33446
G1 X107.154 Y106.809 E2.37305
G1 X106.823 Y107.005 E2.38815
G1 X106.21 Y107.472 E2.41841
G1 X105.582 Y107.315 E2.44383
G1 X105.171 Y107.772 E2.46796
G1 X104.709 Y107.725 E2.48619
G1 X104.053 Y107.421 E2.51458
G1 X103.54 Y107.493 E2.53492
G1 X103.041 Y107.028 E2.5617
G1 X102.528 Y107.016 E2.58185
G1 X102.213 Y106.598 E2.6024
G1 X101.697 Y106.613 E2.62267
G1 X101.407 Y106.006 E2.64908
G1 X100.769 Y105.827 E2.6751
G1 X100.834 Y105.17 E2.70102
G1 X100.485 Y104.151 E2.74331
G1 X100.279 Y103.712 E2.76235
G1 X100.253 Y102.975 E2.79131
G1 X100.35 Y102.473 E2.81139
G1 X100.499 Y101.917 E2.83399
G1 X100.896 Y101.434 E2.85854
G1 X101.154 Y100.837 E2.88408
G1 X101.444 Y100.464 E2.90263
G1 X101.72 Y100.007 E2.92359
G1 X102.064 Y99.576 E2.94524
G1 X102.716 Y99.21 E2.9746
G1 X102.968 Y98.696 E2.99708
G1 X103.477 Y98.594 E3.01746
G1 X103.714 Y98.463 E3.02809
G1 X104.064 Y98.269 F7800
G92 E0
G1 X101.764 Y104.791
;TYPE:Solid infill
G1 F884.349
G1 X102.615 Y105.643 E.04728
G1 X102.753 Y105.73 E.05369
;WIDTH:0.41646
G1 F963.754
G1 X102.892 Y105.817 E.0596
;WIDTH:0.38292
G1 F1058.823
G1 X102.873 Y105.888 E.06201
G1 X102.944 Y105.869 E.06442
G1 X102.933 Y105.828 E.06581
G1 X104.212 Y106.507 F7800
G1 F1058.823
G1 X104.223 Y106.548 E.0672
G1 X104.152 Y106.567 E.06961
G1 X104.171 Y106.496 E.07202
;WIDTH:0.41646
G1 F963.754
G1 X104.033 Y106.421 E.07768
;WIDTH:0.449999
G1 F884.349
G1 X103.895 Y106.346 E.08385
G1 X101.581 Y104.033 E.21232
G1 X101.519 Y103.395 E.23749
G1 X104.684 Y106.56 E.41324
G1 X105.166 Y106.467 E.43251
G1 X101.518 Y102.818 E.63511
G1 X101.586 Y102.311 E.6552
G1 X105.623 Y106.348 E.87937
G1 X106.052 Y106.201 E.89718
G1 X101.731 Y101.88 E1.13712
G1 X101.919 Y101.492 E1.15405
G1 X106.479 Y106.053 E1.40729
G1 X106.759 Y105.757 E1.42329
G1 X102.17 Y101.167 E1.67814
G1 X102.426 Y100.848 E1.6942
G1 X106.972 Y105.394 E1.94663
G1 X107.184 Y105.03 E1.96317
G1 X102.71 Y100.557 E2.21158
G1 X103.028 Y100.299 E2.22766
G1 X107.386 Y104.657 E2.46965
G1 X107.56 Y104.255 E2.48685
G1 X103.352 Y100.047 E2.72051
G1 X103.676 Y99.795 E2.73663
G1 X107.699 Y103.819 E2.96005
G1 X107.771 Y103.314 E2.98008
G1 X104 Y99.543 E3.18948
G1 X104.655 Y99.623 E3.21539
G1 X107.804 Y102.771 E3.39022
G92 E0
G1 X106.631 Y100.98 F7800
;WIDTH:0.510762
G1 F769.491
G1 X106.654 Y101.031 E.00252
;WIDTH:0.471124
G1 F840.721
G1 X106.677 Y101.082 E.00483
;WIDTH:0.431486
G1 F926.484
G1 X106.7 Y101.133 E.00693
;WIDTH:0.391848
G1 F1031.732
G1 X106.723 Y101.184 E.00881
;WIDTH:0.359628
G1 F1136.694
G1 X107.348 Y101.804 E.0357
;WIDTH:0.369403
G1 F1102.661
G1 X107.779 Y102.228 E.05474
G1 X107.775 Y101.761 E.06945
G1 X106.94 Y100.963 E.10582
;WIDTH:0.395433
G1 F1021.24
G1 X106.883 Y100.939 E.10792
;WIDTH:0.438655
G1 F909.699
G1 X106.827 Y100.915 E.11025
;WIDTH:0.481878
G1 F820.125
G1 X106.771 Y100.891 E.11283
;WIDTH:0.525101
G1 F746.609
G1 X106.715 Y100.867 E.11566
;WIDTH:0.568323
G1 F685.189
G1 X106.659 Y100.843 E.11875
;WIDTH:0.611546
G1 F633.106
G1 X106.603 Y100.818 E.12211
;WIDTH:0.654768
G1 F588.381
G1 X106.547 Y100.794 E.12571
;LAYER_CHANGE
;Z:14.75
;HEIGHT:0.2
G92 E0
G1 Z14.75 F7800
G1 X103.944 Y99.189
;TYPE:Perimeter
;WIDTH:0.449999
G1 F884.349
G1 X103.946 Y99.188 E.00009
G1 X104.387 Y99.142 E.0175
G1 X105.982 Y99.841 E.08588
G1 X106.722 Y100.359 E.12135
G1 X107.172 Y100.732 E.1443
G1 X108.032 Y101.648 E.19363
G1 X108.043 Y102.102 E.21146
G1 X108.122 Y102.98 E.24607
M73 P62 R11
G1 X107.996 Y103.914 E.28308
G1 X107.86 Y104.309 E.29948
G1 X107.603 Y104.898 E.32471
G1 X107.067 Y105.802 E.36598
G1 X106.78 Y106.236 E.38641
G1 X106.438 Y106.329 E.40033
G1 X105.716 Y106.601 E.43062
G1 X105.068 Y106.773 E.45694
M73 Q62 S11
G1 X104.481 Y106.845 E.48016
G1 X104.088 Y106.723 E.49632
G1 X103.227 Y106.33 E.53348
G1 X102.642 Y105.958 E.5607
G1 X102.081 Y105.652 E.58579
G1 X101.662 Y105.372 E.60558
G1 X101.523 Y105.016 E.62059
G1 X101.378 Y104.455 E.64334
G1 X101.277 Y103.957 E.66329
G1 X101.203 Y103.307 E.68898
G1 X101.212 Y102.672 E.71392
G1 X101.273 Y102.145 E.73475
G1 X101.539 Y101.547 E.76045
G1 X102.213 Y100.582 E.80667
G1 X102.486 Y100.307 E.82188
G1 X102.913 Y99.957 E.84356
G1 X103.896 Y99.225 E.89168
G1 X103.838 Y98.809 F7800
G1 F884.349
G1 X104.13 Y98.759 E.90331
G1 X104.508 Y98.751 E.91816
G1 X106.182 Y99.484 E.98991
G1 X106.956 Y100.026 E1.02701
G1 X107.458 Y100.442 E1.05261
G1 X108.429 Y101.473 E1.10822
G1 X108.447 Y102.055 E1.13108
G1 X108.529 Y103.007 E1.1686
G1 X108.394 Y104.008 E1.20826
G1 X108.246 Y104.441 E1.22623
G1 X107.962 Y105.091 E1.25408
G1 X107.319 Y106.174 E1.30353
G1 X107.025 Y106.593 E1.32363
G1 X106.581 Y106.71 E1.34166
G1 X105.84 Y106.989 E1.37275
G1 X104.995 Y107.214 E1.40708
G1 X104.448 Y107.255 E1.42862
G1 X103.933 Y107.1 E1.44974
G1 X103.033 Y106.688 E1.4886
G1 X102.424 Y106.302 E1.51691
G1 X101.878 Y106.007 E1.54128
G1 X101.356 Y105.653 E1.56604
G1 X101.134 Y105.141 E1.58795
G1 X100.964 Y104.48 E1.61475
G1 X100.843 Y103.859 E1.63959
G1 X100.795 Y103.322 E1.66076
G1 X100.805 Y102.666 E1.68652
G1 X100.879 Y102.03 E1.71166
G1 X101.183 Y101.346 E1.74105
G1 X101.9 Y100.321 E1.79017
G1 X102.212 Y100.006 E1.80758
G1 X102.662 Y99.636 E1.83045
G1 X103.753 Y98.824 E1.88385
G1 X103.779 Y98.819 E1.88489
G1 X103.769 Y98.513 F7800
;TYPE:External perimeter
G1 F884.349
G1 X104.125 Y98.218 E1.90304
G1 X104.805 Y98.281 E1.92985
G1 X105.325 Y98.472 E1.9516
G1 X105.9 Y98.937 E1.98064
G1 X106.581 Y99.174 E2.00895
G1 X107.18 Y99.493 E2.0356
G1 X107.448 Y99.915 E2.05523
G1 X107.931 Y100.21 E2.07745
G1 X108.279 Y100.74 E2.10235
G1 X108.795 Y101.179 E2.12895
G1 X108.887 Y101.909 E2.15784
G1 X109.039 Y102.413 E2.17851
G1 X108.993 Y102.973 E2.20057
G1 X108.808 Y103.149 E2.2106
G1 X108.794 Y103.762 E2.23468
G1 X108.634 Y104.195 E2.25281
G1 X108.678 Y104.775 E2.27565
G1 X108.429 Y105.279 E2.29772
G1 X108.152 Y105.645 E2.31574
G1 X107.844 Y106.2 E2.34066
G1 X107.53 Y106.705 E2.36401
G1 X107.068 Y107.056 E2.38679
G1 X106.377 Y107.255 E2.41502
G1 X105.908 Y107.266 E2.43344
G1 X105.317 Y107.553 E2.45924
G1 X104.81 Y107.533 E2.47916
G1 X104.1 Y107.707 E2.50786
G1 X103.011 Y107.328 E2.55313
G1 X102.564 Y106.828 E2.57946
G1 X101.854 Y106.629 E2.60841
G1 X101.341 Y106.098 E2.6374
G1 X100.704 Y105.623 E2.6686
M73 P62 R10
G1 X100.772 Y104.984 E2.69383
G1 X100.507 Y104.397 E2.71912
G1 X100.433 Y103.697 E2.74676
G1 X100.532 Y103.24 E2.76512
G1 X100.471 Y102.535 E2.7929
G1 X100.488 Y101.855 E2.81961
G1 X100.64 Y101.402 E2.83837
G1 X101.126 Y100.93 E2.86497
G1 X101.463 Y100.346 E2.89144
G1 X101.713 Y99.843 E2.91349
G1 X102.185 Y99.619 E2.934
G1 X102.555 Y99.045 E2.96081
G1 X103.156 Y98.884 E2.98524
G1 X103.649 Y98.613 E3.00733
G1 X103.723 Y98.551 E3.01112
G1 X104.031 Y98.296 F7800
G1 X103.28 Y99.873
;TYPE:Solid infill
;WIDTH:0.38292
G1 F1058.823
G1 X102.367 Y100.715 E3.05185
G1 X101.798 Y101.714 F7800
;WIDTH:0.449999
G1 F884.349
G1 X103.941 Y99.572 E3.17082
G1 X104.026 Y99.463 E3.17625
;WIDTH:0.41646
G1 F963.754
G1 X104.112 Y99.354 E3.18125
;WIDTH:0.38292
G1 F1058.823
G1 X104.36 Y99.327 E3.18943
;WIDTH:0.449999
G1 F884.349
G1 X104.544 Y99.544 E3.2006
G1 X101.519 Y102.57 E3.3686
G1 X101.51 Y103.154 E3.39153
G1 X104.944 Y99.72 E3.58221
G1 X105.345 Y99.895 E3.59939
G1 X101.544 Y103.696 E3.81045
G1 X101.632 Y104.184 E3.82992
G1 X105.745 Y100.07 E4.05834
G1 X106.097 Y100.294 E4.07472
M73 Q62 S10
G1 X101.743 Y104.648 E4.31649
G1 X101.878 Y105.089 E4.3346
G1 X106.436 Y100.531 E4.5877
G1 X106.766 Y100.777 E4.60386
G1 X102.18 Y105.362 E4.85849
G1 X102.568 Y105.551 E4.87544
G1 X107.06 Y101.059 E5.12487
G1 X107.338 Y101.356 E5.14084
G1 X102.92 Y105.774 E5.38616
G1 X103.273 Y105.997 E5.40255
G1 X107.617 Y101.653 E5.64377
G1 X107.739 Y102.106 E5.66219
G1 X103.656 Y106.19 E5.88894
G1 X104.051 Y106.371 E5.906
G1 X107.796 Y102.625 E6.11398
G1 X107.782 Y103.214 E6.13711
G1 X104.463 Y106.534 E6.32144
G1 X105.132 Y106.44 E6.34797
G1 X107.681 Y103.892 E6.48948
G1 X107.498 Y104.605 E6.51838
;WIDTH:0.38292
G1 F1058.823
G1 X107.427 Y104.586 E6.52079
G1 X107.446 Y104.658 E6.52323
G1 X107.487 Y104.647 E6.52462
;WIDTH:0.41646
G1 F963.754
G1 X107.366 Y104.775 E6.53097
;WIDTH:0.449999
G1 F884.349
G1 X105.968 Y106.18 E6.60879
G1 X105.846 Y106.264 E6.61461
;WIDTH:0.41646
G1 F963.754
G1 X105.724 Y106.347 E6.61993
;WIDTH:0.38292
G1 F1058.823
G1 X105.653 Y106.328 E6.62234
G1 X105.672 Y106.399 E6.62475
G1 X105.713 Y106.388 E6.62614
;LAYER_CHANGE
;Z:14.95
;HEIGHT:0.2
G92 E0
G1 Z14.95 F7800
G1 X103.843 Y99.23
;TYPE:Perimeter
;WIDTH:0.449999
G1 F884.349
G1 X104.273 Y99.114 E.01749
G1 X104.455 Y99.118 E.02464
G1 X106.013 Y99.812 E.09161
G1 X106.86 Y100.415 E.13243
G1 X107.308 Y100.769 E.15485
G1 X107.74 Y101.28 E.18112
G1 X108.054 Y101.705 E.20187
G1 X108.073 Y102.352 E.22729
G1 X108.128 Y102.916 E.24954
G1 X108.003 Y103.873 E.28744
G1 X107.868 Y104.275 E.30409
G1 X107.62 Y104.849 E.32864
G1 X107.345 Y105.318 E.34999
G1 X106.801 Y106.171 E.38971
G1 X106.46 Y106.274 E.4037
G1 X105.833 Y106.521 E.43016
G1 X104.923 Y106.775 E.46726
G1 X104.427 Y106.802 E.48676
G1 X103.954 Y106.629 E.50654
G1 X103.31 Y106.324 E.53452
G1 X102.77 Y106.009 E.55907
G1 X102.228 Y105.662 E.58434
G1 X101.686 Y105.364 E.60863
G1 X101.54 Y105.015 E.62348
G1 X101.355 Y104.274 E.65347
G1 X101.256 Y103.735 E.67499
G1 X101.179 Y103.145 E.69835
G1 X101.206 Y102.596 E.71993
G1 X101.29 Y102.084 E.7403
G1 X101.583 Y101.459 E.7674
G1 X102.083 Y100.732 E.80204
G1 X102.419 Y100.325 E.82276
G1 X102.896 Y99.906 E.84769
G1 X103.393 Y99.513 E.87257
G1 X103.791 Y99.258 E.89113
G1 X103.679 Y98.87 F7800
G1 F884.349
G1 X103.753 Y98.827 E.89449
G1 X104.247 Y98.702 E.9145
G1 X104.576 Y98.726 E.92745
G1 X106.215 Y99.456 E.9979
G1 X107.406 Y100.318 E1.05563
G1 X107.762 Y100.676 E1.07545
G1 X108.45 Y101.533 E1.1186
G1 X108.477 Y102.301 E1.14877
G1 X108.534 Y102.945 E1.17416
G1 X108.402 Y103.965 E1.21454
G1 X108.254 Y104.405 E1.23277
G1 X108.036 Y104.925 E1.25491
G1 X107.756 Y105.428 E1.27751
G1 X107.413 Y105.983 E1.30313
G1 X107.048 Y106.523 E1.32872
G1 X106.609 Y106.653 E1.3467
G1 X105.962 Y106.907 E1.37399
G1 X104.99 Y107.179 E1.41362
G1 X104.337 Y107.202 E1.43928
G1 X103.796 Y107.005 E1.46189
G1 X103.135 Y106.692 E1.49061
G1 X101.352 Y105.618 E1.57234
G1 X101.15 Y105.133 E1.59297
G1 X100.957 Y104.36 E1.62425
G1 X100.834 Y103.689 E1.65104
G1 X100.77 Y103.159 E1.672
G1 X100.801 Y102.552 E1.69586
G1 X100.897 Y101.962 E1.71933
G1 X101.229 Y101.255 E1.75
G1 X101.916 Y100.256 E1.79761
G1 X102.238 Y99.929 E1.81563
G1 X102.676 Y99.56 E1.83812
G1 X103.238 Y99.129 E1.86593
G1 X103.627 Y98.901 E1.88363
G1 X103.454 Y98.377 F7800
;TYPE:External perimeter
G1 F884.349
G1 X103.538 Y98.293 E1.88829
G1 X104.194 Y98.232 E1.91416
G1 X104.924 Y98.251 E1.94283
G1 X105.472 Y98.76 E1.9722
G1 X106.069 Y98.855 E1.99594
G1 X106.641 Y99.29 E2.02416
G1 X107.205 Y99.781 E2.05352
G1 X107.654 Y99.933 E2.07213
G1 X108.278 Y100.363 E2.10189
G1 X108.596 Y101.075 E2.13251
G1 X108.857 Y101.45 E2.15045
G1 X108.884 Y102.117 E2.17666
G1 X109.126 Y102.816 E2.2057
G1 X108.94 Y103.015 E2.2164
G1 X108.966 Y103.757 E2.24555
G1 X108.598 Y104.272 E2.2704
G1 X108.468 Y104.886 E2.29504
G1 X108.221 Y105.474 E2.32008
G1 X108.052 Y106.013 E2.34226
G1 X107.579 Y106.592 E2.37162
G1 X106.603 Y107.099 E2.4148
G1 X105.979 Y107.212 E2.4397
G1 X105.569 Y107.634 E2.4628
G1 X104.897 Y107.51 E2.48963
G1 X104.207 Y107.675 E2.51749
G1 X103.741 Y107.466 E2.53754
G1 X103.304 Y107.233 E2.55699
G1 X102.84 Y107.089 E2.57607
G1 X102.472 Y106.776 E2.59504
G1 X101.903 Y106.591 E2.61853
G1 X101.358 Y106.183 E2.64526
G1 X100.747 Y105.681 E2.67631
G1 X100.566 Y105.063 E2.70159
G1 X100.629 Y104.005 E2.74321
G1 X100.412 Y103.386 E2.76896
G1 X100.467 Y102.932 E2.78692
G1 X100.41 Y102.43 E2.80676
G1 X100.849 Y101.404 E2.85058
G1 X101.007 Y100.834 E2.8738
G1 X101.411 Y100.474 E2.89505
G1 X101.601 Y99.955 E2.91675
G1 X102.03 Y99.519 E2.94077
G1 X102.595 Y99.237 E2.96556
G1 X103.412 Y98.419 E3.01095
G1 X103.787 Y98.279 F7800
G92 E0
G1 X101.789 Y104.749
;TYPE:Solid infill
G1 F884.349
G1 X102.526 Y105.487 E.04095
G1 X102.665 Y105.583 E.04758
;WIDTH:0.41646
G1 F963.754
G1 X102.803 Y105.679 E.05364
;WIDTH:0.38292
G1 F1058.823
G1 X102.784 Y105.75 E.05605
G1 X102.855 Y105.731 E.05846
G1 X102.844 Y105.69 E.05985
G1 X104.181 Y106.411 F7800
G1 F1058.823
G1 X104.192 Y106.452 E.06124
G1 X104.121 Y106.471 E.06365
G1 X104.14 Y106.4 E.06606
;WIDTH:0.41646
G1 F963.754
G1 X104.001 Y106.324 E.07177
;WIDTH:0.449999
G1 F884.349
G1 X103.863 Y106.248 E.07796
G1 X101.616 Y104.001 E.20273
G1 X101.507 Y103.316 E.22996
G1 X104.673 Y106.483 E.40579
G1 X105.159 Y106.392 E.4252
M73 P63 R10
G1 X101.505 Y102.739 E.62807
G1 X101.575 Y102.233 E.64813
M73 Q63 S10
G1 X105.608 Y106.266 E.87208
G1 X106.032 Y106.114 E.88977
G1 X101.747 Y101.829 E1.12771
G1 X101.953 Y101.46 E1.1443
G1 X106.451 Y105.958 E1.39407
G1 X106.753 Y105.684 E1.41008
G1 X102.187 Y101.118 E1.66362
G1 X102.422 Y100.777 E1.67988
G1 X106.976 Y105.331 E1.93276
G1 X107.195 Y104.975 E1.94917
G1 X102.698 Y100.477 E2.19891
G1 X103.012 Y100.216 E2.21494
G1 X107.4 Y104.604 E2.4586
G1 X107.571 Y104.2 E2.47583
G1 X103.33 Y99.958 E2.71135
G1 X103.655 Y99.708 E2.72745
G1 X107.709 Y103.762 E2.95256
G1 X107.77 Y103.247 E2.97292
G1 X104.02 Y99.497 E3.18115
G1 X104.355 Y99.257 E3.19733
;WIDTH:0.38292
G1 F1058.823
G1 X104.336 Y99.328 E3.19974
G1 X104.407 Y99.309 E3.20215
G1 X104.396 Y99.268 E3.20354
;WIDTH:0.41646
G1 F963.754
G1 X104.519 Y99.405 E3.21017
;WIDTH:0.449999
G1 F884.349
G1 X107.812 Y102.713 E3.39344
G1 X107.654 Y101.846 F7800
;WIDTH:0.670922
G1 F573.247
G1 X107.525 Y101.694 E3.40552
;WIDTH:0.703862
G1 F544.677
G1 X107.396 Y101.542 E3.41823
;WIDTH:0.73181
G1 F522.58
G1 X106.78 Y100.906 E3.47706
G1 X106.593 Y100.748 E3.49333
;WIDTH:0.69094
G1 F555.539
G1 X106.405 Y100.589 E3.50872
;WIDTH:0.65007
G1 F592.935
G1 X106.218 Y100.43 E3.52309
;WIDTH:0.609199
G1 F635.729
G1 X106.03 Y100.272 E3.5365
;WIDTH:0.568329
G1 F685.181
G1 X105.842 Y100.113 E3.54898
;LAYER_CHANGE
;Z:15.15
;HEIGHT:0.2
G92 E0
G1 Z15.15 F7800
G1 X103.783 Y99.273
;TYPE:Perimeter
;WIDTH:0.449999
G1 F884.349
G1 X104.318 Y99.085 E.02227
G1 X104.501 Y99.084 E.02946
G1 X106.045 Y99.784 E.09602
G1 X107.311 Y100.689 E.15712
G1 X107.59 Y101.038 E.17466
G1 X108.036 Y101.721 E.20669
G1 X108.066 Y102.234 E.22687
G1 X108.131 Y102.752 E.24737
G1 X108.08 Y103.322 E.26984
G1 X108.014 Y103.821 E.2896
G1 X107.808 Y104.445 E.3154
G1 X107.339 Y105.309 E.354
G1 X106.848 Y106.084 E.39002
G1 X105.837 Y106.475 E.43258
G1 X104.998 Y106.714 E.46683
G1 X104.467 Y106.749 E.48772
G1 X103.882 Y106.557 E.5119
G1 X103.024 Y106.147 E.54924
G1 X101.678 Y105.273 E.61225
G1 X101.545 Y104.964 E.62546
G1 X101.35 Y104.167 E.65768
G1 X101.234 Y103.525 E.6833
G1 X101.183 Y102.965 E.70538
G1 X101.264 Y102.196 E.73574
G1 X101.375 Y101.902 E.74808
G1 X101.632 Y101.365 E.77146
G1 X102.107 Y100.66 E.80484
G1 X102.453 Y100.238 E.82627
G1 X103.334 Y99.488 E.8717
G1 X103.695 Y99.304 E.88761
G1 X103.726 Y99.293 E.8889
G1 X103.637 Y98.889 F7800
G1 F884.349
G1 X103.777 Y98.832 E.89484
G1 X104.306 Y98.663 E.91665
G1 X104.627 Y98.695 E.92932
G1 X106.249 Y99.429 E.99922
G1 X107.593 Y100.39 E1.06409
G1 X107.835 Y100.692 E1.07929
G1 X108.436 Y101.576 E1.12126
G1 X108.47 Y102.183 E1.14513
G1 X108.541 Y102.744 E1.16733
G1 X108.48 Y103.415 E1.19379
G1 X108.412 Y103.915 E1.2136
G1 X108.184 Y104.605 E1.24213
G1 X107.747 Y105.427 E1.27868
G1 X107.056 Y106.479 E1.3281
G1 X106.632 Y106.601 E1.34542
G1 X105.968 Y106.861 E1.37342
G1 X105.068 Y107.118 E1.41017
G1 X104.415 Y107.16 E1.43586
G1 X103.73 Y106.935 E1.46417
G1 X102.824 Y106.503 E1.50358
G1 X101.388 Y105.57 E1.57082
G1 X101.158 Y105.094 E1.59158
G1 X100.951 Y104.252 E1.62563
G1 X100.83 Y103.579 E1.65248
G1 X100.774 Y102.962 E1.67681
G1 X100.865 Y102.101 E1.71081
G1 X101 Y101.743 E1.72583
G1 X101.278 Y101.162 E1.75112
G1 X101.933 Y100.191 E1.79711
G1 X102.161 Y99.955 E1.80999
G1 X102.693 Y99.495 E1.8376
G1 X103.314 Y99.02 E1.8683
G1 X103.582 Y98.911 E1.87966
G1 X103.519 Y98.576 F7800
;TYPE:External perimeter
G1 F884.349
G1 X103.852 Y98.49 E1.89316
G1 X104.577 Y98.11 E1.9253
G1 X105.112 Y98.366 E1.94859
G1 X105.687 Y98.81 E1.97711
G1 X106.407 Y98.907 E2.00564
G1 X106.895 Y99.497 E2.0357
G1 X107.29 Y99.913 E2.05822
G1 X108.106 Y100.355 E2.09466
G1 X108.65 Y100.849 E2.12351
G1 X108.891 Y101.419 E2.14781
G1 X108.98 Y101.995 E2.17069
G1 X108.766 Y102.564 E2.19456
G1 X109.023 Y103.279 E2.22439
G1 X109.002 Y103.993 E2.25244
G1 X108.479 Y104.377 E2.27792
G1 X108.44 Y105.11 E2.30674
G1 X108.074 Y105.479 E2.32715
G1 X107.747 Y105.869 E2.34713
G1 X107.696 Y106.374 E2.36706
G1 X107.315 Y106.847 E2.39091
G1 X106.849 Y107.024 E2.41048
G1 X106.434 Y107.324 E2.43059
G1 X105.745 Y107.156 E2.45844
G1 X105.351 Y107.516 E2.4794
G1 X104.702 Y107.445 E2.50503
G1 X104.032 Y107.667 E2.53274
G1 X103.497 Y107.108 E2.56312
G1 X102.824 Y106.993 E2.58993
G1 X102.245 Y106.504 E2.61969
G1 X101.768 Y106.354 E2.63932
G1 X101.172 Y105.912 E2.66845
G1 X100.805 Y104.778 E2.71525
G1 X100.568 Y104.154 E2.74146
G1 X100.29 Y103.702 E2.7623
G1 X100.237 Y103.149 E2.78411
G1 X100.49 Y102.575 E2.80874
G1 X100.608 Y102.131 E2.82678
G1 X100.504 Y101.394 E2.856
G1 X100.987 Y100.984 E2.88088
G1 X101.24 Y100.597 E2.89903
G1 X101.514 Y100.032 E2.92369
G1 X101.898 Y99.753 E2.94233
G1 X102.24 Y99.357 E2.96287
G1 X102.785 Y98.907 E2.99062
G1 X103.227 Y98.652 E3.01066
G1 X103.461 Y98.591 E3.02015
G1 X103.845 Y98.48 F7800
G1 X104.429 Y99.254
;TYPE:Solid infill
;WIDTH:0.38292
G1 F1058.823
G1 X103.989 Y99.37 E3.03507
G1 X102.407 Y100.573 F7800
G1 F1058.823
G1 X103.432 Y99.611 E3.08117
;WIDTH:0.41646
G1 F963.754
G1 X103.629 Y99.596 E3.08829
;WIDTH:0.449999
G1 F884.349
G1 X103.826 Y99.581 E3.09605
G1 X101.913 Y101.494 E3.20228
G1 X101.546 Y102.437 F7800
G1 F884.349
G1 X104.542 Y99.441 E3.36864
G1 X104.939 Y99.619 E3.38572
G1 X101.498 Y103.06 E3.57679
G1 X101.554 Y103.58 E3.59733
G1 X105.335 Y99.798 E3.80731
G1 X105.732 Y99.977 E3.82441
G1 X101.642 Y104.068 E4.05155
G1 X101.753 Y104.532 E4.07028
G1 X106.093 Y100.193 E4.31125
G1 X106.428 Y100.433 E4.32743
G1 X101.883 Y104.978 E4.57981
G1 X102.193 Y105.243 E4.59582
G1 X106.764 Y100.673 E4.84961
G1 X107.099 Y100.913 E4.86579
G1 X102.542 Y105.47 E5.11883
G1 X102.891 Y105.697 E5.13518
G1 X107.354 Y101.234 E5.383
G1 X107.581 Y101.583 E5.39935
G1 X103.248 Y105.916 E5.63995
G1 X103.638 Y106.102 E5.65692
G1 X107.746 Y101.993 E5.88506
G1 X107.795 Y102.521 E5.90588
G1 X104.031 Y106.284 E6.11486
G1 X104.464 Y106.427 E6.13276
G1 X107.794 Y103.097 E6.31767
G1 X107.716 Y103.75 E6.34349
G1 X105.098 Y106.368 E6.48886
G1 X105.678 Y106.318 E6.51172
;WIDTH:0.38292
G1 F1058.823
G1 X105.637 Y106.329 E6.51311
G1 X105.618 Y106.258 E6.51552
G1 X105.689 Y106.277 E6.51793
;WIDTH:0.41646
G1 F963.754
G1 X105.811 Y106.193 E6.52327
;WIDTH:0.449999
G1 F884.349
G1 X105.933 Y106.109 E6.52909
G1 X107.43 Y104.605 E6.61241
;WIDTH:0.41646
G1 F963.754
G1 X107.552 Y104.476 E6.61881
;WIDTH:0.38292
G1 F1058.823
G1 X107.511 Y104.487 E6.6202
G1 X107.492 Y104.416 E6.62261
G1 X107.563 Y104.435 E6.62502
;LAYER_CHANGE
;Z:15.35
;HEIGHT:0.200001
G92 E0
G1 Z15.35 F7800
M73 P64 R10
G1 X103.81 Y99.235
;TYPE:Perimeter
;WIDTH:0.449999
G1 F884.349
G1 X104.147 Y99.092 E.01437
G1 X104.403 Y99.026 E.02475
G1 X104.656 Y99.101 E.03511
G1 X106.056 Y99.739 E.09552
G1 X107.298 Y100.633 E.15561
G1 X107.586 Y100.979 E.17329
M73 Q64 S10
G1 X108.034 Y101.695 E.20645
G1 X108.142 Y102.818 E.25075
G1 X108.019 Y103.788 E.28914
G1 X107.813 Y104.422 E.31531
G1 X107.388 Y105.217 E.35071
G1 X106.854 Y106.072 E.39029
G1 X106.507 Y106.169 E.40444
G1 X105.841 Y106.429 E.43251
G1 X105.073 Y106.653 E.46392
G1 X104.431 Y106.701 E.4892
G1 X103.604 Y106.402 E.52373
G1 X102.977 Y106.091 E.55121
G1 X101.746 Y105.271 E.60929
G1 X101.589 Y104.981 E.62224
G1 X101.342 Y104.059 E.65972
G1 X101.236 Y103.473 E.6831
G1 X101.213 Y102.727 E.71241
G1 X101.254 Y102.227 E.73211
G1 X101.402 Y101.824 E.74897
G1 X101.677 Y101.275 E.77308
G1 X102.269 Y100.38 E.81521
G1 X102.793 Y99.866 E.84403
G1 X103.328 Y99.44 E.87088
G1 X103.755 Y99.259 E.88909
G1 X103.652 Y98.86 F7800
G1 F884.349
G1 X103.988 Y98.718 E.90341
G1 X104.399 Y98.611 E.92009
G1 X104.827 Y98.731 E.93754
G1 X106.27 Y99.391 E.99984
G1 X107.58 Y100.336 E1.06326
G1 X107.916 Y100.74 E1.08389
G1 X108.433 Y101.565 E1.12212
G1 X108.548 Y102.849 E1.17274
G1 X108.418 Y103.877 E1.21343
G1 X108.189 Y104.583 E1.24257
G1 X107.74 Y105.421 E1.2799
G1 X107.137 Y106.389 E1.32468
G1 X106.655 Y106.548 E1.34461
G1 X105.973 Y106.814 E1.37335
G1 X105.146 Y107.056 E1.40718
G1 X104.374 Y107.113 E1.43757
G1 X103.444 Y106.777 E1.4764
G1 X102.773 Y106.444 E1.50581
G1 X101.475 Y105.581 E1.56701
G1 X101.28 Y105.266 E1.58156
G1 X101.169 Y104.985 E1.59342
G1 X100.882 Y103.803 E1.64118
G1 X100.823 Y103.221 E1.66415
G1 X100.798 Y102.688 E1.6851
G1 X100.854 Y102.134 E1.70696
G1 X101.028 Y101.662 E1.72671
G1 X101.324 Y101.071 E1.75266
G1 X101.949 Y100.125 E1.79718
G1 X102.377 Y99.677 E1.82151
G1 X103.146 Y99.075 E1.85986
G1 X103.596 Y98.884 E1.87905
G1 X103.545 Y98.607 F7800
;TYPE:External perimeter
G1 F884.349
G1 X103.706 Y98.542 E1.88587
G1 X104.135 Y98.112 E1.90972
G1 X105.31 Y98.654 E1.96053
G1 X105.822 Y98.92 E1.98318
G1 X106.491 Y99.033 E2.00982
G1 X106.925 Y99.421 E2.03268
G1 X107.335 Y99.871 E2.05658
G1 X108.114 Y100.103 E2.08849
G1 X108.229 Y100.675 E2.1114
G1 X108.555 Y101.298 E2.13901
G1 X108.879 Y101.667 E2.15829
G1 X108.785 Y102.419 E2.18805
G1 X109.142 Y102.856 E2.21021
G1 X109.038 Y103.411 E2.23238
G1 X108.978 Y103.939 E2.25325
G1 X108.759 Y104.578 E2.27977
G1 X108.207 Y105.085 E2.3092
G1 X108.177 Y105.752 E2.33542
G1 X107.625 Y106.229 E2.36407
G1 X107.315 Y106.633 E2.38406
G1 X106.837 Y107.022 E2.40826
G1 X106.109 Y107.068 E2.4369
G1 X105.533 Y107.351 E2.4621
G1 X105.094 Y107.399 E2.47944
G1 X104.561 Y107.494 E2.5007
G1 X104.069 Y107.378 E2.52055
G1 X103.496 Y107.417 E2.5431
G1 X102.934 Y107.103 E2.56838
G1 X102.616 Y106.633 E2.59066
G1 X102.095 Y106.422 E2.61273
G1 X101.397 Y106.195 E2.64155
G1 X100.99 Y105.907 E2.66113
G1 X100.879 Y105.232 E2.68799
G1 X100.836 Y104.7 E2.70895
G1 X100.694 Y104.032 E2.73576
G1 X100.327 Y103.433 E2.76334
G1 X100.226 Y102.76 E2.79006
G1 X100.275 Y102.047 E2.81812
G1 X100.893 Y100.892 E2.86955
G1 X101.407 Y100.457 E2.89599
G1 X101.729 Y99.941 E2.91987
G1 X101.948 Y99.434 E2.94155
G1 X102.535 Y99.122 E2.96765
G1 X103.129 Y98.777 E2.99462
G1 X103.489 Y98.63 E3.00989
G1 X103.823 Y98.41 F7800
G92 E0
G1 X101.805 Y104.607
;TYPE:Solid infill
G1 F884.349
G1 X102.813 Y105.615 E.05597
G1 X102.951 Y105.712 E.06259
;WIDTH:0.41646
G1 F963.754
G1 X103.09 Y105.809 E.0687
;WIDTH:0.38292
G1 F1058.823
G1 X103.071 Y105.881 E.07114
G1 X103.142 Y105.861 E.07356
G1 X103.131 Y105.82 E.07495
G1 X104.457 Y106.514 F7800
G1 F1058.823
G1 X104.154 Y106.428 E.08528
;WIDTH:0.41646
G1 F963.754
G1 X104.073 Y106.322 E.09009
;WIDTH:0.449999
G1 F884.349
G1 X103.991 Y106.217 E.09532
G1 X101.612 Y103.838 E.22742
G1 X101.539 Y103.866 E.23049
;WIDTH:0.41646
G1 F963.754
G1 X101.466 Y103.893 E.23329
;WIDTH:0.38292
G1 F1058.823
G1 X101.604 Y104.447 E.25201
G1 X101.532 Y103.182 F7800
;WIDTH:0.449999
G1 F884.349
G1 X104.723 Y106.373 E.4292
G1 X105.218 Y106.293 E.44889
G1 X101.523 Y102.598 E.65407
G1 X101.619 Y102.118 E.67329
G1 X105.663 Y106.163 E.89787
G1 X106.083 Y106.006 E.91548
G1 X101.796 Y101.72 E1.1535
G1 X101.997 Y101.345 E1.17021
G1 X106.505 Y105.853 E1.42053
G1 X106.804 Y105.576 E1.43653
G1 X102.226 Y100.998 E1.69074
G1 X102.455 Y100.652 E1.70703
G1 X107.025 Y105.221 E1.96077
G1 X107.235 Y104.856 E1.9773
G1 X102.725 Y100.345 E2.22776
G1 X103.022 Y100.067 E2.24373
G1 X107.436 Y104.481 E2.48883
G1 X107.605 Y104.074 E2.50613
G1 X103.335 Y99.805 E2.74321
G1 X103.72 Y99.613 E2.7601
G1 X107.732 Y103.625 E2.98288
G1 X107.796 Y103.114 E3.0031
G1 X104.12 Y99.438 E3.20722
G1 X104.73 Y99.472 E3.23121
G1 X107.805 Y102.548 E3.40199
G92 E0
G1 X106.598 Y100.729 F7800
;WIDTH:0.500541
G1 F786.679
G1 X106.631 Y100.793 E.00318
;WIDTH:0.456013
G1 F871.475
G1 X106.663 Y100.857 E.00603
;WIDTH:0.411486
G1 F976.76
G1 X106.696 Y100.921 E.00859
;WIDTH:0.369387
G1 F1102.715
G1 X107.792 Y102.015 E.05735
G1 X107.764 Y101.763 E.06533
G1 X107.371 Y101.135 E.08866
;WIDTH:0.386
G1 F1049.318
G1 X107.122 Y100.85 E.10118
G1 X106.905 Y100.675 E.11041
;WIDTH:0.410225
G1 F980.113
G1 X106.839 Y100.654 E.11286
;WIDTH:0.453492
G1 F876.827
G1 X106.772 Y100.633 E.11564
;WIDTH:0.496758
G1 F793.235
G1 X106.705 Y100.611 E.11873
;WIDTH:0.540025
G1 F724.194
G1 X106.639 Y100.59 E.12205
;WIDTH:0.583292
G1 F666.209
G1 X106.572 Y100.569 E.12571
;WIDTH:0.626558
G1 F616.821
G1 X106.506 Y100.547 E.12963
G1 X106.298 Y100.371 E.14497
;WIDTH:0.582678
G1 F666.966
G1 X106.091 Y100.195 E.15912
;WIDTH:0.538797
G1 F725.987
G1 X105.883 Y100.018 E.17218
;LAYER_CHANGE
;Z:15.55
;HEIGHT:0.2
G92 E0
G1 Z15.55 F7800
G1 X103.143 Y99.488
;TYPE:Perimeter
;WIDTH:0.449999
G1 F884.349
G1 X103.149 Y99.483 E.00031
G1 X103.742 Y99.257 E.02523
G1 X104.322 Y98.983 E.05042
G1 X104.579 Y99.017 E.0606
G1 X105.407 Y99.381 E.09611
G1 X106.09 Y99.711 E.12589
G1 X106.77 Y100.186 E.15846
G1 X107.308 Y100.593 E.18495
G1 X107.747 Y101.165 E.21326
G1 X108.044 Y101.703 E.23739
G1 X108.145 Y102.736 E.27814
G1 X108.026 Y103.749 E.31819
G1 X107.911 Y104.108 E.33299
G1 X107.711 Y104.629 E.3549
G1 X106.899 Y105.999 E.41743
G1 X106.53 Y106.116 E.43263
G1 X105.676 Y106.434 E.46841
G1 X105.079 Y106.599 E.49273
G1 X104.42 Y106.66 E.51872
G1 X103.488 Y106.313 E.55777
G1 X102.922 Y106.029 E.58263
G1 X101.835 Y105.302 E.63398
G1 X101.579 Y104.81 E.65576
G1 X101.334 Y103.953 E.69076
G1 X101.232 Y103.385 E.71342
G1 X101.218 Y102.87 E.73365
G1 X101.243 Y102.253 E.7579
G1 X101.432 Y101.739 E.7794
G1 X101.699 Y101.208 E.80274
G1 X102.285 Y100.315 E.84468
G1 X102.746 Y99.828 E.87101
G1 X103.097 Y99.527 E.88917
G1 X102.96 Y99.13 F7800
G1 F884.349
G1 X103.006 Y99.102 E.89128
G1 X103.565 Y98.891 E.91474
G1 X104.297 Y98.57 E.94612
G1 X104.708 Y98.629 E.96242
G1 X105.813 Y99.116 E1.00983
G1 X106.304 Y99.364 E1.03143
G1 X107.009 Y99.856 E1.06519
G1 X107.594 Y100.298 E1.09398
G1 X107.893 Y100.669 E1.11269
G1 X108.184 Y101.096 E1.13298
G1 X108.444 Y101.593 E1.155
G1 X108.555 Y102.735 E1.20005
G1 X108.426 Y103.835 E1.24354
G1 X108.27 Y104.324 E1.26369
G1 X108 Y104.965 E1.291
G1 X107.183 Y106.337 E1.3537
G1 X106.678 Y106.495 E1.37448
G1 X105.976 Y106.769 E1.40407
G1 X105.459 Y106.926 E1.42529
G1 X104.856 Y107.05 E1.44946
G1 X104.354 Y107.07 E1.46919
G1 X103.325 Y106.687 E1.5123
G1 X102.717 Y106.382 E1.53901
G1 X101.522 Y105.583 E1.59545
G1 X101.199 Y104.961 E1.62297
G1 X100.937 Y104.045 E1.66038
G1 X100.825 Y103.427 E1.68504
G1 X100.806 Y102.717 E1.71293
G1 X100.843 Y102.162 E1.73477
G1 X101.058 Y101.577 E1.75924
G1 X101.346 Y101.005 E1.78439
G1 X101.964 Y100.062 E1.82866
G1 X102.389 Y99.613 E1.85294
G1 X102.82 Y99.215 E1.87597
G1 X102.908 Y99.161 E1.88002
G1 X102.867 Y98.949 F7800
;TYPE:External perimeter
G1 F884.349
G1 X102.984 Y98.877 E1.88541
G1 X103.278 Y98.377 E1.90818
G1 X103.74 Y98.15 E1.92839
G1 X104.304 Y98.347 E1.95185
G1 X104.843 Y98.457 E1.97345
G1 X105.433 Y98.294 E1.99748
G1 X105.872 Y98.804 E2.0239
G1 X106.316 Y98.927 E2.04199
G1 X107.403 Y99.515 E2.09051
G1 X107.81 Y99.998 E2.11531
G1 X108.33 Y100.248 E2.13796
G1 X108.787 Y101.392 E2.18633
G1 X108.84 Y101.87 E2.20521
G1 X108.872 Y102.619 E2.23465
G1 X108.821 Y103.195 E2.25735
G1 X108.904 Y103.759 E2.27973
G1 X108.669 Y104.353 E2.30481
G1 X108.59 Y104.905 E2.3267
G1 X108.266 Y105.306 E2.34694
G1 X108.005 Y105.955 E2.37441
G1 X107.763 Y106.387 E2.39385
G1 X107.146 Y106.649 E2.42017
G1 X106.046 Y107.192 E2.46834
G1 X105.299 Y107.225 E2.4977
G1 X104.635 Y107.413 E2.5248
G1 X103.985 Y107.411 E2.55032
G1 X103.439 Y107.023 E2.57662
G1 X102.7 Y106.966 E2.60572
G1 X102.168 Y106.522 E2.63293
G1 X101.653 Y106.375 E2.65396
G1 X101.441 Y105.888 E2.67482
G1 X101.195 Y105.407 E2.69603
G1 X100.661 Y104.905 E2.72481
G1 X100.445 Y104.203 E2.75365
G1 X100.467 Y103.716 E2.77279
G1 X100.342 Y103.209 E2.79329
G1 X100.602 Y101.584 E2.85791
G1 X101.004 Y101.185 E2.88015
G1 X101.047 Y100.617 E2.90252
G1 X101.576 Y100.114 E2.93118
G1 X101.85 Y99.712 E2.95028
G1 X102.407 Y99.233 E2.97913
G1 X102.816 Y98.98 E2.99801
G1 X103.086 Y98.684 F7800
G1 X103.216 Y99.663
;TYPE:Solid infill
;WIDTH:0.38292
G1 F1058.823
G1 X102.439 Y100.436 E3.03395
G1 X101.839 Y101.587 F7800
G1 F1058.823
G1 X101.798 Y101.598 E3.03534
G1 X101.779 Y101.527 E3.03775
G1 X101.85 Y101.546 E3.04016
;WIDTH:0.41646
G1 F963.754
M73 P65 R10
G1 X101.937 Y101.408 E3.04604
;WIDTH:0.449999
G1 F884.349
G1 X102.024 Y101.269 E3.05248
G1 X103.685 Y99.609 E3.14469
G1 X103.843 Y99.525 E3.15172
;WIDTH:0.41646
G1 F963.754
G1 X104.002 Y99.442 E3.15818
;WIDTH:0.38292
G1 F1058.823
G1 X103.961 Y99.453 E3.15957
G1 X103.942 Y99.382 E3.16198
G1 X104.013 Y99.401 E3.16439
;WIDTH:0.449999
G1 F884.349
G1 X104.537 Y99.332 E3.18514
G1 X101.543 Y102.327 E3.35142
G1 X101.524 Y102.921 E3.37476
M73 Q65 S10
G1 X104.937 Y99.508 E3.56428
G1 X105.337 Y99.684 E3.58144
G1 X101.556 Y103.465 E3.79139
G1 X101.65 Y103.947 E3.81067
G1 X105.733 Y99.864 E4.03739
G1 X106.089 Y100.083 E4.0538
G1 X101.778 Y104.394 E4.29318
G1 X101.928 Y104.82 E4.31091
G1 X106.428 Y100.319 E4.56082
G1 X106.762 Y100.562 E4.57704
G1 X102.167 Y105.157 E4.83219
G1 X102.512 Y105.388 E4.84849
G1 X107.089 Y100.81 E5.10267
G1 X107.348 Y101.127 E5.11874
G1 X102.857 Y105.618 E5.36812
G1 X103.216 Y105.835 E5.38459
G1 X107.579 Y101.472 E5.62686
G1 X107.75 Y101.877 E5.64412
G1 X103.599 Y106.027 E5.87459
G1 X104.017 Y106.185 E5.89214
G1 X107.795 Y102.407 E6.10193
G1 X107.81 Y102.968 E6.12397
G1 X104.437 Y106.341 E6.31127
G1 X105.061 Y106.292 E6.33585
G1 X107.733 Y103.62 E6.48422
G1 X107.67 Y104.192 E6.50682
;WIDTH:0.38292
G1 F1058.823
G1 X107.599 Y104.173 E6.50923
G1 X107.618 Y104.244 E6.51164
G1 X107.659 Y104.233 E6.51303
;WIDTH:0.41646
G1 F963.754
G1 X107.549 Y104.362 E6.51914
;WIDTH:0.449999
G1 F884.349
G1 X105.893 Y106.036 E6.6116
G1 X105.771 Y106.121 E6.61744
;WIDTH:0.41646
G1 F963.754
G1 X105.649 Y106.205 E6.62278
;WIDTH:0.38292
G1 F1058.823
G1 X105.578 Y106.186 E6.62519
G1 X105.597 Y106.257 E6.6276
G1 X105.638 Y106.246 E6.62899
;LAYER_CHANGE
;Z:15.75
;HEIGHT:0.2
G92 E0
G1 Z15.75 F7800
G1 X103.354 Y99.392
;TYPE:Perimeter
;WIDTH:0.449999
G1 F884.349
G1 X103.587 Y99.305 E.00977
G1 X104.323 Y98.94 E.04203
G1 X104.594 Y98.979 E.05278
G1 X105.479 Y99.352 E.09049
G1 X106.154 Y99.703 E.12036
G1 X106.724 Y100.099 E.14761
G1 X107.343 Y100.566 E.17806
G1 X107.496 Y100.755 E.18761
G1 X107.792 Y101.203 E.20869
G1 X108.055 Y101.739 E.23213
G1 X108.151 Y102.805 E.27416
G1 X108.036 Y103.699 E.30955
G1 X107.816 Y104.401 E.33844
G1 X107.496 Y105.004 E.36524
G1 X106.952 Y105.947 E.40799
G1 X106.552 Y106.064 E.42435
G1 X105.828 Y106.346 E.45486
G1 X105.334 Y106.497 E.47514
G1 X104.917 Y106.582 E.49185
G1 X104.412 Y106.614 E.51172
G1 X103.395 Y106.234 E.55435
G1 X102.865 Y105.967 E.57765
G1 X101.878 Y105.303 E.62436
G1 X101.73 Y105.062 E.63546
G1 X101.471 Y104.391 E.6637
G1 X101.33 Y103.863 E.68516
G1 X101.227 Y103.293 E.7079
G1 X101.199 Y102.614 E.73458
G1 X101.259 Y102.147 E.75307
G1 X101.452 Y101.673 E.77317
G1 X101.697 Y101.164 E.79535
G1 X102.299 Y100.253 E.83822
G1 X103.014 Y99.518 E.87848
G1 X103.298 Y99.412 E.89038
G1 X103.215 Y99.01 F7800
G1 F884.349
G1 X103.403 Y98.942 E.89823
G1 X104.153 Y98.562 E.93124
G1 X104.377 Y98.526 E.94015
G1 X104.724 Y98.592 E.95402
G1 X105.652 Y98.984 E.99357
G1 X106.365 Y99.354 E1.02511
G1 X106.963 Y99.769 E1.05369
G1 X107.628 Y100.271 E1.08641
G1 X107.907 Y100.616 E1.10383
G1 X108.217 Y101.116 E1.12693
G1 X108.454 Y101.632 E1.14923
G1 X108.561 Y102.813 E1.19579
G1 X108.435 Y103.786 E1.23431
G1 X108.195 Y104.551 E1.26579
G1 X107.843 Y105.218 E1.2954
G1 X107.457 Y105.848 E1.32441
G1 X107.224 Y106.294 E1.34417
G1 X106.704 Y106.441 E1.36539
G1 X105.962 Y106.73 E1.39666
G1 X105.454 Y106.886 E1.41753
G1 X104.908 Y106.994 E1.43938
G1 X104.343 Y107.024 E1.4616
G1 X103.233 Y106.608 E1.50814
G1 X102.659 Y106.319 E1.53337
G1 X101.577 Y105.592 E1.58455
G1 X101.364 Y105.243 E1.6006
G1 X101.084 Y104.517 E1.63115
G1 X100.932 Y103.952 E1.65412
G1 X100.821 Y103.338 E1.67862
G1 X100.792 Y102.603 E1.7075
G1 X100.865 Y102.043 E1.72967
G1 X101.082 Y101.503 E1.75252
G1 X101.342 Y100.963 E1.77605
G1 X101.978 Y100 E1.82136
G1 X102.801 Y99.162 E1.86748
G1 X103.159 Y99.031 E1.88245
G1 X103.064 Y98.601 F7800
;TYPE:External perimeter
G1 F884.349
G1 X103.444 Y98.584 E1.89739
G1 X103.867 Y98.231 E1.91902
G1 X104.457 Y98.025 E1.94356
G1 X105.065 Y98.253 E1.96906
G1 X105.531 Y98.649 E1.99307
G1 X106.103 Y98.643 E2.01553
G1 X106.627 Y98.882 E2.03814
G1 X107.525 Y99.643 E2.08436
G1 X108.02 Y99.99 E2.1081
G1 X108.475 Y100.494 E2.13476
G1 X108.721 Y101.062 E2.15906
G1 X108.944 Y101.706 E2.18582
G1 X109.04 Y102.184 E2.20496
G1 X109 Y102.764 E2.22779
G1 X109.003 Y102.984 E2.23643
G1 X108.687 Y103.627 E2.26456
G1 X108.732 Y104.382 E2.29426
G1 X108.302 Y104.949 E2.3222
G1 X108.093 Y105.614 E2.34957
G1 X107.725 Y106.067 E2.37249
G1 X107.492 Y106.584 E2.39476
G1 X106.917 Y106.803 E2.41892
G1 X106.422 Y106.82 E2.43837
G1 X105.894 Y107.094 E2.46173
G1 X105.376 Y107.164 E2.48225
G1 X104.906 Y107.39 E2.50273
G1 X104.441 Y107.362 E2.52102
G1 X103.764 Y107.244 E2.548
G1 X102.763 Y106.835 E2.59046
G1 X102.368 Y106.449 E2.61215
G1 X101.723 Y106.153 E2.64002
G1 X101.218 Y105.712 E2.66635
G1 X100.755 Y105.138 E2.69531
G1 X100.77 Y104.536 E2.71895
G1 X100.667 Y103.806 E2.7479
G1 X100.421 Y103.25 E2.77177
G1 X100.426 Y102.744 E2.79164
G1 X100.263 Y102.19 E2.81431
G1 X100.455 Y101.506 E2.8422
G1 X100.725 Y101.122 E2.86063
G1 X100.942 Y100.564 E2.88414
G1 X101.532 Y99.683 E2.92577
G1 X102.509 Y99.038 E2.97174
G1 X102.936 Y98.606 E2.99559
G1 X103.004 Y98.603 E2.99826
G1 X103.403 Y98.576 F7800
G92 E0
G1 X101.678 Y104.243
;TYPE:Solid infill
;WIDTH:0.38292
G1 F1058.823
G1 X101.659 Y104.314 E.00241
G1 X101.73 Y104.295 E.00482
G1 X101.719 Y104.254 E.00621
;WIDTH:0.41646
G1 F963.754
G1 X101.793 Y104.412 E.0125
;WIDTH:0.449999
G1 F884.349
G1 X101.867 Y104.569 E.01931
G1 X102.962 Y105.664 E.08011
G1 X103.101 Y105.751 E.08655
M73 P65 R9
;WIDTH:0.41646
G1 F963.754
G1 X103.239 Y105.837 E.09241
;WIDTH:0.38292
G1 F1058.823
G1 X103.22 Y105.908 E.09482
G1 X103.291 Y105.889 E.09723
G1 X103.28 Y105.848 E.09862
G1 X104.443 Y106.428 F7800
G1 F1058.823
G1 X104.176 Y106.35 E.10774
;WIDTH:0.41646
G1 F963.754
G1 X104.094 Y106.244 E.11257
;WIDTH:0.449999
G1 F884.349
G1 X104.012 Y106.138 E.11783
G1 X101.619 Y103.745 E.25071
G1 X101.523 Y103.074 E.27732
G1 X104.745 Y106.296 E.45623
G1 X105.234 Y106.209 E.47573
G1 X101.518 Y102.493 E.68207
G1 X101.63 Y102.029 E.70081
G1 X105.674 Y106.073 E.92537
G1 X106.092 Y105.915 E.94292
G1 X101.81 Y101.634 E1.18067
G1 X102.005 Y101.253 E1.19748
M73 Q65 S9
G1 X106.51 Y105.758 E1.44764
G1 X106.834 Y105.506 E1.46376
G1 X102.234 Y100.906 E1.71919
G1 X102.463 Y100.559 E1.73551
G1 X107.05 Y105.147 E1.99025
G1 X107.27 Y104.79 E2.00672
G1 X102.724 Y100.245 E2.25912
G1 X103.003 Y99.948 E2.27512
G1 X107.47 Y104.415 E2.52317
G1 X107.624 Y103.993 E2.54081
G1 X103.351 Y99.721 E2.77806
G1 X103.764 Y99.557 E2.79551
G1 X107.748 Y103.542 E3.01676
G1 X107.814 Y103.032 E3.03695
G1 X104.151 Y99.369 E3.24035
G1 X104.722 Y99.364 E3.26277
G1 X107.813 Y102.455 E3.43441
M73 P66 R9
G92 E0
G1 X105.647 Y99.791 F7800
;WIDTH:0.340734
G1 F1200
M73 Q66 S9
G1 X106.384 Y100.528 E.02994
;WIDTH:0.390518
G1 F1035.679
G1 X106.906 Y101.014 E.05385
G1 X107.447 Y101.566 E.07976
;WIDTH:0.37546
G1 F1082.576
G1 X107.802 Y101.922 E.09589
G1 X107.789 Y101.803 E.09973
G1 X107.617 Y101.431 E.11288
G1 X107.349 Y100.999 E.12919
;WIDTH:0.390518
G1 F1035.679
G1 X107.164 Y100.782 E.13875
G1 X106.579 Y100.304 E.16408
;WIDTH:0.340734
G1 F1200
G1 X106.029 Y99.921 E.18333
G1 X105.504 Y99.647 E.20034
;LAYER_CHANGE
;Z:15.95
;HEIGHT:0.2
G92 E0
G1 Z15.95 F7800
G1 X103.347 Y99.38
;TYPE:Perimeter
;WIDTH:0.449999
G1 F884.349
G1 X103.43 Y99.353 E.00343
G1 X104.164 Y98.967 E.03599
G1 X104.413 Y98.894 E.04618
G1 X104.557 Y98.926 E.05197
G1 X105.044 Y99.132 E.07273
G1 X105.577 Y99.318 E.0949
G1 X106.215 Y99.691 E.12392
G1 X106.681 Y100.015 E.14621
G1 X107.365 Y100.537 E.17999
G1 X107.729 Y101.061 E.20504
G1 X107.994 Y101.547 E.22678
G1 X108.071 Y101.863 E.23955
G1 X108.159 Y102.774 E.27549
G1 X108.054 Y103.603 E.3083
G1 X107.819 Y104.392 E.34062
G1 X107.621 Y104.801 E.35846
G1 X107.212 Y105.474 E.38938
G1 X107.003 Y105.886 E.40752
G1 X106.573 Y106.012 E.42511
G1 X105.884 Y106.281 E.45415
G1 X105.403 Y106.439 E.47403
G1 X105.01 Y106.523 E.48981
G1 X104.389 Y106.568 E.51426
G1 X103.397 Y106.195 E.55587
G1 X102.798 Y105.899 E.5821
G1 X101.888 Y105.277 E.62538
G1 X101.792 Y105.119 E.63264
G1 X101.57 Y104.633 E.65362
G1 X101.279 Y103.516 E.69894
G1 X101.211 Y103.015 E.71879
G1 X101.204 Y102.473 E.74007
G1 X101.298 Y101.986 E.75954
G1 X101.695 Y101.12 E.79695
G1 X102.183 Y100.386 E.83156
G1 X102.485 Y99.978 E.85149
G1 X102.902 Y99.528 E.87558
G1 X103.29 Y99.399 E.89163
G1 X103.191 Y99.008 F7800
G1 F884.349
G1 X103.241 Y98.992 E.89369
G1 X104.101 Y98.54 E.93184
G1 X104.402 Y98.482 E.94388
G1 X104.785 Y98.576 E.95936
G1 X105.252 Y98.777 E.97932
G1 X105.747 Y98.946 E.99986
G1 X106.435 Y99.348 E1.03115
G1 X106.92 Y99.686 E1.05436
G1 X107.654 Y100.245 E1.09059
G1 X107.838 Y100.482 E1.10237
G1 X108.17 Y101.005 E1.12669
G1 X108.402 Y101.48 E1.14745
G1 X108.477 Y101.824 E1.16127
G1 X108.569 Y102.78 E1.19898
G1 X108.454 Y103.688 E1.23492
G1 X108.199 Y104.54 E1.26984
G1 X107.979 Y104.995 E1.28968
G1 X107.56 Y105.686 E1.32141
G1 X107.298 Y106.226 E1.34498
G1 X106.721 Y106.391 E1.36854
G1 X105.913 Y106.707 E1.40261
G1 X105.296 Y106.898 E1.42797
G1 X104.855 Y106.952 E1.44542
G1 X104.322 Y106.978 E1.46637
G1 X103.234 Y106.569 E1.51201
G1 X102.596 Y106.253 E1.53997
G1 X102.111 Y105.936 E1.56272
G1 X101.581 Y105.556 E1.58833
G1 X101.396 Y105.252 E1.6023
G1 X101.186 Y104.77 E1.62294
G1 X100.878 Y103.588 E1.6709
G1 X100.804 Y103.038 E1.69269
G1 X100.805 Y102.37 E1.71892
G1 X100.913 Y101.848 E1.73985
G1 X101.339 Y100.921 E1.77991
G1 X102.05 Y99.852 E1.83032
G1 X102.505 Y99.351 E1.85689
G1 X102.731 Y99.153 E1.86869
G1 X103.133 Y99.026 E1.88524
G1 X102.962 Y98.464 F7800
;TYPE:External perimeter
G1 F884.349
G1 X102.963 Y98.463 E1.8853
G1 X103.638 Y98.397 E1.91193
G1 X104.289 Y98.18 E1.93887
G1 X104.713 Y98.214 E1.95557
G1 X105.337 Y98.56 E1.98359
G1 X106.107 Y98.48 E2.01399
G1 X106.581 Y98.808 E2.03662
G1 X107.052 Y99.265 E2.06239
G1 X107.658 Y99.671 E2.09103
G1 X108.131 Y100.042 E2.11463
G1 X108.247 Y100.635 E2.13836
G1 X108.544 Y101.206 E2.16363
G1 X109.079 Y101.799 E2.19499
G1 X109.065 Y102.297 E2.21455
G1 X109.151 Y102.765 E2.23323
G1 X109.072 Y103.158 E2.24897
G1 X108.675 Y103.744 E2.27676
G1 X108.703 Y104.332 E2.29987
G1 X108.374 Y104.756 E2.32094
G1 X108.208 Y105.432 E2.34827
G1 X108.004 Y106.101 E2.37573
G1 X107.588 Y106.739 E2.40564
G1 X106.92 Y106.619 E2.43229
G1 X106.373 Y106.928 E2.45696
G1 X105.919 Y107.212 E2.47799
G1 X105.209 Y107.461 E2.50753
G1 X104.468 Y107.237 E2.53793
G1 X103.989 Y107.273 E2.55679
G1 X103.5 Y107.018 E2.57844
G1 X102.996 Y107.04 E2.59825
G1 X102.459 Y106.832 E2.62086
G1 X101.621 Y106.174 E2.66269
G1 X101.028 Y105.805 E2.69011
G1 X100.809 Y105.175 E2.7163
G1 X100.638 Y103.856 E2.76852
G1 X100.619 Y103.172 E2.79539
G1 X100.394 Y102.61 E2.81916
G1 X100.324 Y101.989 E2.8437
G1 X100.732 Y101.58 E2.86638
G1 X101.172 Y100.528 E2.91115
G1 X101.344 Y100.061 E2.93069
G1 X101.716 Y99.582 E2.9545
G1 X102.29 Y99.194 E2.9817
G1 X102.601 Y98.706 E3.00442
G1 X102.912 Y98.498 E3.01911
G1 X103.307 Y98.433 F7800
G1 X103.007 Y99.71
;TYPE:Solid infill
;WIDTH:0.38292
G1 F1058.823
G1 X102.521 Y100.217 E3.04214
G1 X101.931 Y101.337 F7800
G1 F1058.823
G1 X101.89 Y101.348 E3.04353
G1 X101.871 Y101.277 E3.04594
G1 X101.942 Y101.296 E3.04835
;WIDTH:0.41646
G1 F963.754
G1 X102.035 Y101.157 E3.05438
;WIDTH:0.449999
G1 F884.349
G1 X102.129 Y101.019 E3.06094
G1 X103.483 Y99.665 E3.13613
G1 X103.641 Y99.575 E3.14327
;WIDTH:0.41646
G1 F963.754
G1 X103.799 Y99.484 E3.14984
;WIDTH:0.38292
G1 F1058.823
G1 X103.758 Y99.495 E3.15123
G1 X103.739 Y99.424 E3.15364
G1 X103.81 Y99.443 E3.15605
;WIDTH:0.449999
G1 F884.349
G1 X104.494 Y99.23 E3.18418
G1 X101.569 Y102.155 E3.3466
G1 X101.504 Y102.795 E3.37186
G1 X104.899 Y99.4 E3.56038
G1 X105.322 Y99.553 E3.57804
G1 X101.554 Y103.321 E3.78727
G1 X101.651 Y103.799 E3.80642
G1 X105.705 Y99.746 E4.0315
G1 X106.067 Y99.96 E4.04801
G1 X101.778 Y104.248 E4.28614
G1 X101.923 Y104.679 E4.304
G1 X106.406 Y100.196 E4.55293
G1 X106.736 Y100.441 E4.56907
G1 X102.115 Y105.063 E4.82569
G1 X102.448 Y105.305 E4.84185
G1 X107.063 Y100.69 E5.09811
G1 X107.334 Y100.995 E5.11413
G1 X102.796 Y105.533 E5.36612
G1 X103.165 Y105.74 E5.38273
G1 X107.549 Y101.355 E5.62619
G1 X107.738 Y101.742 E5.6431
G1 X103.553 Y105.928 E5.87551
G1 X103.971 Y106.085 E5.89304
G1 X107.802 Y102.254 E6.10577
G1 X107.851 Y102.781 E6.12655
G1 X104.39 Y106.242 E6.31873
G1 X104.99 Y106.218 E6.34231
G1 X107.767 Y103.441 E6.49651
G1 X107.755 Y103.938 E6.51603
;WIDTH:0.38292
G1 F1058.823
G1 X107.684 Y103.919 E6.51844
G1 X107.703 Y103.99 E6.52085
G1 X107.744 Y103.979 E6.52224
;WIDTH:0.41646
G1 F963.754
G1 X107.645 Y104.108 E6.5281
;WIDTH:0.449999
G1 F884.349
G1 X107.546 Y104.237 E6.53448
G1 X105.795 Y105.988 E6.63171
G1 X105.666 Y106.093 E6.63824
;WIDTH:0.41646
G1 F963.754
G1 X105.537 Y106.198 E6.64423
;WIDTH:0.38292
G1 F1058.823
G1 X105.496 Y106.209 E6.64562
G1 X105.477 Y106.137 E6.64806
G1 X105.548 Y106.156 E6.65047
G1 X106.806 Y105.66 F7800
;WIDTH:0.489496
G1 F806.134
G1 X106.752 Y105.675 E6.65288
G1 X106.712 Y105.635 E6.65532
G1 X106.727 Y105.581 E6.65773
G1 X106.781 Y105.567 E6.66013
G1 X106.82 Y105.606 E6.66251
;LAYER_CHANGE
;Z:16.15
;HEIGHT:0.2
G92 E0
G1 Z16.15 F7800
G1 X102.736 Y99.619
;TYPE:Perimeter
;WIDTH:0.449999
G1 F884.349
G1 X103.706 Y99.17 E.04197
G1 X104.258 Y98.869 E.06666
G1 X104.569 Y98.898 E.07892
G1 X105.083 Y99.102 E.10063
G1 X105.609 Y99.268 E.12229
G1 X105.95 Y99.47 E.13785
G1 X106.65 Y99.94 E.17096
G1 X107.312 Y100.438 E.20349
G1 X107.513 Y100.677 E.21575
G1 X107.818 Y101.175 E.23868
G1 X108.033 Y101.639 E.25876
G1 X108.166 Y102.739 E.30227
G1 X108.079 Y103.472 E.33125
G1 X107.821 Y104.391 E.36873
G1 X107.613 Y104.811 E.38713
G1 X107.268 Y105.38 E.41326
G1 X107.091 Y105.801 E.43119
G1 X106.593 Y105.958 E.45169
G1 X105.465 Y106.382 E.49901
G1 X105.014 Y106.477 E.51711
G1 X104.373 Y106.522 E.54234
G1 X103.392 Y106.154 E.58348
G1 X102.852 Y105.893 E.60703
G1 X101.931 Y105.291 E.65023
G1 X101.817 Y105.11 E.65863
G1 X101.617 Y104.681 E.67722
G1 X101.433 Y104.085 E.70171
G1 X101.281 Y103.463 E.72685
G1 X101.205 Y102.967 E.74655
G1 X101.196 Y102.467 E.76619
G1 X101.318 Y101.896 E.78912
G1 X101.689 Y101.082 E.82424
G1 X102.408 Y100.008 E.87499
G1 X102.696 Y99.664 E.89261
G1 X102.569 Y99.244 F7800
G1 F884.349
G1 X102.668 Y99.185 E.89714
G1 X103.228 Y98.968 E.92072
G1 X104.051 Y98.517 E.95757
G1 X104.293 Y98.455 E.96738
G1 X104.763 Y98.523 E.98603
G1 X105.243 Y98.728 E1.00652
G1 X105.774 Y98.893 E1.02835
G1 X106.351 Y99.249 E1.05497
G1 X107.157 Y99.812 E1.09357
G1 X107.608 Y100.154 E1.11579
G1 X107.923 Y100.543 E1.13544
G1 X108.206 Y101.033 E1.15766
G1 X108.424 Y101.528 E1.1789
G1 X108.577 Y102.736 E1.22671
G1 X108.48 Y103.551 E1.25894
G1 X108.203 Y104.538 E1.29919
G1 X107.896 Y105.13 E1.32537
G1 X107.592 Y105.635 E1.34851
G1 X107.401 Y106.131 E1.36938
G1 X106.743 Y106.337 E1.39645
G1 X105.863 Y106.685 E1.43361
G1 X105.328 Y106.851 E1.4556
G1 X104.306 Y106.932 E1.49585
G1 X103.232 Y106.529 E1.54089
G1 X102.654 Y106.25 E1.56609
G1 X101.628 Y105.573 E1.61436
G1 X101.405 Y105.222 E1.63069
G1 X101.177 Y104.688 E1.65349
G1 X101.041 Y104.194 E1.67361
G1 X100.88 Y103.536 E1.70021
G1 X100.799 Y102.999 E1.72153
G1 X100.79 Y102.429 E1.74391
G1 X100.933 Y101.759 E1.77081
G1 X101.332 Y100.883 E1.80861
G1 X102.069 Y99.782 E1.86063
G1 X102.467 Y99.306 E1.88499
G1 X102.518 Y99.275 E1.88733
G1 X102.433 Y98.941 F7800
;TYPE:External perimeter
G1 F884.349
G1 X102.472 Y98.927 E1.88896
G1 X103.035 Y98.624 E1.91406
G1 X103.379 Y98.242 E1.93424
G1 X104.117 Y97.994 E1.96481
G1 X104.638 Y98.055 E1.98541
G1 X105.573 Y98.389 E2.02439
G1 X106.157 Y98.731 E2.05096
G1 X106.683 Y98.992 E2.07402
G1 X107.394 Y99.246 E2.10367
G1 X107.922 Y99.688 E2.13071
G1 X108.484 Y100.833 E2.18079
G1 X108.936 Y101.388 E2.20889
G1 X108.801 Y101.985 E2.23292
G1 X109.118 Y102.55 E2.25836
G1 X108.993 Y103.366 E2.29077
G1 X108.687 Y103.924 E2.31576
G1 X108.536 Y104.615 E2.34353
G1 X108.3 Y105.17 E2.36721
G1 X107.801 Y105.738 E2.3969
G1 X107.83 Y106.34 E2.42056
G1 X107.259 Y106.606 E2.44529
G1 X106.626 Y106.858 E2.47204
G1 X106.031 Y106.965 E2.49578
G1 X105.447 Y107.321 E2.52264
G1 X104.683 Y107.241 E2.5528
G1 X104.185 Y107.244 E2.57235
G1 X103.524 Y107.112 E2.59882
G1 X102.873 Y106.865 E2.62616
G1 X101.884 Y106.405 E2.66899
G1 X101.616 Y105.951 E2.68969
M73 P67 R9
G1 X101.241 Y105.378 E2.71658
G1 X100.886 Y104.924 E2.73921
G1 X100.85 Y104.296 E2.76391
G1 X100.448 Y103.644 E2.79399
G1 X100.592 Y103.15 E2.81419
G1 X100.265 Y102.525 E2.84189
G1 X100.633 Y101.882 E2.87098
G1 X100.691 Y101.349 E2.89203
M73 Q67 S9
G1 X101.064 Y100.863 E2.91608
G1 X101.381 Y100.405 E2.93795
G1 X101.423 Y99.788 E2.96223
G1 X101.793 Y99.175 E2.99034
G1 X102.377 Y98.962 E3.01475
G1 X102.735 Y98.784 F7800
G92 E0
G1 X101.694 Y104.192
;TYPE:Solid infill
;WIDTH:0.38292
G1 F1058.823
G1 X101.675 Y104.263 E.00241
G1 X101.746 Y104.244 E.00482
G1 X101.735 Y104.203 E.00621
;WIDTH:0.41646
G1 F963.754
G1 X101.807 Y104.36 E.01243
;WIDTH:0.449999
G1 F884.349
G1 X101.879 Y104.518 E.01925
G1 X102.964 Y105.602 E.07947
G1 X103.102 Y105.685 E.08579
;WIDTH:0.41646
G1 F963.754
G1 X103.24 Y105.769 E.09161
;WIDTH:0.38292
G1 F1058.823
G1 X103.221 Y105.84 E.09402
G1 X103.292 Y105.821 E.09643
G1 X103.281 Y105.78 E.09782
G1 X104.404 Y106.337 F7800
G1 F1058.823
G1 X104.153 Y106.264 E.10639
;WIDTH:0.41646
G1 F963.754
G1 X104.071 Y106.158 E.11122
;WIDTH:0.449999
G1 F884.349
G1 X103.989 Y106.052 E.11648
G1 X101.646 Y103.709 E.24658
G1 X101.514 Y103.001 E.27486
G1 X104.716 Y106.203 E.45266
G1 X105.225 Y106.137 E.47281
G1 X101.507 Y102.418 E.67929
G1 X101.624 Y101.96 E.69785
G1 X105.662 Y105.998 E.92207
G1 X106.075 Y105.835 E.9395
G1 X101.805 Y101.565 E1.17661
G1 X101.993 Y101.177 E1.19354
G1 X106.488 Y105.672 E1.44314
G1 X106.885 Y105.494 E1.46022
G1 X102.223 Y100.832 E1.71909
G1 X102.454 Y100.487 E1.73539
G1 X107.076 Y105.109 E1.99204
G1 X107.293 Y104.75 E2.00851
G1 X102.685 Y100.142 E2.26439
G1 X102.956 Y99.838 E2.28038
G1 X107.49 Y104.372 E2.53215
G1 X107.632 Y103.937 E2.55012
G1 X103.373 Y99.679 E2.78659
G1 X103.757 Y99.487 E2.80345
G1 X107.758 Y103.488 E3.02562
G1 X107.83 Y102.984 E3.04561
G1 X104.13 Y99.285 E3.25104
G1 X104.686 Y99.264 E3.27289
G1 X107.824 Y102.402 E3.44714
G92 E0
G1 X105.537 Y99.611 F7800
;WIDTH:0.348849
G1 F1176.744
G1 X106.307 Y100.382 E.03215
;WIDTH:0.377095
G1 F1077.28
G1 X106.606 Y100.661 E.04533
;WIDTH:0.405341
G1 F993.32
G1 X106.905 Y100.939 E.0596
G1 X107.642 Y101.69 E.09638
;WIDTH:0.387042
G1 F1046.141
G1 X107.771 Y101.818 E.10241
G1 X107.737 Y101.618 E.10914
G1 X107.354 Y100.92 E.13557
;WIDTH:0.405341
G1 F993.32
G1 X107.177 Y100.701 E.14541
G1 X106.841 Y100.425 E.16061
;WIDTH:0.377095
G1 F1077.28
G1 X106.505 Y100.149 E.17463
;WIDTH:0.348849
G1 F1176.744
G1 X105.505 Y99.504 E.20974
G1 X105.393 Y99.467 E.21322
;LAYER_CHANGE
;Z:16.35
;HEIGHT:0.200001
G92 E0
G1 Z16.35 F7800
G1 X102.667 Y99.617
;TYPE:Perimeter
;WIDTH:0.449999
G1 F884.349
G1 X102.692 Y99.583 E.00166
G1 X103.4 Y99.303 E.03155
G1 X104.23 Y98.833 E.069
G1 X104.475 Y98.821 E.07863
G1 X105.148 Y99.082 E.10697
G1 X105.608 Y99.212 E.12574
G1 X106.617 Y99.863 E.17289
G1 X107.134 Y100.251 E.19827
G1 X107.489 Y100.585 E.21741
G1 X107.898 Y101.301 E.24979
G1 X108.07 Y101.725 E.26776
G1 X108.173 Y102.777 E.30926
G1 X108.102 Y103.362 E.3324
G1 X107.951 Y103.987 E.35765
G1 X107.792 Y104.477 E.37788
G1 X107.37 Y105.235 E.41194
G1 X107.156 Y105.75 E.43384
G1 X106.612 Y105.902 E.45602
G1 X105.774 Y106.239 E.49148
G1 X105.276 Y106.403 E.51207
G1 X104.358 Y106.476 E.54823
G1 X103.207 Y106.026 E.59675
G1 X102.509 Y105.665 E.62761
G1 X101.987 Y105.327 E.65203
G1 X101.702 Y104.838 E.67425
G1 X101.492 Y104.241 E.6991
G1 X101.273 Y103.382 E.73391
G1 X101.188 Y102.743 E.75922
G1 X101.2 Y102.327 E.77556
G1 X101.338 Y101.806 E.79672
G1 X101.684 Y101.041 E.82969
G1 X102.275 Y100.152 E.87161
G1 X102.631 Y99.666 E.89526
G1 X102.48 Y99.243 F7800
G1 F884.349
G1 X103.388 Y98.842 E.93423
G1 X104.15 Y98.429 E.96826
G1 X104.572 Y98.422 E.98483
G1 X105.295 Y98.703 E1.01529
G1 X105.776 Y98.835 E1.03487
G1 X106.85 Y99.529 E1.08508
G1 X107.378 Y99.926 E1.11102
G1 X107.816 Y100.337 E1.1346
G1 X108.251 Y101.099 E1.16905
G1 X108.472 Y101.642 E1.19207
G1 X108.584 Y102.776 E1.23681
G1 X108.471 Y103.587 E1.26896
G1 X108.328 Y104.145 E1.29158
G1 X108.157 Y104.657 E1.31278
G1 X107.66 Y105.551 E1.35294
G1 X107.491 Y106.036 E1.37311
G1 X107.424 Y106.1 E1.37675
G1 X106.764 Y106.28 E1.40361
G1 X105.926 Y106.616 E1.43906
G1 X105.359 Y106.804 E1.46251
G1 X104.289 Y106.885 E1.50464
G1 X103.031 Y106.393 E1.55768
G1 X102.298 Y106.013 E1.5901
G1 X101.684 Y105.608 E1.61898
G1 X101.324 Y104.991 E1.64703
G1 X101.099 Y104.348 E1.67378
G1 X100.873 Y103.453 E1.71002
G1 X100.782 Y102.78 E1.73669
G1 X100.797 Y102.256 E1.75727
G1 X100.953 Y101.669 E1.78112
G1 X101.327 Y100.843 E1.81672
G1 X101.936 Y99.927 E1.85991
G1 X102.425 Y99.268 E1.89213
G1 X102.317 Y98.905 F7800
;TYPE:External perimeter
G1 F884.349
G1 X102.842 Y98.839 E1.91291
G1 X103.4 Y98.359 E1.94181
G1 X104.438 Y97.924 E1.986
G1 X104.91 Y98.261 E2.00877
G1 X105.382 Y98.471 E2.02905
G1 X105.879 Y98.474 E2.04856
G1 X106.488 Y98.71 E2.0742
G1 X107.083 Y99.13 E2.1028
G1 X107.504 Y99.627 E2.12837
G1 X108.139 Y99.8 E2.15421
G1 X108.235 Y100.385 E2.17749
G1 X108.469 Y101.042 E2.20487
G1 X108.819 Y101.399 E2.2245
G1 X108.862 Y101.962 E2.24667
G1 X108.879 Y102.681 E2.27491
G1 X109.084 Y102.968 E2.28876
G1 X108.897 Y103.44 E2.30869
G1 X108.815 Y104.493 E2.35016
G1 X108.368 Y105.044 E2.37802
G1 X108.152 Y105.56 E2.39998
G1 X107.978 Y106.284 E2.42922
G1 X107.454 Y106.367 E2.45005
G1 X106.913 Y106.698 E2.47495
G1 X106.447 Y106.899 E2.49488
G1 X105.495 Y107.261 E2.53487
G1 X104.803 Y107.102 E2.56275
G1 X104.311 Y107.404 E2.58542
G1 X103.806 Y107.052 E2.60959
G1 X103.323 Y106.974 E2.6288
G1 X102.882 Y106.608 E2.6513
G1 X102.479 Y106.404 E2.66904
G1 X101.978 Y106.332 E2.68891
G1 X101.586 Y105.962 E2.71008
G1 X101.067 Y105.63 E2.73427
G1 X100.733 Y104.97 E2.76331
G1 X100.624 Y104.403 E2.78598
G1 X100.271 Y103.157 E2.83683
G1 X100.214 Y102.559 E2.86042
G1 X100.252 Y102.059 E2.88011
G1 X100.613 Y101.575 E2.90382
G1 X100.779 Y100.988 E2.92777
G1 X100.902 Y100.46 E2.94906
G1 X101.163 Y100 E2.96983
G1 X101.715 Y99.74 E2.99379
G1 X102.035 Y99.303 E3.01506
G1 X102.265 Y98.923 E3.0325
G1 X102.66 Y98.863 F7800
G1 X103.332 Y99.665
;TYPE:Solid infill
G1 F884.349
G1 X102.238 Y100.76 E3.09328
G1 X102.141 Y100.898 E3.0999
;WIDTH:0.41646
G1 F963.754
G1 X102.043 Y101.037 E3.10603
;WIDTH:0.38292
G1 F1058.823
G1 X101.972 Y101.017 E3.10845
G1 X101.991 Y101.089 E3.11089
G1 X102.032 Y101.078 E3.11228
G1 X101.613 Y101.96 F7800
;WIDTH:0.449999
G1 F884.349
G1 X104.435 Y99.138 E3.26898
G1 X104.854 Y99.295 E3.28655
G1 X101.487 Y102.662 E3.47351
G1 X101.419 Y102.572 E3.47794
;WIDTH:0.41646
G1 F963.754
G1 X101.35 Y102.481 E3.48205
;WIDTH:0.38292
G1 F1058.823
G1 X101.328 Y102.602 E3.48608
;WIDTH:0.449999
G1 F884.349
G1 X101.547 Y103.177 E3.51024
G1 X105.284 Y99.44 E3.71775
G1 X105.679 Y99.621 E3.73481
G1 X101.649 Y103.651 E3.95859
G1 X101.771 Y104.105 E3.97705
G1 X106.029 Y99.847 E4.21349
G1 X106.379 Y100.073 E4.22985
G1 X101.911 Y104.541 E4.47795
G1 X102.095 Y104.932 E4.49492
G1 X106.711 Y100.316 E4.75124
G1 X107.04 Y100.563 E4.76739
G1 X102.383 Y105.22 E5.02599
G1 X102.736 Y105.443 E5.04238
G1 X107.303 Y100.875 E5.29601
G1 X107.513 Y101.242 E5.31261
G1 X103.113 Y105.642 E5.55694
G1 X103.502 Y105.828 E5.57387
G1 X107.711 Y101.619 E5.80759
G1 X107.8 Y102.105 E5.82699
M73 P68 R9
G1 X103.92 Y105.986 E6.04247
G1 X104.339 Y106.143 E6.06004
M73 Q68 S9
G1 X107.852 Y102.63 E6.25511
G1 X107.809 Y103.249 E6.27947
G1 X104.924 Y106.134 E6.43967
G1 X104.947 Y106.208 E6.44271
;WIDTH:0.41646
G1 F963.754
G1 X104.969 Y106.283 E6.44553
;WIDTH:0.38292
G1 F1058.823
G1 X105.526 Y106.155 E6.46427
G92 E0
G1 X107.827 Y103.848 F7800
G1 F1058.823
G1 X107.956 Y103.305 E.0183
;WIDTH:0.449999
G1 F884.349
G1 X107.625 Y104.008 E.04881
G1 X105.689 Y105.944 E.15631
G1 X107.082 Y105.126 F7800
G1 F884.349
G1 X106.633 Y105.575 E.18124
G1 X106.491 Y105.668 E.1879
;WIDTH:0.41646
G1 F963.754
G1 X106.348 Y105.761 E.19405
;WIDTH:0.38292
G1 F1058.823
G1 X106.511 Y105.773 E.19941
;WIDTH:0.396378
G1 F1018.509
G1 X106.939 Y105.52 E.21636
G1 X107.279 Y105.035 E.23655
;WIDTH:0.38292
G1 F1058.823
G1 X107.298 Y104.839 E.24301
;LAYER_CHANGE
;Z:16.55
;HEIGHT:0.199999
G92 E0
G1 Z16.55 F7800
G1 X102.565 Y99.648
;TYPE:Perimeter
;WIDTH:0.449999
G1 F884.349
G1 X102.596 Y99.601 E.00221
G1 X102.855 Y99.517 E.0129
G1 X103.36 Y99.283 E.03475
G1 X104.088 Y98.868 E.06765
G1 X104.359 Y98.78 E.07884
G1 X104.605 Y98.811 E.08858
G1 X105.171 Y99.044 E.11261
G1 X105.639 Y99.168 E.13162
G1 X106.576 Y99.781 E.17558
G1 X107.208 Y100.25 E.20648
G1 X107.497 Y100.569 E.22338
G1 X107.76 Y101.006 E.24341
G1 X108.022 Y101.517 E.26596
G1 X108.093 Y101.841 E.27898
G1 X108.179 Y102.845 E.31855
G1 X108.04 Y103.696 E.35241
G1 X107.839 Y104.366 E.37988
G1 X107.374 Y105.259 E.41941
G1 X107.222 Y105.685 E.43717
G1 X106.612 Y105.855 E.46203
G1 X105.933 Y106.14 E.49094
G1 X105.308 Y106.356 E.5169
G1 X104.324 Y106.431 E.55565
G1 X103.4 Y106.079 E.59447
G1 X102.59 Y105.708 E.62945
G1 X102.127 Y105.43 E.65065
G1 X102.035 Y105.339 E.65573
G1 X101.729 Y104.87 E.67772
G1 X101.549 Y104.402 E.69741
G1 X101.289 Y103.422 E.73722
G1 X101.203 Y102.704 E.76561
G1 X101.203 Y102.301 E.78143
G1 X101.324 Y101.749 E.80362
G1 X101.676 Y101.003 E.83601
G1 X102.532 Y99.699 E.89726
G1 X102.367 Y99.26 F7800
G1 F884.349
G1 X102.724 Y99.131 E.91216
G1 X103.158 Y98.93 E.93094
G1 X104.036 Y98.429 E.97063
G1 X104.378 Y98.362 E.98431
G1 X104.734 Y98.424 E.9985
G1 X105.326 Y98.667 E1.02363
G1 X105.802 Y98.789 E1.04292
G1 X106.715 Y99.385 E1.08573
G1 X107.649 Y100.093 E1.13175
G1 X107.927 Y100.464 E1.14995
G1 X108.295 Y101.134 E1.17996
G1 X108.48 Y101.587 E1.19917
G1 X108.589 Y102.861 E1.24938
G1 X108.438 Y103.788 E1.28626
G1 X108.218 Y104.52 E1.31627
G1 X107.721 Y105.477 E1.35861
G1 X107.545 Y106.01 E1.38065
G1 X106.831 Y106.207 E1.40973
G1 X105.871 Y106.599 E1.45045
G1 X105.39 Y106.757 E1.47033
G1 X104.261 Y106.839 E1.51478
G1 X103.902 Y106.719 E1.52964
G1 X103.239 Y106.454 E1.55767
G1 X102.4 Y106.068 E1.59393
G1 X101.878 Y105.755 E1.61783
G1 X101.688 Y105.552 E1.62875
G1 X101.369 Y105.069 E1.65148
G1 X101.162 Y104.527 E1.67426
G1 X100.888 Y103.499 E1.71603
G1 X100.769 Y102.503 E1.75542
G1 X100.814 Y102.128 E1.77025
G1 X100.938 Y101.612 E1.79109
G1 X101.32 Y100.805 E1.82615
G1 X101.912 Y99.88 E1.86927
G1 X102.318 Y99.291 E1.89736
G1 X102.202 Y98.899 F7800
;TYPE:External perimeter
G1 F884.349
G1 X102.345 Y98.789 E1.90444
G1 X102.991 Y98.593 E1.93095
G1 X103.513 Y98.197 E1.95668
G1 X104.092 Y97.857 E1.98304
G1 X104.825 Y97.881 E2.01184
G1 X105.285 Y98.308 E2.03648
G1 X105.82 Y98.313 E2.05749
G1 X106.214 Y98.649 E2.07782
G1 X106.778 Y98.925 E2.10247
G1 X107.369 Y99.121 E2.12692
G1 X107.947 Y99.593 E2.15622
G1 X108.003 Y100.171 E2.17902
G1 X108.407 Y100.641 E2.20336
G1 X108.716 Y101.157 E2.22698
G1 X108.812 Y101.583 E2.24413
G1 X109.125 Y102.109 E2.26816
G1 X109.071 Y102.859 E2.29768
G1 X108.819 Y102.856 E2.30758
G1 X109.079 Y103.565 E2.33723
G1 X108.906 Y104.161 E2.3616
G1 X108.419 Y104.649 E2.38867
G1 X108.222 Y105.158 E2.4101
G1 X107.99 Y105.565 E2.42849
G1 X108.032 Y106.131 E2.45077
G1 X107.465 Y106.503 E2.4774
G1 X106.729 Y106.636 E2.50677
G1 X106.194 Y106.91 E2.53037
G1 X105.689 Y107.231 E2.55387
G1 X104.92 Y107.155 E2.58421
G1 X104.312 Y107.205 E2.60816
G1 X103.613 Y107.181 E2.63562
G1 X103.122 Y106.733 E2.66172
G1 X102.576 Y106.564 E2.68416
G1 X102.011 Y106.097 E2.71294
G1 X101.311 Y105.845 E2.74215
G1 X101.043 Y105.188 E2.77001
G1 X100.738 Y104.82 E2.78878
G1 X100.553 Y104.35 E2.80861
G1 X100.431 Y103.647 E2.83663
G1 X100.473 Y103.171 E2.85539
G1 X100.493 Y102.55 E2.87979
G1 X100.605 Y101.859 E2.90728
G1 X100.46 Y101.294 E2.93018
G1 X100.915 Y100.948 E2.95262
G1 X100.915 Y100.355 E2.9759
G1 X101.519 Y100.061 E3.00228
G1 X101.546 Y99.51 E3.02394
G1 X101.974 Y99.073 E3.04796
G1 X102.154 Y98.935 E3.05687
G1 X102.508 Y98.75 F7800
G92 E0
G1 X101.735 Y104.197
;TYPE:Solid infill
;WIDTH:0.38292
G1 F1058.823
G1 X101.716 Y104.268 E.00241
G1 X101.788 Y104.249 E.00485
G1 X101.777 Y104.208 E.00624
;WIDTH:0.41646
G1 F963.754
G1 X101.85 Y104.366 E.01251
;WIDTH:0.449999
G1 F884.349
G1 X101.923 Y104.523 E.01931
G1 X102.926 Y105.526 E.07501
G1 X103.085 Y105.611 E.08209
;WIDTH:0.41646
G1 F963.754
G1 X103.244 Y105.696 E.08859
;WIDTH:0.38292
G1 F1058.823
G1 X103.255 Y105.737 E.08998
G1 X103.184 Y105.756 E.09239
G1 X103.203 Y105.685 E.0948
G1 X104.352 Y106.245 F7800
G1 F1058.823
G1 X104.095 Y106.169 E.10359
;WIDTH:0.41646
G1 F963.754
G1 X104.013 Y106.062 E.10845
;WIDTH:0.449999
G1 F884.349
G1 X103.931 Y105.956 E.11371
G1 X101.68 Y103.705 E.2387
G1 X101.48 Y103.544 E.24878
;WIDTH:0.38292
G1 F1058.823
G1 X101.414 Y103.187 E.26069
;WIDTH:0.41646
G1 F963.754
G1 X101.48 Y103.091 E.26489
;WIDTH:0.449999
G1 F884.349
G1 X101.546 Y102.995 E.26946
G1 X104.664 Y106.113 E.4426
G1 X105.314 Y106.203 E.46837
;WIDTH:0.38292
G1 F1058.823
G1 X105.325 Y106.244 E.46976
G1 X105.254 Y106.263 E.47217
G1 X105.273 Y106.192 E.47458
;WIDTH:0.41646
G1 F963.754
G1 X105.23 Y106.127 E.47739
;WIDTH:0.449999
G1 F884.349
G1 X105.188 Y106.061 E.48046
G1 X101.502 Y102.375 E.68514
G1 X101.602 Y101.899 E.70424
G1 X105.624 Y105.921 E.92758
G1 X106.046 Y105.768 E.94521
G1 X101.779 Y101.501 E1.18215
G1 X101.968 Y101.114 E1.19906
G1 X106.451 Y105.597 E1.44799
G1 X106.886 Y105.457 E1.46593
G1 X102.195 Y100.766 E1.72641
G1 X102.423 Y100.418 E1.74275
G1 X107.111 Y105.106 E2.00307
G1 X107.308 Y104.727 E2.01984
G1 X102.65 Y100.069 E2.27849
G1 X102.955 Y99.799 E2.29448
G1 X107.504 Y104.348 E2.54708
G1 X107.654 Y103.921 E2.56485
G1 X103.358 Y99.625 E2.8034
G1 X103.729 Y99.421 E2.82002
G1 X107.769 Y103.461 E3.04436
G1 X107.85 Y102.967 E3.06402
G1 X104.097 Y99.213 E3.27245
G1 X104.596 Y99.137 E3.29227
G1 X107.832 Y102.373 E3.47196
G92 E0
G1 X105.486 Y99.51 F7800
;WIDTH:0.36568
G1 F1115.38
G1 X106.218 Y100.243 E.03225
;WIDTH:0.395326
G1 F1021.551
G1 X106.541 Y100.544 E.04726
;WIDTH:0.424971
G1 F942.283
G1 X106.864 Y100.846 E.06355
G1 X107.616 Y101.614 E.10316
;WIDTH:0.403933
G1 F997.194
G1 X107.806 Y101.804 E.11252
G1 X107.727 Y101.531 E.12242
G1 X107.347 Y100.839 E.14991
;WIDTH:0.424971
G1 F942.283
G1 X107.151 Y100.596 E.16141
G1 X106.789 Y100.297 E.17871
;WIDTH:0.395326
G1 F1021.551
G1 X106.427 Y99.998 E.19467
;WIDTH:0.36568
G1 F1115.38
G1 X105.54 Y99.418 E.22766
G1 X105.342 Y99.366 E.23403
;LAYER_CHANGE
;Z:16.75
;HEIGHT:0.200001
G92 E0
G1 Z16.75 F7800
G1 X102.463 Y99.655
;TYPE:Perimeter
;WIDTH:0.449999
G1 F884.349
G1 X102.488 Y99.615 E.00185
G1 X102.93 Y99.452 E.02035
G1 X103.659 Y99.082 E.05245
G1 X104.108 Y98.817 E.07292
G1 X104.361 Y98.733 E.08339
G1 X104.654 Y98.788 E.0951
G1 X105.143 Y98.987 E.11583
G1 X105.674 Y99.124 E.13736
G1 X106.837 Y99.912 E.19252
G1 X107.287 Y100.266 E.215
G1 X107.591 Y100.673 E.23495
G1 X108.016 Y101.436 E.26924
G1 X108.08 Y101.684 E.2793
G1 X108.185 Y102.949 E.32914
G1 X108.07 Y103.602 E.35517
G1 X107.844 Y104.362 E.3863
G1 X107.622 Y104.801 E.40562
G1 X107.321 Y105.599 E.43911
G1 X106.669 Y105.786 E.46574
G1 X105.935 Y106.097 E.49704
G1 X105.329 Y106.312 E.52229
G1 X104.347 Y106.393 E.56098
G1 X104.022 Y106.298 E.57427
G1 X102.654 Y105.739 E.6323
G1 X102.276 Y105.528 E.6493
G1 X102.006 Y105.284 E.66359
G1 X101.716 Y104.805 E.68558
G1 X101.53 Y104.303 E.7066
G1 X101.273 Y103.296 E.74741
G1 X101.182 Y102.427 E.78172
G1 X101.307 Y101.688 E.81115
G1 X101.703 Y100.879 E.84652
G1 X102.432 Y99.706 E.90075
G1 X102.255 Y99.281 F7800
G1 F884.349
G1 X103.002 Y98.959 E.93269
G1 X103.511 Y98.699 E.95513
G1 X104.049 Y98.378 E.97973
G1 X104.442 Y98.323 E.99531
G1 X104.809 Y98.411 E1.01013
G1 X105.338 Y98.622 E1.03249
G1 X105.849 Y98.751 E1.05318
G1 X107.133 Y99.621 E1.11408
G1 X107.586 Y99.985 E1.1369
G1 X107.811 Y100.288 E1.15172
G1 X108.089 Y100.731 E1.17226
G1 X108.414 Y101.336 E1.19923
G1 X108.486 Y101.651 E1.21192
G1 X108.595 Y102.968 E1.26381
G1 X108.467 Y103.696 E1.29283
G1 X108.223 Y104.516 E1.32642
G1 X108.07 Y104.808 E1.33936
G1 X107.868 Y105.3 E1.36024
G1 X107.65 Y105.924 E1.38619
G1 X106.834 Y106.158 E1.41952
G1 X106.079 Y106.478 E1.45172
G1 X105.415 Y106.712 E1.47936
G1 X104.29 Y106.8 E1.52367
G1 X103.888 Y106.683 E1.54011
G1 X102.33 Y106.047 E1.60618
G1 X101.905 Y105.774 E1.62601
G1 X101.676 Y105.527 E1.63924
G1 X101.355 Y105.002 E1.6634
G1 X101.141 Y104.424 E1.6876
G1 X100.872 Y103.368 E1.73039
G1 X100.772 Y102.418 E1.7679
G1 X100.918 Y101.556 E1.80223
G1 X101.346 Y100.682 E1.84044
G1 X102.205 Y99.311 E1.90397
G1 X102.075 Y98.93 F7800
M73 P69 R9
;TYPE:External perimeter
G1 F884.349
G1 X102.503 Y98.777 E1.92182
G1 X103.082 Y98.506 E1.94692
G1 X103.419 Y98.187 E1.96514
G1 X103.822 Y97.863 E1.98544
G1 X105.601 Y98.335 E2.05771
G1 X106.325 Y98.395 E2.08623
G1 X106.761 Y98.846 E2.11086
M73 Q69 S9
G1 X107.177 Y99.063 E2.12928
G1 X107.682 Y99.41 E2.15334
G1 X107.896 Y99.976 E2.1771
G1 X108.431 Y100.255 E2.20079
G1 X108.716 Y100.895 E2.2283
G1 X108.741 Y101.606 E2.25623
G1 X109.097 Y102.062 E2.27894
G1 X108.831 Y102.836 E2.31108
G1 X108.968 Y103.242 E2.3279
G1 X108.982 Y103.852 E2.35186
G1 X108.796 Y104.315 E2.37145
G1 X108.446 Y104.818 E2.39551
G1 X108.213 Y105.412 E2.42056
G1 X108.042 Y106.091 E2.44805
G1 X107.457 Y106.548 E2.4772
G1 X106.867 Y106.673 E2.50088
G1 X106.301 Y106.756 E2.52334
G1 X105.784 Y107.211 E2.55038
G1 X105.224 Y107.327 E2.57283
G1 X104.468 Y107.395 E2.60263
G1 X103.803 Y106.931 E2.63447
G1 X103.339 Y106.699 E2.65484
G1 X102.65 Y106.432 E2.68385
G1 X101.9 Y106.373 E2.71339
G1 X101.432 Y105.777 E2.74314
G1 X101.13 Y105.138 E2.77089
G1 X100.941 Y104.61 E2.79291
G1 X100.472 Y104.058 E2.82135
G1 X100.57 Y103.282 E2.85206
G1 X100.47 Y102.785 E2.87197
G1 X100.45 Y102.218 E2.89425
G1 X100.558 Y101.507 E2.92249
G1 X100.842 Y101.097 E2.94207
G1 X101.004 Y100.67 E2.96
G1 X101.125 Y100.029 E2.98561
G1 X101.661 Y99.654 E3.0113
G1 X101.97 Y98.968 E3.04084
G1 X102.019 Y98.951 E3.04288
M73 P69 R8
G1 X102.395 Y98.816 F7800
G1 X103.476 Y99.464
;TYPE:Solid infill
;WIDTH:0.38292
G1 F1058.823
G1 X103.405 Y99.445 E3.04529
G1 X103.424 Y99.516 E3.0477
G1 X103.465 Y99.505 E3.04909
;WIDTH:0.41646
G1 F963.754
G1 X103.306 Y99.594 E3.05566
;WIDTH:0.449999
G1 F884.349
G1 X103.147 Y99.684 E3.06283
G1 X102.243 Y100.588 E3.11303
G1 X102.149 Y100.727 E3.11962
;WIDTH:0.41646
G1 F963.754
G1 X102.055 Y100.865 E3.12564
;WIDTH:0.38292
G1 F1058.823
G1 X101.984 Y100.846 E3.12805
G1 X102.003 Y100.917 E3.13046
G1 X102.044 Y100.906 E3.13185
G1 X101.594 Y101.812 F7800
;WIDTH:0.449999
G1 F884.349
G1 X104.362 Y99.045 E3.28553
G1 X104.804 Y99.179 E3.30366
G1 X101.495 Y102.487 E3.48738
G1 X101.55 Y103.008 E3.50795
G1 X105.233 Y99.325 E3.71246
G1 X105.654 Y99.479 E3.73006
G1 X101.639 Y103.495 E3.95303
G1 X101.756 Y103.953 E3.97159
G1 X105.997 Y99.712 E4.20709
G1 X106.341 Y99.944 E4.22338
M73 Q69 S8
G1 X101.89 Y104.395 E4.47054
G1 X102.068 Y104.793 E4.48766
G1 X106.684 Y100.177 E4.74398
G1 X107.008 Y100.429 E4.7601
G1 X102.293 Y105.144 E5.02192
G1 X102.624 Y105.389 E5.03809
G1 X107.265 Y100.747 E5.29583
G1 X107.482 Y101.106 E5.3123
G1 X103.026 Y105.562 E5.55973
G1 X103.435 Y105.729 E5.57708
G1 X107.688 Y101.475 E5.81327
G1 X107.795 Y101.944 E5.83216
G1 X103.844 Y105.895 E6.05155
G1 X104.264 Y106.051 E6.06914
G1 X107.839 Y102.476 E6.26765
G1 X107.86 Y103.03 E6.28942
G1 X104.83 Y106.06 E6.45767
G1 X105.399 Y106.115 E6.48012
;WIDTH:0.38292
G1 F1058.823
G1 X105.294 Y106.145 E6.4837
;WIDTH:0.41646
G1 F963.754
G1 X105.428 Y106.024 E6.49021
;WIDTH:0.449999
G1 F884.349
G1 X107.704 Y103.763 E6.61618
G1 X107.575 Y104.415 E6.64228
;WIDTH:0.38292
G1 F1058.823
G1 X107.504 Y104.396 E6.64469
G1 X107.523 Y104.467 E6.6471
G1 X107.564 Y104.456 E6.64849
;WIDTH:0.41646
G1 F963.754
G1 X107.446 Y104.585 E6.65479
;WIDTH:0.449999
G1 F884.349
G1 X106.526 Y105.516 E6.70618
G1 X106.404 Y105.607 E6.71216
;WIDTH:0.41646
G1 F963.754
G1 X106.282 Y105.698 E6.71764
;WIDTH:0.38292
G1 F1058.823
G1 X106.211 Y105.679 E6.72005
G1 X106.23 Y105.75 E6.72246
G1 X106.271 Y105.739 E6.72385
;LAYER_CHANGE
;Z:16.95
;HEIGHT:0.200001
G92 E0
G1 Z16.95 F7800
G1 X102.375 Y99.669
;TYPE:Perimeter
;WIDTH:0.449999
G1 F884.349
G1 X102.409 Y99.615 E.00251
G1 X102.848 Y99.451 E.02091
G1 X103.459 Y99.141 E.04781
G1 X104.122 Y98.765 E.07774
G1 X104.368 Y98.686 E.08788
G1 X104.661 Y98.747 E.09963
G1 X105.187 Y98.951 E.12178
G1 X105.756 Y99.107 E.14495
G1 X106.676 Y99.719 E.18834
G1 X107.199 Y100.142 E.21475
G1 X107.589 Y100.639 E.23956
G1 X108.02 Y101.409 E.27421
G1 X108.095 Y101.657 E.28438
G1 X108.192 Y103.032 E.3385
G1 X108.1 Y103.505 E.35742
G1 X107.757 Y104.632 E.40368
G1 X107.438 Y105.485 E.43944
G1 X107.348 Y105.553 E.44387
G1 X106.771 Y105.702 E.46727
G1 X106.227 Y105.945 E.49066
G1 X105.328 Y106.272 E.52822
G1 X104.833 Y106.339 E.54783
G1 X104.334 Y106.361 E.56744
G1 X103.583 Y106.109 E.59854
G1 X102.777 Y105.777 E.63277
G1 X102.196 Y105.505 E.65796
G1 X102.004 Y105.274 E.66975
G1 X101.717 Y104.785 E.69201
G1 X101.464 Y104.121 E.71991
G1 X101.36 Y103.558 E.74239
G1 X101.239 Y103.064 E.76236
G1 X101.183 Y102.358 E.79017
G1 X101.313 Y101.577 E.82126
G1 X101.78 Y100.626 E.86286
G1 X102.343 Y99.72 E.90474
G1 X102.15 Y99.275 F7800
G1 F884.349
G1 X102.591 Y99.119 E.92311
G1 X102.96 Y98.938 E.93925
G1 X103.554 Y98.634 E.96545
G1 X104.056 Y98.329 E.98851
G1 X104.407 Y98.276 E1.00245
G1 X104.814 Y98.37 E1.01885
G1 X105.381 Y98.58 E1.04259
G1 X105.954 Y98.75 E1.06606
G1 X107.089 Y99.505 E1.11958
G1 X107.496 Y99.861 E1.14081
G1 X107.748 Y100.182 E1.15683
G1 X108.072 Y100.668 E1.17976
G1 X108.432 Y101.329 E1.20931
G1 X108.501 Y101.628 E1.22136
G1 X108.602 Y103.057 E1.27761
G1 X108.496 Y103.602 E1.29941
G1 X108.141 Y104.767 E1.34723
G1 X107.82 Y105.624 E1.38316
G1 X107.649 Y105.903 E1.39601
G1 X106.937 Y106.073 E1.42475
G1 X106.379 Y106.322 E1.44874
G1 X105.426 Y106.67 E1.48858
G1 X104.795 Y106.754 E1.51357
G1 X104.272 Y106.767 E1.53411
G1 X103.435 Y106.489 E1.56874
G1 X102.338 Y106.037 E1.61533
G1 X101.929 Y105.821 E1.63349
G1 X101.67 Y105.508 E1.64944
G1 X101.349 Y104.962 E1.67431
G1 X101.07 Y104.231 E1.70503
G1 X100.961 Y103.641 E1.72859
G1 X100.836 Y103.129 E1.74928
G1 X100.773 Y102.338 E1.78044
G1 X100.911 Y101.471 E1.81491
G1 X101.423 Y100.428 E1.86053
G1 X102.113 Y99.32 E1.91178
G1 X102.016 Y99.017 F7800
;TYPE:External perimeter
G1 F884.349
G1 X102.065 Y98.99 E1.91398
G1 X102.555 Y98.619 E1.93811
G1 X103.159 Y98.302 E1.96489
G1 X103.657 Y98.172 E1.9851
G1 X104.064 Y97.852 E2.00543
G1 X104.598 Y97.783 E2.02657
G1 X105.192 Y98.155 E2.05409
G1 X105.659 Y98.407 E2.07493
G1 X106.148 Y98.402 E2.09413
G1 X106.641 Y98.819 E2.11948
G1 X107.341 Y98.951 E2.14745
G1 X108.219 Y99.919 E2.19876
G1 X108.332 Y100.442 E2.21977
G1 X108.837 Y101.001 E2.24935
G1 X108.93 Y101.678 E2.27618
G1 X109.152 Y102.406 E2.30606
G1 X108.818 Y103.02 E2.3335
G1 X109.119 Y103.519 E2.35638
G1 X108.643 Y104.175 E2.3882
G1 X108.713 Y104.825 E2.41387
G1 X108.302 Y105.368 E2.44061
G1 X108.041 Y105.76 E2.4591
G1 X107.854 Y106.166 E2.47665
G1 X107.172 Y106.388 E2.50481
G1 X106.577 Y106.623 E2.52993
G1 X105.949 Y107.027 E2.55925
G1 X105.437 Y107.036 E2.57936
G1 X104.968 Y107.079 E2.59785
G1 X104.385 Y107.286 E2.62214
G1 X103.873 Y107.099 E2.64354
G1 X103.114 Y106.992 E2.67364
G1 X102.596 Y106.673 E2.69753
G1 X102.124 Y106.543 E2.71675
G1 X101.732 Y106.009 E2.74276
G1 X101.391 Y105.594 E2.76385
G1 X100.773 Y105.105 E2.79479
G1 X100.632 Y104.43 E2.82187
G1 X100.7 Y103.722 E2.8498
G1 X100.563 Y103.124 E2.87389
G1 X100.531 Y102.399 E2.90238
G1 X100.584 Y101.87 E2.92325
G1 X100.593 Y101.135 E2.95211
G1 X100.747 Y100.449 E2.97972
G1 X101.228 Y99.88 E3.00897
G1 X101.441 Y99.324 E3.03235
G1 X101.963 Y99.045 E3.05559
G1 X102.291 Y98.816 F7800
G92 E0
G1 X101.751 Y104.211
;TYPE:Solid infill
;WIDTH:0.38292
G1 F1058.823
G1 X101.732 Y104.282 E.00241
G1 X101.803 Y104.263 E.00482
G1 X101.792 Y104.222 E.00621
;WIDTH:0.41646
G1 F963.754
G1 X101.871 Y104.379 E.01254
;WIDTH:0.449999
G1 F884.349
G1 X101.949 Y104.537 E.01946
G1 X102.917 Y105.505 E.07321
G1 X103.076 Y105.584 E.08018
;WIDTH:0.41646
G1 F963.754
G1 X103.235 Y105.663 E.08658
;WIDTH:0.38292
G1 F1058.823
G1 X103.246 Y105.704 E.08797
G1 X103.174 Y105.723 E.09041
G1 X103.193 Y105.652 E.09282
G1 X104.361 Y106.187 F7800
G1 F1058.823
G1 X104.043 Y106.101 E.10362
;WIDTH:0.41646
G1 F963.754
G1 X103.962 Y105.997 E.10837
;WIDTH:0.449999
G1 F884.349
G1 X103.88 Y105.893 E.11357
G1 X101.699 Y103.711 E.23471
G1 X101.538 Y102.975 E.26429
G1 X104.622 Y106.059 E.43554
G1 X105.13 Y105.991 E.45566
G1 X101.493 Y102.354 E.65762
G1 X101.576 Y101.861 E.67725
G1 X105.573 Y105.858 E.8992
G1 X105.995 Y105.704 E.91684
G1 X101.723 Y101.433 E1.15403
G1 X101.913 Y101.047 E1.17092
G1 X106.399 Y105.533 E1.42002
G1 X106.81 Y105.368 E1.43741
G1 X102.112 Y100.67 E1.69828
G1 X102.333 Y100.315 E1.7147
G1 X107.219 Y105.201 E1.98601
G1 X107.374 Y104.78 E2.00363
M73 P70 R8
G1 X102.554 Y99.96 E2.27128
G1 X102.918 Y99.749 E2.2878
M73 Q70 S8
G1 X107.529 Y104.36 E2.54384
G1 X107.661 Y103.916 E2.56203
G1 X103.305 Y99.561 E2.80388
G1 X103.687 Y99.366 E2.82072
G1 X107.792 Y103.471 E3.04866
G1 X107.883 Y102.987 E3.068
G1 X104.057 Y99.161 E3.28045
G1 X104.483 Y99.011 E3.29818
G1 X107.839 Y102.367 E3.48453
G92 E0
G1 X105.479 Y99.441 F7800
;WIDTH:0.436662
G1 F914.304
G1 X107.059 Y101.035 E.08524
;WIDTH:0.41689
G1 F962.644
G1 X107.815 Y101.79 E.12378
G1 X107.798 Y101.625 E.12976
G1 X107.348 Y100.799 E.16369
;WIDTH:0.449614
G1 F885.186
G1 X106.988 Y100.368 E.18572
G1 X106.661 Y100.067 E.20315
;WIDTH:0.436662
G1 F914.304
G1 X105.628 Y99.38 E.25027
G1 X105.335 Y99.297 E.26184
;LAYER_CHANGE
;Z:17.15
;HEIGHT:0.199999
G92 E0
G1 Z17.15 F7800
G1 X102.291 Y99.678
;TYPE:Perimeter
;WIDTH:0.449999
G1 F884.349
G1 X102.337 Y99.603 E.00345
G1 X102.683 Y99.482 E.01784
G1 X103.214 Y99.237 E.0408
G1 X103.755 Y98.948 E.06488
G1 X104.192 Y98.679 E.08503
G1 X104.334 Y98.661 E.09065
G1 X104.618 Y98.683 E.10183
G1 X105.089 Y98.86 E.12159
G1 X105.88 Y99.113 E.1542
G1 X106.444 Y99.474 E.18049
G1 X106.851 Y99.763 E.20009
G1 X107.506 Y100.467 E.23785
G1 X108.092 Y101.519 E.28513
G1 X108.198 Y103.096 E.34719
G1 X107.726 Y104.966 E.42292
G1 X107.426 Y105.474 E.44608
G1 X106.873 Y105.617 E.46851
G1 X106.274 Y105.887 E.49431
G1 X105.344 Y106.231 E.53324
G1 X104.787 Y106.319 E.55538
G1 X104.358 Y106.33 E.57223
G1 X103.389 Y106.019 E.61219
G1 X102.892 Y105.816 E.63327
G1 X102.1 Y105.446 E.66759
G1 X102.002 Y105.321 E.67383
G1 X101.584 Y104.488 E.71042
G1 X101.388 Y103.924 E.73386
G1 X101.246 Y103.162 E.76429
G1 X101.174 Y102.279 E.79908
G1 X101.287 Y101.523 E.82909
G1 X101.583 Y100.893 E.85642
G1 X101.85 Y100.384 E.87899
G1 X102.259 Y99.729 E.90931
G1 X102.054 Y99.288 F7800
G1 F884.349
G1 X102.07 Y99.263 E.91048
G1 X102.513 Y99.112 E.92886
G1 X103.026 Y98.876 E.95103
G1 X103.598 Y98.569 E.97652
G1 X104.053 Y98.286 E.99756
G1 X104.452 Y98.236 E1.01335
G1 X104.729 Y98.291 E1.02444
G1 X105.232 Y98.479 E1.04552
G1 X106.074 Y98.754 E1.0803
G1 X106.671 Y99.136 E1.10813
G1 X107.121 Y99.456 E1.12981
G1 X107.837 Y100.226 E1.17109
G1 X108.448 Y101.321 E1.22033
G1 X108.498 Y101.491 E1.22729
G1 X108.608 Y103.132 E1.29187
G1 X108.19 Y104.861 E1.36171
G1 X108.018 Y105.309 E1.38055
G1 X107.706 Y105.79 E1.40306
G1 X107.622 Y105.848 E1.40707
G1 X107.04 Y105.989 E1.43058
G1 X106.429 Y106.264 E1.45689
G1 X105.447 Y106.627 E1.498
G1 X104.85 Y106.721 E1.52173
G1 X104.293 Y106.735 E1.54361
G1 X103.238 Y106.397 E1.58711
G1 X102.726 Y106.188 E1.60882
G1 X101.856 Y105.778 E1.64658
G1 X101.651 Y105.529 E1.65924
G1 X101.208 Y104.646 E1.69803
G1 X100.994 Y104.028 E1.72371
G1 X100.842 Y103.217 E1.75611
G1 X100.764 Y102.264 E1.79365
G1 X100.886 Y101.418 E1.82721
G1 X101.219 Y100.712 E1.85786
G1 X101.497 Y100.181 E1.88139
G1 X102.022 Y99.339 E1.92035
G1 X101.835 Y98.891 F7800
;TYPE:External perimeter
G1 F884.349
G1 X101.949 Y98.687 E1.92953
G1 X102.496 Y98.66 E1.95103
G1 X102.845 Y98.31 E1.97044
G1 X103.453 Y98.315 E1.99431
G1 X103.963 Y97.913 E2.01981
G1 X104.692 Y97.913 E2.04843
G1 X105.345 Y97.889 E2.07409
G1 X105.908 Y98.277 E2.10094
G1 X106.584 Y98.523 E2.12919
G1 X106.988 Y98.77 E2.14778
G1 X107.38 Y99.161 E2.16952
G1 X107.89 Y99.499 E2.19354
G1 X107.989 Y100.055 E2.21571
G1 X108.446 Y100.313 E2.23632
G1 X108.587 Y100.784 E2.25562
G1 X108.916 Y101.412 E2.28346
G1 X109.073 Y101.801 E2.29993
G1 X108.778 Y102.401 E2.32618
G1 X108.803 Y102.899 E2.34576
G1 X108.782 Y103.51 E2.36976
G1 X108.68 Y104.086 E2.39273
G1 X108.837 Y104.686 E2.41708
G1 X108.473 Y105.362 E2.44723
G1 X108.304 Y105.849 E2.46747
G1 X107.904 Y106.139 E2.48687
G1 X107.281 Y106.47 E2.51457
G1 X106.521 Y106.512 E2.54446
G1 X105.933 Y107.06 E2.57602
G1 X105.214 Y106.901 E2.60493
G1 X104.757 Y107.308 E2.62896
G1 X104.198 Y107.084 E2.65261
G1 X103.504 Y106.947 E2.68039
G1 X102.207 Y106.53 E2.73388
G1 X101.651 Y106.037 E2.76306
G1 X101.214 Y105.824 E2.78215
G1 X100.848 Y105.151 E2.81223
G1 X100.647 Y104.615 E2.83471
G1 X100.454 Y103.141 E2.89308
G1 X100.256 Y102.452 E2.92123
G1 X100.52 Y101.743 E2.95094
G1 X100.746 Y100.735 E2.9915
G1 X101.231 Y99.801 E3.03282
G1 X101.557 Y99.388 E3.05348
G1 X101.806 Y98.943 E3.0735
G1 X102.11 Y98.683 F7800
G1 X103.322 Y99.459
;TYPE:Solid infill
;WIDTH:0.38292
G1 F1058.823
G1 X103.251 Y99.44 E3.07591
G1 X103.27 Y99.511 E3.07832
G1 X103.311 Y99.5 E3.07971
;WIDTH:0.41646
G1 F963.754
G1 X103.152 Y99.588 E3.08626
;WIDTH:0.449999
G1 F884.349
G1 X102.993 Y99.675 E3.09338
G1 X102.095 Y100.573 E3.14324
G1 X102.005 Y100.732 E3.15041
;WIDTH:0.41646
G1 F963.754
G1 X101.914 Y100.891 E3.15701
;WIDTH:0.38292
G1 F1058.823
G1 X101.873 Y100.902 E3.1584
G1 X101.854 Y100.831 E3.16081
G1 X101.925 Y100.85 E3.16322
G1 X101.574 Y101.67 F7800
;WIDTH:0.449999
G1 F884.349
G1 X104.231 Y99.014 E3.31073
G1 X104.753 Y99.067 E3.33133
G1 X101.485 Y102.336 E3.51282
G1 X101.528 Y102.868 E3.53378
G1 X105.177 Y99.219 E3.7364
G1 X105.626 Y99.346 E3.75472
G1 X101.596 Y103.375 E3.97847
G1 X101.689 Y103.858 E3.99778
G1 X105.997 Y99.551 E4.23697
G1 X106.345 Y99.778 E4.25328
G1 X101.837 Y104.286 E4.5036
G1 X102.023 Y104.675 E4.52053
G1 X106.676 Y100.023 E4.77888
G1 X106.953 Y100.321 E4.79486
G1 X102.219 Y105.055 E5.05773
G1 X102.536 Y105.314 E5.0738
G1 X107.23 Y100.62 E5.33445
G1 X107.443 Y100.983 E5.35098
G1 X102.93 Y105.496 E5.60158
G1 X103.333 Y105.668 E5.61878
G1 X107.649 Y101.352 E5.85844
G1 X107.803 Y101.774 E5.87608
G1 X103.747 Y105.83 E6.1013
G1 X104.191 Y105.962 E6.11949
G1 X107.839 Y102.313 E6.32209
G1 X107.876 Y102.853 E6.34334
G1 X104.706 Y106.022 E6.51934
G1 X104.893 Y106.067 E6.52689
;WIDTH:0.41646
G1 F963.754
G1 X105.079 Y106.111 E6.53378
;WIDTH:0.38292
G1 F1058.823
G1 X105.27 Y106.075 E6.54015
;WIDTH:0.449999
G1 F884.349
G1 X105.431 Y105.873 E6.55029
G1 X107.78 Y103.524 E6.68073
G1 X107.597 Y104.283 E6.71139
G1 X106.372 Y105.508 E6.77941
G1 X106.249 Y105.599 E6.78542
;WIDTH:0.41646
G1 F963.754
G1 X106.127 Y105.689 E6.79088
;WIDTH:0.38292
G1 F1058.823
G1 X106.056 Y105.67 E6.79329
G1 X106.075 Y105.741 E6.7957
G1 X106.116 Y105.73 E6.79709
;LAYER_CHANGE
;Z:17.35
;HEIGHT:0.200001
G92 E0
G1 Z17.35 F7800
G1 X102.226 Y99.679
;TYPE:Perimeter
;WIDTH:0.449999
G1 F884.349
G1 X102.281 Y99.589 E.00414
G1 X102.43 Y99.543 E.01026
G1 X102.897 Y99.339 E.03027
G1 X103.4 Y99.095 E.05222
G1 X104.21 Y98.631 E.08887
G1 X104.341 Y98.615 E.09405
G1 X104.563 Y98.628 E.10278
G1 X105.039 Y98.8 E.12265
G1 X105.893 Y99.064 E.15775
G1 X106.348 Y99.328 E.1784
G1 X106.806 Y99.674 E.20094
G1 X107.52 Y100.445 E.2422
G1 X108.098 Y101.532 E.29054
G1 X108.145 Y102.238 E.31832
G1 X108.215 Y103.14 E.35384
G1 X107.894 Y104.709 E.41672
G1 X107.762 Y104.931 E.42686
G1 X107.421 Y105.407 E.44985
G1 X106.972 Y105.534 E.46817
G1 X106.283 Y105.849 E.49792
G1 X105.34 Y106.189 E.53728
G1 X104.745 Y106.291 E.56098
G1 X104.38 Y106.299 E.57532
G1 X103.774 Y106.159 E.59974
G1 X103.132 Y105.922 E.62661
G1 X102.566 Y105.633 E.65156
G1 X102.037 Y105.295 E.67621
G1 X101.899 Y105.164 E.68368
G1 X101.541 Y104.428 E.71582
G1 X101.312 Y103.721 E.745
G1 X101.207 Y103.169 E.76706
G1 X101.133 Y102.302 E.80123
G1 X101.245 Y101.507 E.83275
G1 X101.537 Y100.877 E.86001
G1 X101.853 Y100.29 E.88619
G1 X102.194 Y99.731 E.9119
G1 X101.992 Y99.281 F7800
G1 F884.349
G1 X102.014 Y99.245 E.91356
G1 X102.384 Y99.126 E.92882
G1 X103.038 Y98.826 E.95707
G1 X103.635 Y98.508 E.98363
G1 X104.073 Y98.237 E1.00385
G1 X104.454 Y98.191 E1.01892
G1 X104.672 Y98.234 E1.02764
G1 X105.178 Y98.417 E1.04877
G1 X106.042 Y98.681 E1.08424
G1 X106.638 Y99.032 E1.1114
G1 X107.092 Y99.384 E1.13396
M73 P71 R8
G1 X107.857 Y100.209 E1.17814
G1 X108.498 Y101.416 E1.2318
G1 X108.551 Y102.206 E1.26289
G1 X108.625 Y103.17 E1.30085
G1 X108.271 Y104.871 E1.36907
M73 Q71 S8
G1 X108.054 Y105.222 E1.38527
G1 X107.653 Y105.771 E1.41196
G1 X107.142 Y105.904 E1.43269
G1 X106.437 Y106.226 E1.46312
G1 X105.444 Y106.584 E1.50457
G1 X104.813 Y106.692 E1.52971
G1 X104.314 Y106.704 E1.54931
G1 X103.681 Y106.559 E1.57481
G1 X102.969 Y106.295 E1.60463
G1 X102.363 Y105.987 E1.63132
G1 X101.818 Y105.638 E1.65673
G1 X101.557 Y105.391 E1.67084
G1 X101.162 Y104.581 E1.70622
G1 X100.917 Y103.822 E1.73754
G1 X100.803 Y103.224 E1.76144
G1 X100.723 Y102.291 E1.79821
G1 X100.85 Y101.391 E1.8339
G1 X101.173 Y100.695 E1.86403
G1 X101.499 Y100.087 E1.89112
G1 X101.96 Y99.333 E1.92582
G1 X101.805 Y98.97 F7800
;TYPE:External perimeter
G1 F884.349
G1 X102.255 Y98.902 E1.94369
G1 X102.754 Y98.7 E1.96483
G1 X103.134 Y98.103 E1.99262
G1 X103.768 Y97.769 E2.02076
G1 X104.314 Y97.702 E2.04236
G1 X104.751 Y97.972 E2.06253
G1 X105.274 Y97.979 E2.08307
G1 X105.902 Y98.268 E2.11021
G1 X106.457 Y98.261 E2.132
G1 X106.942 Y98.667 E2.15683
G1 X107.506 Y99.073 E2.18412
G1 X107.74 Y99.517 E2.20383
G1 X108.315 Y99.987 E2.23299
G1 X108.614 Y100.474 E2.25543
G1 X108.802 Y101.022 E2.27818
G1 X108.932 Y101.515 E2.2982
G1 X108.952 Y101.981 E2.31651
G1 X109.09 Y102.82 E2.3499
G1 X108.845 Y103.432 E2.37578
G1 X108.851 Y104.919 E2.43417
G1 X108.356 Y105.235 E2.45723
G1 X108.14 Y105.872 E2.48364
G1 X107.609 Y106.21 E2.50836
G1 X106.973 Y106.581 E2.53727
G1 X106.437 Y106.618 E2.55837
G1 X105.862 Y106.724 E2.58133
G1 X105.235 Y106.901 E2.60691
G1 X104.761 Y106.923 E2.62554
G1 X104.335 Y107.255 E2.64675
G1 X103.801 Y107.101 E2.66857
G1 X103.372 Y106.802 E2.6891
G1 X102.65 Y106.637 E2.71818
G1 X102.199 Y106.258 E2.74131
G1 X101.453 Y106.057 E2.77165
G1 X101.126 Y105.334 E2.80281
G1 X100.694 Y104.739 E2.83168
G1 X100.445 Y104.208 E2.85471
G1 X100.606 Y103.657 E2.87725
G1 X100.551 Y103.206 E2.89509
G1 X100.538 Y102.734 E2.91363
G1 X100.161 Y102.298 E2.93626
G1 X100.587 Y101.701 E2.96506
G1 X100.436 Y101.209 E2.98527
G1 X100.891 Y100.773 E3.01001
G1 X100.953 Y100.038 E3.03897
G1 X101.336 Y99.39 E3.06853
G1 X101.75 Y98.988 E3.09119
G1 X102.144 Y98.92 F7800
G92 E0
G1 X101.689 Y104.119
;TYPE:Solid infill
;WIDTH:0.38292
G1 F1058.823
G1 X101.67 Y104.191 E.00244
G1 X101.741 Y104.171 E.00486
G1 X101.73 Y104.13 E.00625
;WIDTH:0.41646
G1 F963.754
G1 X101.809 Y104.288 E.01261
;WIDTH:0.449999
G1 F884.349
G1 X101.889 Y104.446 E.01956
G1 X102.909 Y105.465 E.07617
G1 X103.047 Y105.549 E.08251
;WIDTH:0.41646
G1 F963.754
G1 X103.185 Y105.633 E.08833
;WIDTH:0.38292
G1 F1058.823
G1 X103.166 Y105.704 E.09074
G1 X103.237 Y105.685 E.09315
G1 X103.226 Y105.644 E.09454
;WIDTH:0.449999
G1 F884.349
G1 X103.885 Y105.866 E.12184
G1 X101.595 Y103.576 E.249
G1 X101.49 Y102.895 E.27606
G1 X104.599 Y106.004 E.4487
G1 X105.092 Y105.922 E.46832
G1 X101.445 Y102.275 E.67083
G1 X101.516 Y101.77 E.69085
G1 X105.539 Y105.793 E.91424
G1 X105.962 Y105.64 E.9319
G1 X101.66 Y101.338 E1.17078
G1 X101.845 Y100.948 E1.18773
G1 X106.371 Y105.474 E1.43905
G1 X106.768 Y105.295 E1.45615
G1 X102.047 Y100.573 E1.71833
G1 X102.259 Y100.21 E1.73484
G1 X107.198 Y105.149 E2.0091
G1 X107.457 Y104.832 E2.02517
G1 X102.477 Y99.853 E2.30167
G1 X102.882 Y99.681 E2.31895
G1 X107.65 Y104.45 E2.58374
G1 X107.736 Y103.96 E2.60327
G1 X103.276 Y99.5 E2.85093
G1 X103.656 Y99.304 E2.86772
G1 X107.826 Y103.474 E3.09927
G1 X107.896 Y102.969 E3.11929
G1 X104.028 Y99.1 E3.3341
G1 X104.427 Y98.923 E3.35124
G1 X107.851 Y102.348 E3.5414
G1 X107.805 Y101.726 E3.56589
G1 X105.295 Y99.216 E3.70527
G1 X105.166 Y99.112 E3.71178
;WIDTH:0.41646
G1 F963.754
G1 X105.037 Y99.007 E3.71777
;WIDTH:0.38292
G1 F1058.823
G1 X105.048 Y99.048 E3.71916
G1 X104.977 Y99.067 E3.72157
G1 X104.996 Y98.996 E3.72398
G1 X106.063 Y99.473 F7800
G1 F1058.823
G1 X106.262 Y99.498 E3.73056
G1 X106.652 Y99.831 E3.74738
G1 X107.354 Y100.56 E3.78057
G1 X107.405 Y100.75 E3.78702
G1 X107.399 Y100.794 E3.78848
;WIDTH:0.41646
G1 F963.754
G1 X107.279 Y100.65 E3.79523
;WIDTH:0.449999
G1 F884.349
G1 X107.16 Y100.506 E3.80256
G1 X106.351 Y99.697 E3.84748
;LAYER_CHANGE
;Z:17.55
;HEIGHT:0.199999
G92 E0
G1 Z17.55 F7800
G1 X102.232 Y99.588
;TYPE:Perimeter
G1 F884.349
G1 X102.262 Y99.534 E.00243
G1 X102.962 Y99.264 E.03189
G1 X104.129 Y98.644 E.08378
G1 X104.339 Y98.572 E.0925
G1 X104.729 Y98.634 E.10801
G1 X105.476 Y98.911 E.13929
G1 X105.932 Y99.025 E.15775
G1 X106.172 Y99.154 E.16845
G1 X106.617 Y99.465 E.18977
G1 X107.502 Y100.385 E.23989
G1 X108.1 Y101.465 E.28836
G1 X108.164 Y102.35 E.3232
G1 X108.237 Y103.156 E.35498
G1 X107.987 Y104.494 E.40843
G1 X107.584 Y104.964 E.43274
G1 X107.349 Y105.375 E.45133
G1 X106.834 Y105.542 E.47259
G1 X106.285 Y105.813 E.49663
G1 X105.642 Y106.031 E.52329
G1 X105.118 Y106.186 E.54475
G1 X104.543 Y106.268 E.56756
G1 X104.066 Y106.172 E.58666
G1 X103.564 Y106.102 E.60656
G1 X102.919 Y105.778 E.6349
G1 X102.425 Y105.478 E.65759
G1 X101.988 Y105.097 E.68035
G1 X101.591 Y104.62 E.70472
G1 X101.424 Y104.054 E.72789
G1 X101.241 Y103.586 E.74762
G1 X101.194 Y103.287 E.7595
G1 X101.168 Y101.964 E.81146
G1 X101.232 Y101.445 E.83199
G1 X101.527 Y100.838 E.85849
G1 X102.202 Y99.64 E.91248
G1 X101.977 Y99.21 F7800
G1 F884.349
G1 X101.98 Y99.205 E.91271
G1 X102.778 Y98.901 E.94624
G1 X103.628 Y98.472 E.98362
G1 X104.091 Y98.19 E1.00491
G1 X104.453 Y98.15 E1.01921
G1 X104.847 Y98.244 E1.03511
G1 X105.618 Y98.53 E1.0674
G1 X106.076 Y98.64 E1.08589
G1 X106.365 Y98.796 E1.09879
G1 X106.89 Y99.162 E1.12392
G1 X107.834 Y100.143 E1.17738
G1 X108.501 Y101.362 E1.23194
G1 X108.569 Y102.313 E1.26938
G1 X108.647 Y103.178 E1.30348
G1 X108.535 Y103.744 E1.32613
G1 X108.456 Y104.304 E1.34834
G1 X108.327 Y104.723 E1.36555
G1 X107.893 Y105.229 E1.39172
G1 X107.667 Y105.657 E1.41072
G1 X107.581 Y105.731 E1.41517
G1 X107.012 Y105.908 E1.43857
G1 X106.441 Y106.19 E1.46358
G1 X105.386 Y106.548 E1.50732
G1 X104.717 Y106.681 E1.5341
G1 X104.327 Y106.669 E1.54942
G1 X103.944 Y106.563 E1.56502
G1 X103.443 Y106.496 E1.58487
G1 X102.402 Y105.95 E1.63103
G1 X101.967 Y105.632 E1.65219
G1 X101.482 Y105.153 E1.67896
G1 X101.218 Y104.796 E1.69639
G1 X101.033 Y104.17 E1.72202
G1 X100.847 Y103.697 E1.74198
G1 X100.788 Y103.323 E1.75685
G1 X100.761 Y101.943 E1.81105
G1 X100.836 Y101.329 E1.83534
G1 X101.166 Y100.649 E1.86502
G1 X101.948 Y99.263 E1.92751
G1 X101.805 Y98.882 F7800
;TYPE:External perimeter
G1 F884.349
G1 X101.851 Y98.751 E1.93296
G1 X102.5 Y98.45 E1.96105
G1 X103.667 Y97.971 E2.01058
G1 X104.191 Y97.865 E2.03157
G1 X104.799 Y97.773 E2.05571
G1 X105.275 Y97.795 E2.07442
G1 X105.669 Y98.124 E2.09457
G1 X106.289 Y98.482 E2.12268
G1 X106.867 Y98.761 E2.14788
G1 X107.603 Y99.038 E2.17876
G1 X107.765 Y99.629 E2.20282
G1 X108.115 Y100.184 E2.22858
G1 X108.679 Y100.419 E2.25257
G1 X108.899 Y101.041 E2.27848
G1 X109.086 Y101.717 E2.30602
G1 X108.995 Y102.187 E2.32482
G1 X109.15 Y102.886 E2.35293
G1 X108.935 Y103.579 E2.38142
G1 X109.05 Y104.16 E2.40468
G1 X108.676 Y104.746 E2.43198
G1 X108.27 Y105.174 E2.45514
G1 X108.216 Y105.799 E2.47977
G1 X107.252 Y106.146 E2.52
G1 X106.807 Y106.633 E2.5459
G1 X106.153 Y106.851 E2.57297
G1 X105.612 Y106.977 E2.59478
G1 X105.023 Y107.219 E2.61978
G1 X104.513 Y107.127 E2.64013
G1 X103.841 Y107.055 E2.66667
G1 X103.323 Y106.966 E2.68731
G1 X102.753 Y106.451 E2.71747
G1 X102.106 Y106.45 E2.74287
G1 X101.777 Y105.984 E2.76527
G1 X101.284 Y105.632 E2.78906
G1 X101.058 Y104.972 E2.81645
G1 X100.776 Y104.498 E2.83811
G1 X100.658 Y103.892 E2.86235
G1 X100.511 Y103.339 E2.88482
G1 X100.257 Y102.679 E2.91259
G1 X100.171 Y102.099 E2.93561
G1 X100.275 Y101.525 E2.95851
G1 X100.495 Y100.995 E2.98104
G1 X100.917 Y100.516 E3.00611
G1 X100.977 Y99.76 E3.03589
G1 X101.656 Y99.302 E3.06805
G1 X101.785 Y98.939 E3.08318
G1 X102.07 Y98.659 F7800
G1 X102.916 Y99.608
;TYPE:Solid infill
G1 F884.349
G1 X102.124 Y100.4 E3.12716
G1 X102.035 Y100.539 E3.13364
;WIDTH:0.41646
G1 F963.754
G1 X101.947 Y100.677 E3.13954
;WIDTH:0.38292
G1 F1058.823
G1 X101.875 Y100.658 E3.14198
G1 X101.895 Y100.729 E3.1444
G1 X101.936 Y100.718 E3.14579
G1 X101.524 Y101.577 F7800
;WIDTH:0.449999
G1 F884.349
G1 X104.173 Y98.913 E3.2933
;WIDTH:0.41646
G1 F963.754
G1 X104.289 Y98.783 E3.29958
;WIDTH:0.38292
G1 F1058.823
G1 X104.477 Y98.768 E3.30576
;WIDTH:0.449999
G1 F884.349
G1 X104.72 Y98.956 E3.31782
G1 X101.478 Y102.198 E3.49784
G1 X101.489 Y102.762 E3.51999
G1 X105.141 Y99.111 E3.72275
G1 X105.573 Y99.254 E3.74062
G1 X101.508 Y103.319 E3.96634
G1 X101.642 Y103.761 E3.98447
M73 P72 R8
G1 X105.997 Y99.406 E4.2263
G1 X106.341 Y99.637 E4.24257
M73 Q72 S8
G1 X101.783 Y104.196 E4.4957
G1 X101.95 Y104.605 E4.51305
G1 X106.633 Y99.922 E4.77309
G1 X106.915 Y100.215 E4.78906
G1 X102.226 Y104.904 E5.04943
G1 X102.533 Y105.173 E5.06546
G1 X107.197 Y100.509 E5.32444
G1 X107.418 Y100.863 E5.34083
G1 X102.874 Y105.407 E5.59315
G1 X103.253 Y105.604 E5.60992
G1 X107.624 Y101.233 E5.85263
G1 X107.806 Y101.627 E5.86967
G1 X103.637 Y105.796 E6.10117
G1 X104.13 Y105.878 E6.12079
G1 X107.849 Y102.159 E6.3273
G1 X107.892 Y102.692 E6.3483
G1 X104.619 Y105.965 E6.53004
G1 X104.644 Y106.042 E6.53322
;WIDTH:0.41646
G1 F963.754
G1 X104.67 Y106.119 E6.53615
;WIDTH:0.38292
G1 F1058.823
G1 X105.193 Y106.008 E6.55368
;WIDTH:0.449999
G1 F884.349
G1 X105.354 Y105.806 E6.56382
G1 X107.909 Y103.251 E6.7057
G1 X107.786 Y103.95 E6.73357
G1 X106.242 Y105.494 E6.81931
G1 X106.119 Y105.582 E6.82525
;WIDTH:0.41646
G1 F963.754
G1 X105.997 Y105.669 E6.83065
;WIDTH:0.38292
G1 F1058.823
G1 X105.926 Y105.65 E6.83306
G1 X105.945 Y105.721 E6.83547
G1 X105.986 Y105.71 E6.83686
G1 X107.147 Y105.137 F7800
;WIDTH:0.41218
G1 F974.923
G1 X107.359 Y104.86 E6.84928
;WIDTH:0.38292
G1 F1058.823
G1 X107.8 Y104.382 E6.87061
;LAYER_CHANGE
;Z:17.75
;HEIGHT:0.200001
G92 E0
G1 Z17.75 F7800
G1 X102.239 Y99.511
;TYPE:Perimeter
;WIDTH:0.449999
G1 F884.349
G1 X102.276 Y99.444 E.00301
G1 X103.359 Y99.032 E.04851
G1 X104.242 Y98.538 E.08824
G1 X104.528 Y98.526 E.09948
G1 X105.515 Y98.879 E.14064
G1 X105.991 Y98.99 E.15983
G1 X106.4 Y99.233 E.17851
G1 X107.181 Y100.014 E.22188
G1 X107.572 Y100.435 E.24444
G1 X108.133 Y101.488 E.29129
G1 X108.182 Y102.435 E.32852
G1 X108.269 Y103.14 E.35641
G1 X108.21 Y103.491 E.37039
G1 X108.033 Y104.252 E.40107
G1 X107.502 Y104.869 E.43303
G1 X107.264 Y105.347 E.454
G1 X106.734 Y105.536 E.47609
G1 X106.233 Y105.784 E.49804
G1 X105.603 Y105.994 E.52411
G1 X105.099 Y106.137 E.54468
G1 X104.533 Y106.224 E.56716
G1 X104.206 Y106.186 E.58009
G1 X103.489 Y106.046 E.60877
G1 X102.821 Y105.68 E.63868
G1 X102.408 Y105.379 E.65875
G1 X102.021 Y105.013 E.67966
G1 X101.652 Y104.615 E.70097
G1 X101.396 Y103.85 E.73264
G1 X101.157 Y103.324 E.75533
G1 X101.181 Y101.962 E.80882
G1 X101.253 Y101.333 E.83368
G1 X101.549 Y100.75 E.85935
G1 X102.21 Y99.564 E.91266
G1 X101.976 Y99.159 F7800
G1 F884.349
G1 X102.047 Y99.094 E.91644
G1 X103.111 Y98.703 E.96095
G1 X103.676 Y98.405 E.98603
G1 X104.109 Y98.142 E1.00592
G1 X104.328 Y98.12 E1.01456
G1 X104.633 Y98.131 E1.02654
G1 X106.306 Y98.69 E1.0958
G1 X106.668 Y98.925 E1.11275
G1 X107.722 Y99.98 E1.1713
G1 X107.964 Y100.288 E1.18668
G1 X108.535 Y101.377 E1.23496
G1 X108.586 Y102.385 E1.27459
G1 X108.68 Y103.149 E1.30481
G1 X108.542 Y103.964 E1.33727
G1 X108.398 Y104.455 E1.35736
G1 X107.924 Y104.984 E1.38525
G1 X107.73 Y105.277 E1.39905
G1 X107.603 Y105.639 E1.41411
G1 X107.466 Y105.709 E1.42015
G1 X106.914 Y105.901 E1.4431
G1 X106.389 Y106.161 E1.4661
G1 X105.385 Y106.496 E1.50766
G1 X104.855 Y106.599 E1.52886
G1 X104.32 Y106.633 E1.54991
G1 X103.368 Y106.441 E1.58804
G1 X102.938 Y106.223 E1.60697
G1 X102.391 Y105.877 E1.63238
G1 X101.916 Y105.51 E1.65595
G1 X101.281 Y104.79 E1.69364
G1 X101.023 Y104.016 E1.72567
G1 X100.807 Y103.563 E1.74538
G1 X100.749 Y103.347 E1.75416
G1 X100.775 Y101.935 E1.80961
G1 X100.856 Y101.214 E1.8381
G1 X101.186 Y100.566 E1.86665
G1 X101.94 Y99.206 E1.92771
G1 X101.699 Y98.761 F7800
;TYPE:External perimeter
G1 F884.349
G1 X102.022 Y98.546 E1.94295
G1 X102.558 Y98.492 E1.9641
G1 X103.155 Y98.316 E1.98854
G1 X103.656 Y97.718 E2.01917
G1 X104.392 Y97.732 E2.04807
G1 X105.037 Y97.922 E2.07447
G1 X105.543 Y98.192 E2.09699
G1 X106.179 Y98.201 E2.12196
G1 X106.703 Y98.515 E2.14595
G1 X107.418 Y98.821 E2.17649
G1 X107.778 Y99.505 E2.20684
G1 X108.343 Y99.908 E2.23409
G1 X108.545 Y100.405 E2.25515
G1 X108.628 Y101.038 E2.28022
G1 X109.112 Y101.649 E2.31083
G1 X108.989 Y102.306 E2.33708
G1 X108.902 Y102.395 E2.34197
G1 X108.874 Y103.014 E2.3663
G1 X109.135 Y103.578 E2.3907
G1 X108.912 Y104.06 E2.41155
G1 X108.927 Y104.671 E2.43555
G1 X107.905 Y105.613 E2.49012
G1 X107.683 Y106.102 E2.51121
M73 P72 R7
G1 X107.187 Y106.103 E2.53069
G1 X106.81 Y106.477 E2.55154
G1 X106.289 Y106.817 E2.57597
G1 X105.582 Y106.863 E2.60379
G1 X104.929 Y107.061 E2.63058
G1 X104.237 Y106.999 E2.65786
G1 X103.548 Y106.987 E2.68492
G1 X103.001 Y106.68 E2.70955
G1 X102.286 Y106.498 E2.73852
G1 X101.402 Y105.443 E2.79256
G1 X100.88 Y105.099 E2.81711
G1 X100.572 Y104.54 E2.84217
G1 X100.745 Y103.98 E2.86518
G1 X100.468 Y103.403 E2.89031
G1 X100.336 Y102.822 E2.9137
G1 X100.37 Y102.136 E2.94067
G1 X100.505 Y101.578 E2.96321
G1 X100.546 Y100.965 E2.98733
G1 X100.637 Y100.397 E3.00992
G1 X101.265 Y99.93 E3.04065
G1 X101.231 Y99.385 E3.06209
G1 X101.529 Y98.874 E3.08532
G1 X101.649 Y98.795 E3.09096
G1 X101.985 Y98.577 F7800
G92 E0
G1 X101.813 Y104.514
;TYPE:Solid infill
;WIDTH:0.38292
G1 F1058.823
G1 X102.337 Y105.065 E.02494
G1 X102.855 Y105.51 E.04734
G1 X103.642 Y105.789 F7800
G1 F1058.823
G1 X103.653 Y105.83 E.04873
G1 X103.582 Y105.849 E.05114
G1 X103.601 Y105.778 E.05355
;WIDTH:0.41646
G1 F963.754
G1 X103.463 Y105.699 E.05928
;WIDTH:0.449999
G1 F884.349
G1 X103.324 Y105.62 E.06556
G1 X101.8 Y104.096 E.15019
G1 X101.721 Y103.937 E.15716
;WIDTH:0.41646
G1 F963.754
G1 X101.642 Y103.778 E.16356
;WIDTH:0.38292
G1 F1058.823
G1 X101.653 Y103.819 E.16495
G1 X101.582 Y103.839 E.16737
G1 X101.601 Y103.767 E.16981
;WIDTH:0.449999
G1 F884.349
G1 X101.464 Y103.185 E.19329
G1 X104.217 Y105.954 E.3466
;WIDTH:0.41646
G1 F963.754
M73 Q72 S7
G1 X104.299 Y106.052 E.3512
;WIDTH:0.38292
G1 F1058.823
G1 X104.618 Y106.071 E.36168
;WIDTH:0.449999
G1 F884.349
G1 X104.749 Y105.894 E.37033
G1 X101.475 Y102.619 E.55216
G1 X101.485 Y102.054 E.57435
G1 X105.228 Y105.797 E.78219
G1 X105.66 Y105.653 E.80007
G1 X101.538 Y101.531 E1.02896
G1 X101.703 Y101.121 E1.04631
G1 X106.092 Y105.509 E1.29
G1 X106.48 Y105.322 E1.30691
G1 X101.897 Y100.739 E1.5614
G1 X102.104 Y100.37 E1.57801
G1 X106.888 Y105.155 E1.84369
G1 X107.158 Y104.848 E1.85974
G1 X102.313 Y100.003 E2.12878
G1 X102.553 Y99.668 E2.14496
G1 X107.4 Y104.515 E2.41411
G1 X107.668 Y104.207 E2.43014
G1 X102.975 Y99.514 E2.69074
G1 X103.393 Y99.356 E2.70829
G1 X107.845 Y103.809 E2.95553
G1 X107.929 Y103.317 E2.97513
G1 X103.771 Y99.159 E3.20602
G1 X104.142 Y98.954 E3.22266
G1 X107.911 Y102.723 E3.43195
G1 X107.856 Y102.092 E3.45682
G1 X104.662 Y98.898 E3.63418
G1 X105.462 Y99.168 F7800
;WIDTH:0.386318
G1 F1048.346
G1 X105.874 Y99.244 E3.64806
G1 X106.242 Y99.461 E3.66221
G1 X107.337 Y100.557 E3.71353
G1 X107.861 Y101.563 E3.7511
G1 X105.606 Y99.312 E3.85663
;LAYER_CHANGE
;Z:17.95
;HEIGHT:0.200001
G92 E0
G1 Z17.95 F7800
M73 P73 R7
G1 X102.329 Y99.359
;TYPE:Perimeter
;WIDTH:0.449999
G1 F884.349
G1 X102.338 Y99.345 E.00065
G1 X103.362 Y98.981 E.04332
G1 X104.253 Y98.495 E.08317
G1 X104.503 Y98.475 E.09302
M73 Q73 S7
G1 X105.524 Y98.836 E.13554
G1 X106.013 Y98.942 E.15519
G1 X106.298 Y99.12 E.16838
G1 X107.271 Y100.059 E.22147
G1 X107.685 Y100.505 E.24536
G1 X108.178 Y101.476 E.28812
G1 X108.198 Y102.157 E.31487
G1 X108.321 Y103.02 E.3491
G1 X108.161 Y103.765 E.37902
G1 X107.885 Y104.182 E.39865
G1 X107.448 Y104.768 E.42735
G1 X107.139 Y105.353 E.45333
G1 X106.65 Y105.522 E.47364
G1 X106.159 Y105.76 E.49506
G1 X105.376 Y106.026 E.52753
G1 X104.764 Y106.146 E.55202
G1 X104.313 Y106.178 E.56977
G1 X103.461 Y105.999 E.60395
G1 X102.975 Y105.726 E.62584
G1 X102.476 Y105.356 E.65023
G1 X102.051 Y104.983 E.67243
G1 X101.702 Y104.606 E.6926
G1 X101.372 Y103.711 E.73005
G1 X101.111 Y103.257 E.75061
G1 X101.179 Y101.743 E.81012
G1 X101.26 Y101.241 E.83009
G1 X101.547 Y100.684 E.85469
G1 X102.299 Y99.41 E.91278
G1 X102.032 Y99.046 F7800
G1 F884.349
G1 X102.052 Y99.013 E.9143
G1 X103.176 Y98.619 E.96107
G1 X104.125 Y98.097 E1.0036
G1 X104.599 Y98.077 E1.02223
G1 X105.659 Y98.452 E1.06638
G1 X105.926 Y98.502 E1.07705
G1 X106.299 Y98.615 E1.09235
G1 X106.561 Y98.809 E1.10515
G1 X107.554 Y99.766 E1.1593
G1 X108.03 Y100.285 E1.18695
G1 X108.583 Y101.373 E1.23487
G1 X108.605 Y102.145 E1.26519
G1 X108.734 Y103.026 E1.30015
G1 X108.613 Y103.673 E1.32599
G1 X108.432 Y104.14 E1.34566
G1 X107.989 Y104.712 E1.37407
G1 X107.666 Y105.223 E1.39781
G1 X107.506 Y105.663 E1.41619
G1 X106.828 Y105.888 E1.44424
G1 X106.314 Y106.137 E1.46667
G1 X105.481 Y106.421 E1.50123
G1 X104.842 Y106.545 E1.52679
G1 X104.268 Y106.586 E1.54939
G1 X103.34 Y106.392 E1.58662
G1 X103.088 Y106.272 E1.59758
G1 X102.737 Y106.056 E1.61376
G1 X102.219 Y105.671 E1.6391
G1 X101.755 Y105.262 E1.66339
G1 X101.339 Y104.799 E1.68783
G1 X100.991 Y103.852 E1.72744
G1 X100.712 Y103.388 E1.7487
G1 X100.773 Y101.703 E1.8149
G1 X100.869 Y101.112 E1.83841
G1 X101.191 Y100.486 E1.86605
G1 X102.002 Y99.098 E1.92917
G1 X101.805 Y98.849 F7800
;TYPE:External perimeter
G1 F884.349
G1 X101.997 Y98.808 E1.93688
G1 X102.646 Y98.464 E1.96572
G1 X103.321 Y98.167 E1.99468
G1 X103.981 Y97.935 E2.02215
G1 X104.526 Y97.778 E2.04442
G1 X105.897 Y97.986 E2.09887
G1 X106.458 Y98.24 E2.12305
G1 X106.846 Y98.597 E2.14375
G1 X107.278 Y98.866 E2.16373
G1 X107.787 Y99.292 E2.18979
G1 X108.157 Y99.836 E2.21562
G1 X108.681 Y100.395 E2.2457
G1 X108.751 Y100.967 E2.26833
G1 X109.051 Y101.47 E2.29133
G1 X108.823 Y102.191 E2.32102
G1 X109.043 Y102.866 E2.3489
G1 X108.946 Y103.565 E2.37661
G1 X108.827 Y104.086 E2.39759
G1 X108.203 Y105.172 E2.44677
G1 X107.738 Y105.734 E2.47541
G1 X107.284 Y106.046 E2.49704
G1 X106.88 Y106.471 E2.52006
G1 X106.211 Y106.497 E2.54635
G1 X105.643 Y106.698 E2.57001
G1 X105.172 Y106.778 E2.58877
G1 X104.616 Y107.115 E2.6143
G1 X104.09 Y107.147 E2.63499
G1 X103.563 Y106.734 E2.66128
G1 X102.958 Y106.832 E2.68534
G1 X102.165 Y105.938 E2.73226
G1 X101.601 Y105.557 E2.75898
G1 X101.355 Y105.147 E2.77775
G1 X100.953 Y104.665 E2.80239
G1 X100.525 Y103.468 E2.8523
G1 X100.342 Y102.839 E2.87802
G1 X100.398 Y102.208 E2.90289
G1 X100.197 Y101.703 E2.92423
G1 X100.411 Y101.122 E2.94854
G1 X100.537 Y100.454 E2.97523
G1 X101.011 Y100.125 E2.99789
G1 X101.194 Y99.502 E3.02339
G1 X101.433 Y98.928 E3.0478
G1 X101.747 Y98.861 E3.06041
G1 X102.125 Y98.731 F7800
G1 X102.955 Y99.459
;TYPE:Solid infill
G1 F884.349
G1 X102.153 Y100.262 E3.10497
G1 X102.061 Y100.4 E3.11148
;WIDTH:0.41646
G1 F963.754
G1 X101.97 Y100.539 E3.11747
;WIDTH:0.38292
G1 F1058.823
G1 X101.899 Y100.52 E3.11988
G1 X101.918 Y100.591 E3.12229
G1 X101.959 Y100.58 E3.12368
G1 X101.535 Y101.455 F7800
;WIDTH:0.449999
G1 F884.349
G1 X103.987 Y99.004 E3.25981
G1 X104.698 Y98.868 E3.28823
G1 X101.47 Y102.097 E3.4675
G1 X101.443 Y102.698 E3.49112
G1 X105.124 Y99.018 E3.69549
G1 X105.561 Y99.156 E3.71348
G1 X101.468 Y103.249 E3.94076
G1 X101.667 Y103.626 E3.9575
G1 X106.008 Y99.286 E4.19852
G1 X106.311 Y99.558 E4.21451
G1 X101.822 Y104.047 E4.46378
G1 X101.981 Y104.464 E4.4813
G1 X106.604 Y99.84 E4.73804
G1 X106.897 Y100.123 E4.75403
G1 X102.26 Y104.76 E5.01152
G1 X102.563 Y105.033 E5.02753
G1 X107.19 Y100.406 E5.28446
G1 X107.452 Y100.72 E5.30052
G1 X102.886 Y105.286 E5.55406
G1 X103.221 Y105.527 E5.57026
G1 X107.646 Y101.102 E5.81597
G1 X107.84 Y101.483 E5.83276
G1 X103.609 Y105.714 E6.0677
G1 X104.09 Y105.808 E6.08694
G1 X107.89 Y102.009 E6.29792
G1 X107.937 Y102.538 E6.31877
G1 X104.609 Y105.865 E6.50354
G1 X105.331 Y105.719 E6.53246
G1 X108.005 Y103.045 E6.68094
G1 X107.958 Y103.638 E6.7043
;WIDTH:0.38292
G1 F1058.823
G1 X107.887 Y103.619 E6.70671
G1 X107.906 Y103.69 E6.70912
G1 X107.947 Y103.679 E6.71051
;WIDTH:0.41646
G1 F963.754
G1 X107.818 Y103.808 E6.71708
;WIDTH:0.449999
G1 F884.349
G1 X106.249 Y105.376 E6.80418
G1 X106.127 Y105.467 E6.81016
;WIDTH:0.41646
G1 F963.754
G1 X106.005 Y105.557 E6.81562
;WIDTH:0.38292
G1 F1058.823
G1 X105.934 Y105.538 E6.81803
G1 X105.953 Y105.609 E6.82044
G1 X105.994 Y105.598 E6.82183
;LAYER_CHANGE
;Z:18.15
;HEIGHT:0.199999
G92 E0
G1 Z18.15 F7800
G1 X102.519 Y99.203
;TYPE:Perimeter
;WIDTH:0.449999
G1 F884.349
G1 X103.168 Y99.016 E.02652
G1 X103.706 Y98.777 E.04963
G1 X104.233 Y98.459 E.0738
G1 X104.53 Y98.435 E.0855
G1 X105.455 Y98.766 E.12408
G1 X105.976 Y98.882 E.14504
G1 X106.331 Y99.117 E.16176
G1 X107.181 Y99.885 E.20674
G1 X107.561 Y100.264 E.22781
G1 X107.947 Y100.723 E.25136
G1 X108.308 Y101.326 E.27896
G1 X108.322 Y101.635 E.29111
G1 X108.282 Y102.243 E.31503
G1 X108.38 Y102.802 E.33731
G1 X108.261 Y103.315 E.35799
G1 X107.809 Y104.126 E.39445
G1 X107.313 Y104.876 E.42976
G1 X107.14 Y105.296 E.4476
G1 X106.873 Y105.379 E.45858
G1 X106.148 Y105.7 E.48971
G1 X105.463 Y105.953 E.51838
G1 X104.807 Y106.08 E.54462
G1 X104.228 Y106.126 E.56743
G1 X103.323 Y105.915 E.60392
G1 X102.681 Y105.445 E.63516
G1 X102.178 Y105.032 E.66071
G1 X101.761 Y104.611 E.68398
G1 X101.55 Y104.044 E.70773
G1 X101.269 Y103.42 E.7346
G1 X101.047 Y103.064 E.75107
G1 X101.118 Y102.443 E.77561
G1 X101.168 Y101.734 E.80352
G1 X101.273 Y101.146 E.82697
G1 X101.73 Y100.342 E.86328
G1 X102.411 Y99.234 E.91435
G1 X102.461 Y99.22 E.91639
G1 X102.146 Y98.903 F7800
G1 F884.349
G1 X102.282 Y98.842 E.92224
G1 X103.032 Y98.632 E.95282
G1 X103.496 Y98.429 E.97271
G1 X104.105 Y98.06 E1.00067
G1 X104.549 Y98.025 E1.01816
G1 X104.801 Y98.099 E1.02847
G1 X105.619 Y98.391 E1.06257
G1 X106.136 Y98.499 E1.08331
G1 X106.581 Y98.795 E1.1043
G1 X107.774 Y99.891 E1.16791
G1 X108.119 Y100.284 E1.18844
G1 X108.46 Y100.746 E1.21099
G1 X108.711 Y101.25 E1.2331
G1 X108.727 Y101.668 E1.24952
G1 X108.699 Y102.306 E1.27459
G1 X108.794 Y102.8 E1.29434
G1 X108.634 Y103.481 E1.32181
G1 X108.157 Y104.338 E1.36032
G1 X107.652 Y105.101 E1.39625
G1 X107.461 Y105.635 E1.41852
G1 X107.038 Y105.751 E1.43574
G1 X106.301 Y106.078 E1.4674
G1 X105.573 Y106.346 E1.49786
G1 X104.703 Y106.515 E1.53266
G1 X104.187 Y106.535 E1.55294
G1 X103.397 Y106.367 E1.58465
G1 X103.116 Y106.268 E1.59635
G1 X102.431 Y105.766 E1.6297
G1 X101.906 Y105.335 E1.65637
G1 X101.496 Y104.932 E1.67894
G1 X101.379 Y104.751 E1.6874
G1 X101.18 Y104.215 E1.70985
G1 X100.898 Y103.587 E1.73688
G1 X100.625 Y103.168 E1.75652
G1 X100.714 Y102.396 E1.78703
G1 X100.762 Y101.689 E1.81485
G1 X100.884 Y101.008 E1.84201
G1 X101.379 Y100.136 E1.88138
G1 X102.105 Y98.943 E1.93621
G1 X101.719 Y98.609 F7800
;TYPE:External perimeter
G1 F884.349
G1 X102.026 Y98.303 E1.95323
G1 X102.546 Y98.334 E1.97368
G1 X103.209 Y98.29 E1.99977
G1 X103.637 Y97.771 E2.02618
G1 X104.11 Y97.664 E2.04522
G1 X104.635 Y97.57 E2.06616
G1 X105.784 Y98.145 E2.11661
G1 X106.472 Y98.205 E2.14373
G1 X106.767 Y98.635 E2.16421
G1 X107.273 Y98.818 E2.18534
G1 X107.492 Y99.263 E2.20481
G1 X108.035 Y99.69 E2.23193
G1 X108.349 Y100.168 E2.25439
G1 X108.891 Y100.52 E2.27977
G1 X109.183 Y101.073 E2.30432
G1 X109.024 Y101.571 E2.32485
G1 X109.066 Y102.142 E2.34733
G1 X109.245 Y102.592 E2.36635
G1 X108.726 Y103.817 E2.41859
G1 X108.239 Y104.768 E2.46054
G1 X107.979 Y105.394 E2.48716
G1 X107.651 Y105.936 E2.51203
G1 X107.157 Y106.225 E2.5345
G1 X106.625 Y106.342 E2.55589
G1 X106.26 Y106.723 E2.57661
G1 X105.732 Y106.645 E2.59757
G1 X105.227 Y106.717 E2.6176
G1 X104.533 Y107.022 E2.64737
G1 X104.05 Y107.025 E2.66634
G1 X103.484 Y106.71 E2.69177
G1 X102.829 Y106.496 E2.71883
G1 X102.386 Y106.275 E2.73827
G1 X102.032 Y105.761 E2.76278
G1 X101.537 Y105.304 E2.78923
G1 X100.842 Y104.979 E2.81936
G1 X100.819 Y104.303 E2.84592
G1 X100.481 Y103.787 E2.87014
G1 X100.03 Y103.272 E2.89702
G1 X100.432 Y102.775 E2.92212
G1 X100.189 Y102.265 E2.9443
M73 P74 R7
G1 X100.249 Y101.73 E2.96544
G1 X100.28 Y101.019 E2.99338
G1 X100.891 Y100.487 E3.02519
G1 X100.932 Y99.79 E3.0526
G1 X101.445 Y99.237 E3.08222
G1 X101.628 Y98.7 E3.1045
G1 X101.676 Y98.652 E3.10717
G1 X101.959 Y98.369 F7800
G92 E0
G1 X101.944 Y104.517
M73 Q74 S7
;TYPE:Solid infill
;WIDTH:0.38292
G1 F1058.823
G1 X102.312 Y104.882 E.017
G1 X102.784 Y105.31 E.0379
;WIDTH:0.449999
G1 F884.349
G1 X103.512 Y105.653 E.0695
G1 X101.859 Y104.001 E.16126
G1 X101.369 Y102.934 F7800
G1 F884.349
G1 X104.253 Y105.818 E.3214
G1 X104.784 Y105.774 E.34232
G1 X101.429 Y102.418 E.52865
G1 X101.466 Y101.881 E.54979
G1 X105.266 Y105.68 E.76077
G1 X105.701 Y105.54 E.77871
G1 X101.541 Y101.38 E1.00971
G1 X101.719 Y100.982 E1.02683
G1 X106.117 Y105.38 E1.27104
G1 X106.516 Y105.203 E1.28818
G1 X101.929 Y100.617 E1.54286
G1 X102.14 Y100.251 E1.55945
G1 X106.909 Y105.02 E1.82427
G1 X107.103 Y104.639 E1.84106
G1 X102.358 Y99.894 E2.10454
G1 X102.582 Y99.542 E2.12092
G1 X107.333 Y104.293 E2.38474
G1 X107.561 Y103.945 E2.40108
G1 X102.992 Y99.377 E2.65476
G1 X103.431 Y99.24 E2.67282
G1 X107.766 Y103.575 E2.91354
G1 X107.972 Y103.205 E2.93017
G1 X103.825 Y99.058 E3.16045
G1 X104.187 Y98.844 E3.17696
G1 X108.054 Y102.711 E3.39169
G1 X107.988 Y102.069 E3.41703
G1 X104.759 Y98.84 E3.59633
G1 X105.454 Y99.031 E3.62463
;WIDTH:0.349211
G1 F1175.353
G1 X105.854 Y99.117 E3.63672
G1 X106.183 Y99.327 E3.64825
;WIDTH:0.381062
G1 F1064.641
G1 X107.284 Y100.36 E3.69749
G1 X107.676 Y100.792 E3.71652
;WIDTH:0.362914
G1 F1125.021
G1 X108.035 Y101.379 E3.73776
G1 X108.044 Y101.611 E3.74493
G1 X107.433 Y101.001 E3.77158
;WIDTH:0.381062
G1 F1064.641
G1 X105.971 Y99.548 E3.83881
;WIDTH:0.349211
G1 F1175.353
G1 X105.598 Y99.175 E3.85439
;LAYER_CHANGE
;Z:18.35
;HEIGHT:0.200001
G92 E0
G1 Z18.35 F7800
G1 X102.541 Y99.124
;TYPE:Perimeter
;WIDTH:0.449999
G1 F884.349
G1 X103.19 Y98.954 E.02634
G1 X103.722 Y98.741 E.04884
G1 X104.258 Y98.422 E.07333
G1 X104.474 Y98.393 E.08189
G1 X104.712 Y98.436 E.09139
G1 X105.422 Y98.707 E.12123
G1 X106.065 Y98.902 E.14761
G1 X106.427 Y99.161 E.16509
G1 X107.397 Y100.034 E.21633
G1 X108.087 Y100.807 E.25701
G1 X108.401 Y101.215 E.27722
G1 X108.512 Y101.767 E.29933
G1 X108.477 Y102.325 E.32128
G1 X108.31 Y103.023 E.34946
G1 X107.675 Y104.206 E.40218
G1 X107.267 Y104.826 E.43132
G1 X107.087 Y105.276 E.45035
G1 X106.773 Y105.361 E.46312
G1 X105.49 Y105.882 E.51749
G1 X104.662 Y106.049 E.55066
G1 X104.12 Y106.108 E.57207
G1 X103.525 Y105.972 E.59603
G1 X102.515 Y105.24 E.64501
G1 X101.801 Y104.612 E.68235
G1 X101.597 Y104.093 E.70425
G1 X101.217 Y103.218 E.74171
G1 X100.987 Y102.862 E.75835
G1 X101.27 Y101.111 E.82799
G1 X101.792 Y100.215 E.86871
G1 X102.484 Y99.141 E.91888
G1 X102.226 Y98.796 F7800
G1 F884.349
G1 X102.234 Y98.784 E.91945
G1 X103.086 Y98.56 E.95404
G1 X103.514 Y98.391 E.97211
G1 X104.193 Y98.017 E1.00255
G1 X104.574 Y97.985 E1.01756
G1 X104.859 Y98.056 E1.02909
G1 X105.54 Y98.318 E1.05774
G1 X106.251 Y98.533 E1.08691
G1 X106.688 Y98.848 E1.10806
G1 X107.695 Y99.757 E1.16133
G1 X108.407 Y100.556 E1.20335
G1 X108.781 Y101.048 E1.22762
G1 X108.918 Y101.736 E1.25516
G1 X108.88 Y102.394 E1.28104
G1 X108.693 Y103.17 E1.31238
G1 X107.897 Y104.609 E1.37695
G1 X107.562 Y105.131 E1.4013
G1 X107.409 Y105.62 E1.42142
G1 X106.926 Y105.739 E1.44095
G1 X105.607 Y106.274 E1.49684
G1 X104.725 Y106.451 E1.53216
G1 X104.098 Y106.52 E1.55693
G1 X103.343 Y106.343 E1.58738
G1 X102.404 Y105.662 E1.63292
G1 X101.922 Y105.261 E1.65754
G1 X101.445 Y104.82 E1.68305
G1 X101.224 Y104.255 E1.70687
G1 X100.844 Y103.38 E1.74433
G1 X100.557 Y102.966 E1.76411
G1 X100.897 Y100.942 E1.84469
G1 X101.492 Y99.922 E1.89106
G1 X102.194 Y98.846 E1.94151
G1 X101.971 Y98.591 F7800
;TYPE:External perimeter
G1 F884.349
G1 X102.351 Y98.519 E1.9567
G1 X103.398 Y98.181 E1.9999
G1 X103.649 Y97.628 E2.02375
G1 X104.132 Y97.434 E2.04419
G1 X104.701 Y97.799 E2.07073
G1 X105.237 Y97.876 E2.09199
G1 X105.96 Y97.907 E2.1204
G1 X106.811 Y98.349 E2.15805
G1 X107.438 Y98.739 E2.18704
G1 X107.724 Y99.131 E2.20609
G1 X108.135 Y99.376 E2.22488
G1 X108.354 Y99.92 E2.24791
G1 X108.755 Y100.296 E2.26949
G1 X109.229 Y100.782 E2.29615
G1 X109.157 Y101.411 E2.32101
G1 X109.163 Y101.871 E2.33907
G1 X109.266 Y102.228 E2.35366
G1 X109.336 Y102.967 E2.38281
G1 X108.912 Y103.6 E2.41272
G1 X108.694 Y104.184 E2.4372
G1 X108.18 Y104.598 E2.46311
G1 X107.693 Y105.605 E2.50703
G1 X107.458 Y105.949 E2.52339
G1 X106.918 Y106.109 E2.5455
G1 X106.461 Y106.494 E2.56896
G1 X105.751 Y106.675 E2.59773
G1 X105.225 Y106.892 E2.62007
G1 X103.872 Y107.057 E2.67359
G1 X103.471 Y106.744 E2.69356
G1 X102.909 Y106.575 E2.7166
G1 X102.377 Y106.035 E2.74636
G1 X101.977 Y105.702 E2.7668
G1 X101.567 Y105.411 E2.78654
G1 X101.173 Y104.959 E2.81008
G1 X100.912 Y104.546 E2.82926
G1 X100.807 Y103.853 E2.85678
G1 X100.39 Y103.383 E2.88145
G1 X100.371 Y102.763 E2.90581
G1 X100.485 Y102.13 E2.93106
G1 X100.271 Y101.527 E2.95618
G1 X100.526 Y100.881 E2.98345
G1 X100.675 Y100.171 E3.01194
G1 X101.13 Y99.755 E3.03615
G1 X101.637 Y99.211 E3.06535
G1 X101.771 Y98.629 E3.0888
G1 X101.912 Y98.603 E3.09443
G1 X102.304 Y98.527 F7800
G1 X102.655 Y99.303
;TYPE:Solid infill
;WIDTH:0.38292
G1 F1058.823
G1 X102.584 Y99.284 E3.09684
G1 X102.603 Y99.355 E3.09925
G1 X102.644 Y99.344 E3.10064
;WIDTH:0.41646
G1 F963.754
G1 X102.846 Y99.325 E3.10795
;WIDTH:0.449999
G1 F884.349
G1 X103.048 Y99.307 E3.11591
G1 X102.173 Y100.182 E3.1645
G1 X101.533 Y101.398 F7800
G1 F884.349
G1 X104.018 Y98.913 E3.30249
G1 X104.735 Y98.772 E3.33118
G1 X101.422 Y102.084 E3.51512
G1 X101.311 Y102.771 E3.54244
G1 X105.15 Y98.932 E3.75561
G1 X105.582 Y99.076 E3.77349
G1 X101.516 Y103.141 E3.99924
G1 X101.686 Y103.547 E4.01652
G1 X106.011 Y99.222 E4.25668
G1 X106.329 Y99.48 E4.27276
G1 X101.857 Y103.953 E4.52111
G1 X102.027 Y104.358 E4.53836
G1 X106.636 Y99.749 E4.79429
G1 X106.942 Y100.018 E4.81029
G1 X102.309 Y104.652 E5.06758
G1 X102.615 Y104.921 E5.08358
G1 X107.232 Y100.305 E5.33993
G1 X107.509 Y100.603 E5.35591
G1 X102.94 Y105.171 E5.60959
G1 X103.274 Y105.413 E5.62578
G1 X107.778 Y100.909 E5.87588
G1 X108.031 Y101.232 E5.89199
M73 P75 R7
G1 X103.608 Y105.655 E6.13759
G1 X104.058 Y105.781 E6.15594
M73 Q75 S7
G1 X108.187 Y101.651 E6.38524
G1 X108.18 Y102.235 E6.40817
G1 X104.681 Y105.733 E6.60244
G1 X105.402 Y105.588 E6.63132
G1 X107.959 Y103.032 E6.77328
G1 X108.063 Y102.903 E6.77979
;WIDTH:0.41646
G1 F963.754
G1 X108.166 Y102.774 E6.78574
;WIDTH:0.38292
G1 F1058.823
G1 X108.125 Y102.785 E6.78713
G1 X108.106 Y102.714 E6.78954
G1 X108.177 Y102.733 E6.79195
G1 X107.501 Y104.037 F7800
G1 F1058.823
G1 X107.43 Y104.018 E6.79436
G1 X107.449 Y104.089 E6.79677
G1 X107.49 Y104.078 E6.79816
;WIDTH:0.41646
G1 F963.754
G1 X107.36 Y104.207 E6.80476
;WIDTH:0.449999
G1 F884.349
G1 X106.371 Y105.195 E6.85965
G1 X106.249 Y105.285 E6.8656
;WIDTH:0.41646
G1 F963.754
G1 X106.127 Y105.376 E6.87108
;WIDTH:0.38292
G1 F1058.823
G1 X106.056 Y105.356 E6.8735
G1 X106.075 Y105.428 E6.87594
G1 X106.116 Y105.417 E6.87733
;LAYER_CHANGE
;Z:18.55
;HEIGHT:0.199999
G92 E0
G1 Z18.55 F7800
G1 X102.57 Y99.045
;TYPE:Perimeter
;WIDTH:0.449999
G1 F884.349
G1 X102.572 Y99.043 E.00011
G1 X103.465 Y98.818 E.03627
G1 X103.731 Y98.709 E.04756
G1 X104.23 Y98.416 E.07028
G1 X104.449 Y98.359 E.07917
G1 X104.747 Y98.399 E.09098
G1 X105.344 Y98.625 E.11604
G1 X106.296 Y99.036 E.15675
G1 X107.155 Y99.726 E.20001
G1 X107.502 Y100.097 E.21996
G1 X107.825 Y100.514 E.24067
G1 X108.094 Y100.965 E.26129
G1 X108.336 Y101.554 E.28629
G1 X108.428 Y102.16 E.31036
G1 X108.276 Y102.829 E.3373
G1 X108.039 Y103.393 E.36132
G1 X107.517 Y104.36 E.40447
G1 X107.169 Y104.89 E.42937
G1 X107.038 Y105.26 E.44478
G1 X106.669 Y105.343 E.45963
G1 X105.758 Y105.709 E.49818
G1 X105.244 Y105.866 E.51928
G1 X104.14 Y106.09 E.56351
G1 X103.847 Y106.036 E.57521
G1 X103.597 Y105.923 E.58598
G1 X103.061 Y105.575 E.61107
G1 X102.403 Y105.07 E.64364
G1 X101.814 Y104.572 E.67393
G1 X101.29 Y103.302 E.72787
G1 X100.95 Y102.614 E.758
G1 X101.075 Y101.888 E.78693
G1 X101.256 Y101.135 E.81734
G1 X101.757 Y100.252 E.8572
G1 X102.537 Y99.095 E.91199
G1 X102.316 Y98.719 F7800
G1 F884.349
G1 X102.384 Y98.671 E.91526
G1 X103.45 Y98.402 E.95843
G1 X104.024 Y98.065 E.98457
G1 X104.332 Y97.949 E.99749
G1 X104.713 Y97.956 E1.01245
G1 X105.513 Y98.254 E1.04597
G1 X106.5 Y98.679 E1.08816
G1 X107.43 Y99.426 E1.135
G1 X107.819 Y99.842 E1.15736
G1 X108.156 Y100.277 E1.17897
G1 X108.452 Y100.77 E1.20155
G1 X108.681 Y101.311 E1.22462
G1 X108.811 Y101.813 E1.24498
G1 X108.833 Y102.215 E1.26079
G1 X108.665 Y102.954 E1.29055
G1 X108.409 Y103.564 E1.31653
G1 X108.167 Y104.04 E1.3375
G1 X107.855 Y104.587 E1.36223
G1 X107.51 Y105.119 E1.38713
G1 X107.355 Y105.613 E1.40746
G1 X106.821 Y105.721 E1.42885
G1 X105.627 Y106.2 E1.47936
G1 X104.044 Y106.518 E1.54276
G1 X103.544 Y106.372 E1.56321
G1 X102.817 Y105.901 E1.59722
G1 X102.136 Y105.377 E1.63096
G1 X101.478 Y104.823 E1.66473
G1 X100.796 Y103.175 E1.73476
G1 X100.539 Y102.715 E1.75545
G1 X100.605 Y102.211 E1.77541
G1 X100.743 Y101.507 E1.80358
G1 X100.889 Y100.956 E1.82596
G1 X101.41 Y100.037 E1.86744
G1 X102.273 Y98.759 E1.92799
G1 X102.107 Y98.44 F7800
;TYPE:External perimeter
G1 F884.349
G1 X102.299 Y98.136 E1.94211
G1 X103.013 Y98.169 E1.97017
G1 X103.549 Y97.887 E1.99395
G1 X104.22 Y97.587 E2.02281
G1 X104.878 Y97.555 E2.04868
G1 X105.474 Y97.96 E2.07697
G1 X106.135 Y97.997 E2.10296
G1 X106.691 Y98.288 E2.1276
G1 X106.993 Y98.766 E2.1498
G1 X107.531 Y98.834 E2.17109
G1 X107.752 Y99.36 E2.19349
G1 X108.264 Y99.823 E2.22059
G1 X108.457 Y100.283 E2.24018
G1 X109.111 Y100.779 E2.27241
G1 X109.125 Y102.155 E2.32644
G1 X109.191 Y102.831 E2.35311
G1 X109.085 Y103.469 E2.3785
G1 X108.664 Y103.859 E2.40103
G1 X108.281 Y104.388 E2.42667
G1 X107.947 Y104.957 E2.45258
G1 X107.631 Y105.99 E2.495
G1 X107.131 Y106.226 E2.51671
G1 X106.592 Y106.184 E2.53794
G1 X105.61 Y106.695 E2.58141
G1 X104.866 Y106.715 E2.61063
G1 X104.266 Y107.021 E2.63708
G1 X103.586 Y106.638 E2.66772
G1 X103.176 Y106.443 E2.68555
G1 X102.524 Y106.335 E2.7115
G1 X102.091 Y105.67 E2.74266
G1 X101.678 Y105.441 E2.7612
G1 X101.17 Y104.991 E2.78785
G1 X100.89 Y104.417 E2.81293
G1 X100.501 Y103.994 E2.83549
G1 X100.288 Y103.503 E2.8565
G1 X100.219 Y102.13 E2.91048
G1 X100.394 Y101.481 E2.93687
G1 X100.746 Y100.324 E2.98436
G1 X101.213 Y99.856 E3.01032
G1 X101.351 Y99.046 E3.04258
G1 X101.949 Y98.69 E3.06991
G1 X102.075 Y98.491 E3.07916
G1 X102.314 Y98.171 F7800
G92 E0
G1 X101.983 Y104.448
;TYPE:Solid infill
;WIDTH:0.38292
G1 F1058.823
G1 X102.752 Y105.145 E.03404
G1 X103.724 Y105.641 F7800
G1 F1058.823
G1 X103.735 Y105.682 E.03543
G1 X103.664 Y105.701 E.03784
G1 X103.683 Y105.63 E.04025
;WIDTH:0.41646
G1 F963.754
G1 X103.545 Y105.535 E.04629
;WIDTH:0.449999
G1 F884.349
G1 X103.406 Y105.44 E.0529
G1 X101.868 Y103.901 E.13833
G1 X101.462 Y102.92 F7800
G1 F884.349
G1 X104.289 Y105.747 E.29531
G1 X104.767 Y105.649 E.31447
G1 X101.327 Y102.21 E.50546
G1 X101.264 Y102.377 E.51247
;WIDTH:0.41646
G1 F963.754
G1 X101.2 Y102.545 E.51895
;WIDTH:0.38292
G1 F1058.823
G1 X101.211 Y102.586 E.52034
G1 X101.14 Y102.605 E.52275
G1 X101.159 Y102.534 E.52516
G1 X101.426 Y101.732 F7800
;WIDTH:0.449999
G1 F884.349
G1 X105.245 Y105.552 E.73725
G1 X105.68 Y105.411 E.7552
G1 X101.534 Y101.265 E.98542
G1 X101.742 Y100.897 E1.00202
G1 X106.091 Y105.246 E1.24351
G1 X106.502 Y105.081 E1.2609
G1 X101.95 Y100.53 E1.51364
G1 X102.174 Y100.178 E1.53002
G1 X106.855 Y104.859 E1.78995
G1 X107.066 Y104.494 E1.8065
G1 X102.406 Y99.834 E2.06526
G1 X102.638 Y99.491 E2.08152
G1 X107.294 Y104.147 E2.34006
G1 X107.501 Y103.778 E2.35667
G1 X102.977 Y99.254 E2.60788
G1 X103.434 Y99.135 E2.62642
G1 X107.695 Y103.396 E2.86303
G1 X107.873 Y102.999 E2.88011
G1 X103.859 Y98.985 E3.103
G1 X104.224 Y98.774 E3.11955
G1 X108.021 Y102.571 E3.33039
G1 X108.125 Y102.099 E3.34937
G1 X104.75 Y98.724 E3.53678
G1 X106.098 Y99.376 F7800
;WIDTH:0.653428
G1 F589.674
G1 X106.293 Y99.548 E3.55209
;WIDTH:0.686815
G1 F559.098
G1 X106.488 Y99.719 E3.5682
;WIDTH:0.720202
G1 F531.536
G1 X106.683 Y99.89 E3.58514
;WIDTH:0.739246
G1 F516.999
G1 X107.011 Y100.205 E3.61568
G1 X107.204 Y100.425 E3.63534
;WIDTH:0.701856
G1 F546.335
G1 X107.398 Y100.645 E3.65398
;WIDTH:0.664466
G1 F579.201
G1 X107.592 Y100.865 E3.67156
;LAYER_CHANGE
;Z:18.75
;HEIGHT:0.200001
G92 E0
G1 Z18.75 F7800
G1 X102.754 Y98.931
;TYPE:Perimeter
;WIDTH:0.449999
G1 F884.349
G1 X103.456 Y98.779 E.0282
G1 X103.749 Y98.666 E.04053
G1 X104.357 Y98.335 E.06771
G1 X104.739 Y98.326 E.08271
G1 X105.08 Y98.454 E.09701
G1 X105.589 Y98.751 E.12015
G1 X106.445 Y99.148 E.1572
G1 X106.876 Y99.465 E.17821
G1 X107.378 Y99.982 E.2065
G1 X107.793 Y100.527 E.2334
G1 X108.198 Y101.571 E.27737
G1 X108.314 Y102.28 E.30558
G1 X108.188 Y102.888 E.32996
G1 X107.965 Y103.431 E.35301
G1 X107.432 Y104.406 E.39664
G1 X107.144 Y104.83 E.41677
G1 X106.99 Y105.237 E.43386
G1 X106.571 Y105.322 E.45065
G1 X105.524 Y105.737 E.49487
G1 X104.105 Y106.064 E.55205
G1 X102.949 Y105.424 E.60393
G1 X101.837 Y104.584 E.65865
G1 X100.927 Y102.319 E.75449
G1 X101.186 Y101.317 E.79513
G1 X101.412 Y100.818 E.81664
G1 X101.976 Y99.924 E.85814
G1 X102.328 Y99.429 E.88199
G1 X102.702 Y98.954 E.90573
G1 X102.505 Y98.584 F7800
G1 F884.349
G1 X102.525 Y98.564 E.90684
G1 X103.226 Y98.413 E.935
G1 X103.546 Y98.313 E.94816
G1 X104.024 Y98.037 E.96983
G1 X104.378 Y97.907 E.98464
G1 X104.911 Y97.942 E1.00561
G1 X105.288 Y98.104 E1.02172
G1 X105.761 Y98.382 E1.04326
G1 X106.47 Y98.711 E1.07395
G1 X106.931 Y98.98 E1.09491
G1 X107.34 Y99.323 E1.11587
G1 X107.693 Y99.724 E1.13685
G1 X108.152 Y100.326 E1.16657
G1 X108.592 Y101.461 E1.21437
G1 X108.725 Y102.3 E1.24772
G1 X108.629 Y102.764 E1.26632
G1 X108.475 Y103.259 E1.28667
G1 X108.264 Y103.738 E1.30722
G1 X108.032 Y104.186 E1.32703
G1 X107.767 Y104.637 E1.34757
G1 X107.471 Y105.081 E1.36852
G1 X107.301 Y105.608 E1.39026
G1 X106.721 Y105.701 E1.41332
G1 X105.645 Y106.127 E1.45876
G1 X104.103 Y106.483 E1.5209
G1 X104.006 Y106.474 E1.52473
G1 X102.726 Y105.765 E1.58218
G1 X101.502 Y104.842 E1.64237
G1 X100.501 Y102.314 E1.74913
M73 P75 R6
G1 X100.52 Y102.193 E1.75394
G1 X100.677 Y101.713 E1.77377
G1 X100.798 Y101.187 E1.79496
M73 P76 R6
G1 X101.051 Y100.628 E1.81905
G1 X101.462 Y99.946 E1.85032
G1 X101.977 Y99.218 E1.88533
G1 X102.373 Y98.709 E1.91065
G1 X102.461 Y98.625 E1.91543
G1 X102.262 Y98.283 F7800
;TYPE:External perimeter
G1 F884.349
G1 X102.475 Y98.25 E1.92389
G1 X102.877 Y97.94 E1.94382
G1 X103.376 Y97.809 E1.96408
M73 Q76 S7
G1 X104.014 Y97.472 E1.99241
G1 X104.65 Y97.425 E2.01745
G1 X105.084 Y97.678 E2.03717
G1 X105.7 Y97.895 E2.06281
G1 X106.134 Y98.133 E2.08224
G1 X106.623 Y98.355 E2.10333
G1 X107.178 Y98.44 E2.12538
G1 X107.524 Y99.132 E2.15576
G1 X108.126 Y99.301 E2.18031
G1 X108.55 Y99.851 E2.20758
G1 X108.484 Y100.596 E2.23695
G1 X109.047 Y100.976 E2.26362
G1 X109.029 Y101.723 E2.29296
G1 X109.258 Y102.248 E2.31545
G1 X109.151 Y102.704 E2.33384
G1 X108.777 Y103.229 E2.35915
G1 X108.648 Y103.793 E2.38187
G1 X108.465 Y104.215 E2.39993
G1 X107.995 Y104.71 E2.42673
G1 X107.96 Y105.506 E2.45801
G1 X107.607 Y105.949 E2.48025
M73 Q76 S6
G1 X107.078 Y105.926 E2.50104
G1 X106.563 Y106.28 E2.52558
G1 X106.15 Y106.511 E2.54416
G1 X105.648 Y106.541 E2.56391
G1 X104.653 Y106.723 E2.60363
G1 X104.085 Y107.01 E2.62862
G1 X103.62 Y106.671 E2.65121
G1 X102.919 Y106.539 E2.67922
G1 X102.507 Y106.322 E2.6975
G1 X102.083 Y106.008 E2.71822
G1 X101.564 Y105.473 E2.74749
G1 X101.171 Y105.189 E2.76653
G1 X101.019 Y104.518 E2.79354
G1 X100.834 Y103.98 E2.81588
G1 X100.093 Y102.852 E2.86887
G1 X100.213 Y102.311 E2.89063
G1 X100.389 Y101.877 E2.90902
G1 X100.194 Y101.113 E2.93998
G1 X100.751 Y100.542 E2.9713
G1 X101.065 Y100.062 E2.99382
G1 X101.811 Y99.017 E3.04423
G1 X101.947 Y98.33 E3.07173
G1 X102.203 Y98.292 E3.08189
G1 X102.578 Y98.153 F7800
G1 X102.82 Y99.125
;TYPE:Solid infill
;WIDTH:0.38292
G1 F1058.823
G1 X102.438 Y99.558 E3.10083
G1 X101.909 Y100.584 F7800
G1 F1058.823
G1 X101.868 Y100.595 E3.10222
G1 X101.849 Y100.524 E3.10463
G1 X101.92 Y100.543 E3.10704
;WIDTH:0.41646
G1 F963.754
G1 X102.014 Y100.405 E3.11306
;WIDTH:0.449999
G1 F884.349
G1 X102.108 Y100.266 E3.11965
G1 X103.239 Y99.135 E3.18245
G1 X103.397 Y99.066 E3.18922
;WIDTH:0.41646
G1 F963.754
G1 X103.554 Y98.996 E3.19541
;WIDTH:0.38292
G1 F1058.823
G1 X103.513 Y99.007 E3.1968
G1 X103.494 Y98.936 E3.19921
G1 X103.565 Y98.955 E3.20162
;WIDTH:0.449999
G1 F884.349
G1 X104.182 Y98.768 E3.22693
G1 X101.46 Y101.49 E3.37808
G1 X101.399 Y101.628 E3.384
;WIDTH:0.41646
G1 F963.754
G1 X101.339 Y101.767 E3.38945
;WIDTH:0.38292
G1 F1058.823
G1 X101.268 Y101.748 E3.39186
G1 X101.287 Y101.819 E3.39427
G1 X101.328 Y101.808 E3.39566
;WIDTH:0.449999
G1 F884.349
G1 X101.242 Y102.284 E3.41465
G1 X104.848 Y98.677 E3.61491
G1 X104.807 Y98.585 E3.61886
;WIDTH:0.41646
G1 F963.754
G1 X104.767 Y98.494 E3.62244
;WIDTH:0.38292
G1 F1058.823
G1 X104.357 Y98.532 E3.63594
G1 X105.214 Y98.888 F7800
;WIDTH:0.449999
G1 F884.349
G1 X101.406 Y102.695 E3.84736
G1 X101.571 Y103.106 E3.86475
G1 X105.59 Y99.087 E4.08792
G1 X105.983 Y99.27 E4.10494
G1 X101.736 Y103.517 E4.34077
G1 X101.901 Y103.927 E4.35812
G1 X106.367 Y99.462 E4.60608
G1 X106.694 Y99.711 E4.62222
G1 X102.066 Y104.338 E4.87918
G1 X102.373 Y104.607 E4.89521
G1 X106.984 Y99.996 E5.15125
G1 X107.245 Y100.311 E5.16731
G1 X102.701 Y104.854 E5.4196
G1 X103.029 Y105.102 E5.43575
G1 X107.493 Y100.638 E5.68363
G1 X107.665 Y101.042 E5.70087
G1 X103.389 Y105.319 E5.93834
G1 X103.759 Y105.524 E5.95495
G1 X107.826 Y101.457 E6.18078
G1 X107.946 Y101.913 E6.19929
G1 X104.129 Y105.729 E6.41121
G1 X104.323 Y105.772 E6.41901
;WIDTH:0.41646
G1 F963.754
G1 X104.516 Y105.814 E6.42613
;WIDTH:0.38292
G1 F1058.823
G1 X104.128 Y105.899 E6.43916
;WIDTH:0.449999
G1 F884.349
G1 X104.856 Y105.578 E6.4704
G1 X107.962 Y102.472 E6.64287
G1 X107.604 Y103.43 F7800
;WIDTH:0.485045
G1 F814.249
G1 X107.321 Y103.999 E6.66997
G1 X106.875 Y104.652 E6.70369
G1 X106.747 Y104.95 E6.71752
G1 X106.446 Y105.025 E6.73075
G1 X105.724 Y105.311 E6.76387
G1 X107.46 Y103.574 E6.8686
;LAYER_CHANGE
;Z:18.95
;HEIGHT:0.200001
G92 E0
G1 Z18.95 F7800
G1 X102.895 Y98.846
;TYPE:Perimeter
;WIDTH:0.449999
G1 F884.349
G1 X103.471 Y98.73 E.02307
G1 X103.772 Y98.618 E.03568
G1 X104.213 Y98.368 E.05558
G1 X104.508 Y98.264 E.06786
G1 X104.804 Y98.271 E.07949
G1 X105.041 Y98.4 E.09008
G1 X105.637 Y98.792 E.11809
G1 X106.242 Y99.11 E.14493
G1 X106.721 Y99.392 E.16676
G1 X107.098 Y99.724 E.18648
G1 X107.727 Y100.492 E.22546
G1 X107.885 Y100.819 E.23972
G1 X108.067 Y101.33 E.26102
G1 X108.218 Y102.337 E.301
G1 X108.175 Y102.615 E.31205
G1 X108.038 Y103.121 E.33263
G1 X107.59 Y104.078 E.37412
G1 X107.132 Y104.753 E.40615
G1 X106.917 Y105.217 E.42623
G1 X106.482 Y105.301 E.44363
G1 X105.744 Y105.586 E.47469
G1 X105.209 Y105.743 E.49658
G1 X104.247 Y105.973 E.53542
G1 X103.352 Y105.555 E.57421
G1 X102.864 Y105.287 E.59607
G1 X101.863 Y104.546 E.64497
G1 X101.54 Y103.809 E.67657
G1 X101.216 Y102.968 E.71196
G1 X100.922 Y101.919 E.75474
G1 X101.298 Y101.041 E.79224
G1 X101.595 Y100.481 E.81713
G1 X102.07 Y99.808 E.84947
G1 X102.452 Y99.318 E.87387
G1 X102.847 Y98.875 E.89717
G1 X102.661 Y98.506 F7800
G1 F884.349
G1 X102.71 Y98.468 E.8996
G1 X103.391 Y98.331 E.92687
G1 X103.571 Y98.264 E.93441
G1 X104.013 Y98.014 E.95435
G1 X104.299 Y97.898 E.96647
G1 X104.769 Y97.84 E.98506
G1 X105.051 Y97.916 E.99653
G1 X105.826 Y98.432 E1.03309
G1 X106.431 Y98.75 E1.05993
G1 X107.018 Y99.105 E1.08687
G1 X107.404 Y99.455 E1.10733
G1 X108.073 Y100.271 E1.14876
G1 X108.261 Y100.662 E1.16579
G1 X108.462 Y101.226 E1.1893
G1 X108.629 Y102.346 E1.23376
G1 X108.578 Y102.677 E1.24691
G1 X108.416 Y103.273 E1.27116
G1 X108.07 Y104.013 E1.30323
G1 X107.78 Y104.523 E1.32627
G1 X107.411 Y105.089 E1.3528
G1 X107.212 Y105.593 E1.37408
G1 X106.629 Y105.68 E1.39722
G1 X105.667 Y106.053 E1.43773
G1 X104.353 Y106.367 E1.49078
G1 X104.13 Y106.367 E1.49954
G1 X103.18 Y105.924 E1.5407
G1 X102.638 Y105.627 E1.56497
G1 X101.797 Y104.981 E1.60661
G1 X101.513 Y104.83 E1.61924
G1 X101.456 Y104.63 E1.62741
G1 X101.164 Y103.964 E1.65596
G1 X100.831 Y103.1 E1.69232
G1 X100.494 Y101.969 E1.73866
G1 X100.533 Y101.794 E1.7457
G1 X100.931 Y100.865 E1.78538
G1 X101.248 Y100.267 E1.81196
G1 X101.953 Y99.269 E1.85994
G1 X102.547 Y98.594 E1.89524
G1 X102.613 Y98.543 E1.89852
G1 X102.352 Y98.065 F7800
;TYPE:External perimeter
G1 F884.349
G1 X102.36 Y98.05 E1.89919
G1 X103.547 Y97.639 E1.94851
G1 X104.068 Y97.609 E1.969
G1 X104.63 Y97.47 E1.99173
G1 X105.437 Y97.468 E2.02342
G1 X105.681 Y98.029 E2.04744
G1 X106.358 Y98.3 E2.07607
G1 X106.801 Y98.454 E2.09449
G1 X107.203 Y98.799 E2.11529
G1 X107.639 Y99.126 E2.13669
G1 X108.213 Y99.486 E2.16329
G1 X108.622 Y100.131 E2.19328
G1 X108.779 Y100.661 E2.21498
G1 X108.791 Y101.278 E2.23921
G1 X108.849 Y101.727 E2.25699
G1 X109.096 Y102.187 E2.27749
G1 X108.894 Y102.411 E2.28933
G1 X108.779 Y103.002 E2.31297
G1 X108.769 Y103.613 E2.33696
G1 X108.322 Y103.986 E2.35982
G1 X108.02 Y104.596 E2.38655
G1 X107.753 Y105.277 E2.41527
G1 X107.502 Y105.821 E2.43879
G1 X106.934 Y105.937 E2.46155
G1 X106.507 Y106.375 E2.48557
G1 X105.802 Y106.459 E2.51345
G1 X105.285 Y106.564 E2.53416
G1 X104.791 Y106.692 E2.5542
G1 X104.269 Y106.739 E2.57478
G1 X103.594 Y106.552 E2.60228
G1 X103.134 Y106.22 E2.62455
G1 X102.708 Y105.992 E2.64352
G1 X102.093 Y105.732 E2.66974
G1 X101.702 Y105.443 E2.68883
G1 X101.396 Y105.026 E2.70914
G1 X101.065 Y104.719 E2.72687
G1 X100.95 Y104.129 E2.75047
G1 X100.576 Y103.776 E2.77066
G1 X100.461 Y103.245 E2.79199
G1 X100.246 Y102.593 E2.81895
G1 X100.12 Y101.973 E2.84379
G1 X100.201 Y101.345 E2.86865
G1 X100.639 Y101.019 E2.89009
G1 X100.674 Y100.525 E2.90954
G1 X100.809 Y100.008 E2.93052
G1 X101.218 Y99.485 E2.95659
G1 X102.075 Y98.546 E3.00651
G1 X102.322 Y98.117 E3.02595
G1 X102.682 Y97.944 F7800
G92 E0
G1 X102.019 Y104.4
;TYPE:Solid infill
;WIDTH:0.38292
G1 F1058.823
G1 X102.552 Y104.862 E.02313
G1 X103.463 Y105.281 F7800
G1 F1058.823
G1 X103.474 Y105.322 E.02452
G1 X103.403 Y105.341 E.02693
G1 X103.422 Y105.27 E.02934
;WIDTH:0.41646
G1 F963.754
G1 X103.284 Y105.183 E.03522
;WIDTH:0.449999
G1 F884.349
G1 X103.145 Y105.096 E.04166
G1 X101.885 Y103.836 E.11163
G1 X101.513 Y102.888 F7800
G1 F884.349
G1 X104.273 Y105.648 E.26489
G1 X104.742 Y105.541 E.28378
G1 X101.265 Y102.065 E.47682
G1 X101.387 Y101.61 E.49532
G1 X105.206 Y105.43 E.70741
G1 X105.648 Y105.297 E.72553
G1 X101.559 Y101.207 E.95261
G1 X101.756 Y100.829 E.96935
G1 X106.065 Y105.137 E1.20859
G1 X106.484 Y104.981 E1.22615
G1 X101.975 Y100.472 E1.47653
G1 X102.213 Y100.134 E1.49276
G1 X106.805 Y104.726 E1.74775
G1 X107.024 Y104.369 E1.76419
M73 P77 R6
G1 X102.452 Y99.797 E2.01807
M73 Q77 S6
G1 X102.713 Y99.483 E2.0341
G1 X107.256 Y104.026 E2.28637
G1 X107.454 Y103.648 E2.30312
G1 X102.983 Y99.177 E2.55139
G1 X103.431 Y99.049 E2.56968
G1 X107.638 Y103.256 E2.80329
G1 X107.807 Y102.849 E2.82059
G1 X103.863 Y98.905 E3.03959
G1 X104.236 Y98.702 E3.05626
G1 X107.904 Y102.371 E3.25997
G1 X107.824 Y101.715 E3.28592
G1 X104.678 Y98.569 E3.46061
G1 X106.376 Y99.6 F7800
;WIDTH:0.608859
G1 F636.111
G1 X106.515 Y99.718 E3.47056
;WIDTH:0.637426
G1 F605.545
G1 X106.655 Y99.837 E3.4811
G1 X107.04 Y100.257 E3.51377
;WIDTH:0.588947
G1 F659.308
G1 X107.425 Y100.677 E3.54378
;LAYER_CHANGE
;Z:19.15
;HEIGHT:0.199999
G92 E0
G1 Z19.15 F7800
G1 X103.228 Y98.747
;TYPE:Perimeter
;WIDTH:0.449999
G1 F884.349
G1 X103.728 Y98.604 E.02042
G1 X104.182 Y98.356 E.04073
G1 X104.685 Y98.155 E.062
G1 X105.502 Y98.732 E.10127
G1 X106.273 Y99.145 E.13561
G1 X106.733 Y99.421 E.15667
G1 X107.161 Y99.811 E.17941
G1 X107.655 Y100.433 E.2106
G1 X107.921 Y101.022 E.23598
G1 X108.056 Y101.519 E.2562
G1 X108.14 Y102.32 E.28782
G1 X108.042 Y102.941 E.31251
G1 X107.816 Y103.511 E.33659
G1 X107.573 Y103.998 E.35796
G1 X107.053 Y104.754 E.39399
G1 X106.847 Y105.2 E.41328
G1 X106.397 Y105.278 E.43121
G1 X105.569 Y105.588 E.46592
G1 X104.601 Y105.827 E.50507
G1 X104.336 Y105.84 E.51549
G1 X103.061 Y105.308 E.56974
G1 X102.58 Y104.996 E.59225
G1 X101.817 Y104.449 E.62911
G1 X101.739 Y104.181 E.64007
G1 X101.26 Y103.004 E.68996
G1 X100.958 Y101.731 E.74133
G1 X101.215 Y101.245 E.76292
G1 X101.555 Y100.534 E.79386
G1 X102.131 Y99.724 E.83289
G1 X102.558 Y99.225 E.85868
G1 X102.971 Y98.789 E.88226
G1 X103.144 Y98.772 E.88909
G1 X103.17 Y98.764 E.89016
G1 X103.153 Y98.351 F7800
G1 F884.349
G1 X103.597 Y98.214 E.9084
G1 X104.099 Y97.936 E.93093
G1 X104.606 Y97.752 E.95211
G1 X104.878 Y97.778 E.96284
G1 X105.694 Y98.374 E1.00252
G1 X106.614 Y98.866 E1.04348
G1 X107.175 Y99.241 E1.06998
G1 X107.467 Y99.542 E1.08645
G1 X108.001 Y100.214 E1.12015
G1 X108.227 Y100.673 E1.14024
G1 X108.404 Y101.158 E1.16051
G1 X108.465 Y101.491 E1.1738
G1 X108.548 Y102.335 E1.2071
G1 X108.482 Y102.878 E1.22858
G1 X108.278 Y103.465 E1.25298
G1 X108.042 Y103.968 E1.2748
G1 X107.721 Y104.501 E1.29923
G1 X107.327 Y105.1 E1.32738
G1 X107.147 Y105.582 E1.34758
G1 X106.54 Y105.659 E1.3716
G1 X105.88 Y105.906 E1.39927
G1 X105.244 Y106.088 E1.42524
G1 X104.407 Y106.268 E1.45886
G1 X104.085 Y106.177 E1.472
G1 X103.12 Y105.776 E1.51303
G1 X102.595 Y105.517 E1.53602
G1 X101.826 Y104.937 E1.57384
G1 X101.47 Y104.741 E1.5898
G1 X101.362 Y104.334 E1.60633
G1 X100.873 Y103.131 E1.65732
G1 X100.673 Y102.342 E1.68928
G1 X100.538 Y101.711 E1.71462
G1 X100.584 Y101.568 E1.72052
G1 X100.848 Y101.07 E1.74265
G1 X101.203 Y100.326 E1.77502
G1 X101.912 Y99.33 E1.82302
G1 X102.793 Y98.403 E1.87323
G1 X103.096 Y98.367 E1.88521
G1 X103.05 Y97.81 F7800
;TYPE:External perimeter
G1 F884.349
G1 X103.241 Y97.788 E1.89276
G1 X103.817 Y97.657 E1.91595
G1 X104.329 Y97.381 E1.93879
G1 X104.996 Y97.266 E1.96537
G1 X105.581 Y97.706 E1.99411
G1 X105.919 Y98.033 E2.01258
G1 X106.403 Y98.277 E2.03386
G1 X106.958 Y98.503 E2.05739
G1 X107.563 Y98.874 E2.08526
G1 X107.923 Y99.344 E2.10851
G1 X108.397 Y99.787 E2.13398
G1 X108.633 Y100.96 E2.18096
G1 X109.032 Y101.568 E2.20951
G1 X108.938 Y102.264 E2.23709
G1 X108.843 Y102.512 E2.24752
G1 X108.808 Y103.111 E2.27108
G1 X108.61 Y103.807 E2.29949
G1 X108.509 Y104.357 E2.32145
G1 X108.099 Y104.968 E2.35034
G1 X107.463 Y105.466 E2.38206
G1 X107.266 Y105.828 E2.39824
G1 X106.744 Y106.153 E2.42238
G1 X106.242 Y106.305 E2.44297
G1 X105.608 Y106.379 E2.46803
G1 X104.993 Y106.621 E2.49398
G1 X104.33 Y106.526 E2.52028
G1 X103.76 Y106.397 E2.54323
G1 X103.115 Y106.016 E2.57264
G1 X102.431 Y105.812 E2.60067
G1 X101.893 Y105.538 E2.62438
G1 X101.266 Y105.259 E2.65133
G1 X100.967 Y104.765 E2.674
G1 X101.014 Y104.122 E2.69931
G1 X100.635 Y103.656 E2.72289
G1 X100.599 Y102.952 E2.75057
G1 X100.362 Y102.42 E2.77344
G1 X100.21 Y101.773 E2.79954
G1 X100.266 Y101.158 E2.82379
G1 X100.423 Y100.584 E2.84716
G1 X100.98 Y100.114 E2.87578
G1 X101.311 Y99.773 E2.89444
G1 X101.382 Y99.251 E2.91512
G1 X101.864 Y98.81 E2.94077
G1 X102.665 Y97.854 E2.98974
G1 X102.991 Y97.817 E3.00262
G1 X103.386 Y97.751 F7800
G92 E0
G1 X102.37 Y99.698
;TYPE:Solid infill
;WIDTH:0.38292
G1 F1058.823
G1 X103.048 Y98.987 E.03222
;WIDTH:0.41646
G1 F963.754
G1 X103.249 Y99.002 E.03948
;WIDTH:0.449999
G1 F884.349
G1 X103.449 Y99.018 E.04736
G1 X101.922 Y100.545 E.13215
G1 X101.292 Y101.75 F7800
G1 F884.349
G1 X104.509 Y98.533 E.31079
G1 X104.922 Y98.696 E.32822
G1 X101.389 Y102.229 E.5244
G1 X101.5 Y102.693 E.54313
G1 X105.256 Y98.938 E.75167
G1 X105.626 Y99.143 E.76828
G1 X101.641 Y103.128 E.98956
G1 X101.807 Y103.538 E1.00693
G1 X106 Y99.345 E1.23976
G1 X106.375 Y99.546 E1.25647
G1 X101.974 Y103.947 E1.50085
G1 X102.176 Y104.321 E1.51754
G1 X106.711 Y99.786 E1.76936
G1 X106.988 Y100.084 E1.78534
G1 X102.507 Y104.565 E2.03416
G1 X102.837 Y104.81 E2.0503
G1 X107.243 Y100.405 E2.29493
G1 X107.472 Y100.752 E2.31125
G1 X103.192 Y105.032 E2.54891
G1 X103.599 Y105.2 E2.5662
G1 X107.645 Y101.154 E2.79087
G1 X107.763 Y101.612 E2.80944
G1 X104.007 Y105.368 E3.018
G1 X104.765 Y105.622 E3.04939
;WIDTH:0.38292
G1 F1058.823
G1 X104.422 Y105.7 E3.06093
;WIDTH:0.41646
G1 F963.754
G1 X104.418 Y105.618 E3.06389
;WIDTH:0.449999
G1 F884.349
G1 X104.414 Y105.536 E3.06711
G1 X107.825 Y102.125 E3.25652
G1 X107.779 Y102.747 E3.28101
G1 X105.153 Y105.373 E3.42683
G1 X105.743 Y105.313 E3.45012
;WIDTH:0.38292
G1 F1058.823
G1 X105.702 Y105.324 E3.45151
G1 X105.683 Y105.253 E3.45392
G1 X105.754 Y105.272 E3.45633
;WIDTH:0.41646
G1 F963.754
G1 X105.876 Y105.188 E3.46167
;WIDTH:0.449999
G1 F884.349
G1 X105.998 Y105.104 E3.46749
G1 X107.477 Y103.614 E3.54992
;WIDTH:0.41646
G1 F963.754
G1 X107.596 Y103.485 E3.55624
;WIDTH:0.38292
G1 F1058.823
G1 X107.555 Y103.496 E3.55763
G1 X107.536 Y103.425 E3.56004
G1 X107.607 Y103.444 E3.56245
;LAYER_CHANGE
;Z:19.35
;HEIGHT:0.200001
G92 E0
G1 Z19.35 F7800
G1 X103.387 Y98.652
;TYPE:Perimeter
;WIDTH:0.449999
G1 F884.349
G1 X103.494 Y98.63 E.00429
G1 X103.897 Y98.46 E.02146
G1 X104.591 Y98.092 E.0523
G1 X105.194 Y98.562 E.08232
G1 X106.743 Y99.447 E.15237
G1 X107.222 Y99.895 E.17812
G1 X107.607 Y100.401 E.20309
G1 X107.864 Y100.964 E.22739
G1 X108.001 Y101.451 E.24725
G1 X108.091 Y102.233 E.27816
G1 X108.03 Y102.727 E.2977
G1 X107.82 Y103.319 E.32236
G1 X107.546 Y103.931 E.34869
G1 X106.967 Y104.759 E.38836
G1 X106.778 Y105.171 E.40616
G1 X106.346 Y105.245 E.42337
G1 X105.268 Y105.632 E.46834
G1 X104.655 Y105.741 E.49279
G1 X104.238 Y105.661 E.50946
G1 X103.524 Y105.424 E.539
G1 X102.761 Y105.055 E.57228
G1 X102.209 Y104.636 E.59949
G1 X101.816 Y104.379 E.61793
G1 X101.711 Y104.014 E.63284
G1 X101.431 Y103.399 E.65937
G1 X101.254 Y102.826 E.68292
G1 X101.112 Y102.142 E.71035
G1 X101.029 Y101.527 E.73472
G1 X101.534 Y100.561 E.77752
G1 X102.189 Y99.646 E.8217
G1 X102.729 Y99.061 E.85296
G1 X103.098 Y98.71 E.87296
G1 X103.328 Y98.664 E.88217
G1 X103.275 Y98.244 F7800
G1 F884.349
G1 X103.587 Y98.166 E.8948
G1 X104.53 Y97.667 E.93669
G1 X104.674 Y97.67 E.94235
G1 X105.52 Y98.292 E.98358
G1 X106.137 Y98.639 E1.01137
G1 X106.795 Y98.978 E1.04043
G1 X107.17 Y99.257 E1.05878
G1 X107.531 Y99.629 E1.07913
G1 X107.956 Y100.187 E1.10667
G1 X108.125 Y100.538 E1.12197
G1 X108.346 Y101.092 E1.14539
G1 X108.406 Y101.404 E1.15787
G1 X108.499 Y102.246 E1.19113
G1 X108.428 Y102.821 E1.21388
M73 P78 R6
G1 X108.131 Y103.662 E1.2489
G1 X107.898 Y104.138 E1.26971
G1 X107.269 Y105.044 E1.31302
G1 X107.08 Y105.55 E1.33423
G1 X106.484 Y105.628 E1.35783
G1 X105.372 Y106.027 E1.40422
G1 X104.679 Y106.155 E1.43189
M73 Q78 S6
G1 X104.103 Y106.044 E1.45492
G1 X103.379 Y105.806 E1.48484
G1 X102.547 Y105.404 E1.52112
G1 X101.963 Y104.96 E1.54993
G1 X101.46 Y104.653 E1.57307
G1 X101.341 Y104.183 E1.59211
G1 X101.112 Y103.681 E1.61377
G1 X100.912 Y103.168 E1.63539
G1 X100.729 Y102.323 E1.66934
G1 X100.597 Y101.512 E1.7016
G1 X100.675 Y101.326 E1.70952
G1 X101.183 Y100.351 E1.75269
G1 X101.873 Y99.388 E1.79921
G1 X102.563 Y98.641 E1.83914
G1 X102.952 Y98.325 E1.85882
G1 X103.216 Y98.259 E1.8695
G1 X103.196 Y97.962 F7800
;TYPE:External perimeter
G1 F884.349
G1 X103.359 Y97.946 E1.87593
G1 X103.783 Y97.679 E1.8956
G1 X104.455 Y97.386 E1.92438
G1 X104.995 Y97.394 E1.94559
G1 X105.474 Y97.733 E1.96863
G1 X105.927 Y98.226 E1.99492
G1 X106.602 Y98.546 E2.02425
G1 X107.734 Y99.013 E2.07233
G1 X108.049 Y99.65 E2.10023
G1 X108.474 Y99.964 E2.12098
G1 X108.36 Y100.528 E2.14357
G1 X108.747 Y101.051 E2.16912
G1 X108.931 Y101.581 E2.19115
G1 X108.955 Y102.331 E2.22061
G1 X108.969 Y103.042 E2.24853
G1 X108.516 Y103.535 E2.27482
G1 X108.292 Y103.975 E2.29421
G1 X108.134 Y104.694 E2.32311
G1 X107.558 Y105.137 E2.35164
G1 X107.564 Y105.883 E2.38093
G1 X106.988 Y106.127 E2.40549
G1 X106.367 Y105.937 E2.43099
G1 X105.798 Y106.391 E2.45957
G1 X105.289 Y106.64 E2.48182
G1 X104.582 Y106.751 E2.50992
G1 X104.006 Y106.551 E2.53386
G1 X103.372 Y106.1 E2.56441
G1 X102.792 Y106.082 E2.58719
G1 X102.337 Y105.553 E2.61459
G1 X101.82 Y105.442 E2.63535
G1 X101.341 Y104.958 E2.66209
G1 X101.172 Y104.477 E2.68211
G1 X100.836 Y103.8 E2.71179
G1 X100.649 Y103.36 E2.73056
G1 X100.469 Y102.865 E2.75124
G1 X100.146 Y102.287 E2.77724
G1 X100.269 Y101.757 E2.7986
G1 X100.482 Y101.222 E2.82121
G1 X100.705 Y100.826 E2.83905
G1 X100.81 Y100.347 E2.8583
G1 X101.065 Y99.943 E2.87706
G1 X101.561 Y99.379 E2.90655
G1 X101.849 Y98.832 E2.93082
G1 X102.246 Y98.423 E2.9532
G1 X102.826 Y97.998 E2.98143
G1 X103.136 Y97.968 E2.99366
G1 X103.514 Y97.836 F7800
G92 E0
G1 X101.99 Y104.244
;TYPE:Solid infill
;WIDTH:0.38292
G1 F1058.823
G1 X102.42 Y104.605 E.01841
G1 X101.923 Y103.749 F7800
;WIDTH:0.449999
G1 F884.349
G1 X103.012 Y104.837 E.07885
G1 X103.15 Y104.919 E.08515
;WIDTH:0.41646
G1 F963.754
G1 X103.288 Y105.001 E.09093
;WIDTH:0.38292
G1 F1058.823
G1 X103.269 Y105.072 E.09334
G1 X103.341 Y105.053 E.09578
G1 X103.33 Y105.012 E.09717
G1 X104.644 Y105.573 F7800
G1 F1058.823
G1 X104.179 Y105.474 E.11276
;WIDTH:0.41646
G1 F963.754
G1 X104.098 Y105.37 E.11751
;WIDTH:0.449999
G1 F884.349
G1 X104.016 Y105.266 E.12271
G1 X101.564 Y102.814 E.25887
G1 X101.412 Y102.086 E.28807
G1 X104.74 Y105.414 E.47287
G1 X105.224 Y105.323 E.49221
G1 X101.393 Y101.491 E.70497
G1 X101.59 Y101.113 E.72171
G1 X105.648 Y105.171 E.94704
G1 X106.072 Y105.019 E.96473
G1 X101.788 Y100.735 E1.20261
G1 X102.026 Y100.398 E1.21881
G1 X106.527 Y104.899 E1.46874
G1 X106.747 Y104.542 E1.48521
G1 X102.266 Y100.062 E1.73401
G1 X102.519 Y99.739 E1.75012
G1 X106.983 Y104.204 E1.99803
G1 X107.22 Y103.865 E2.01427
G1 X102.795 Y99.44 E2.25998
G1 X103.072 Y99.141 E2.27598
G1 X107.422 Y103.491 E2.51753
G1 X107.583 Y103.076 E2.53501
G1 X103.456 Y98.949 E2.76418
G1 X103.891 Y98.808 E2.78213
G1 X107.732 Y102.649 E2.99541
G1 X107.778 Y102.12 E3.01626
G1 X104.266 Y98.608 E3.21128
G1 X104.414 Y98.502 E3.21843
;WIDTH:0.41646
G1 F963.754
G1 X104.563 Y98.395 E3.22504
;WIDTH:0.399548
G1 F1009.455
G1 X104.82 Y98.622 E3.23684
;WIDTH:0.449999
G1 F884.349
G1 X105.108 Y98.874 E3.25187
G1 X107.691 Y101.457 E3.3953
G92 E0
G1 X106.37 Y99.56 F7800
G1 F884.349
G1 X107.264 Y100.454 E.04964
G1 X107.371 Y100.598 E.05668
;WIDTH:0.41646
G1 F963.754
G1 X107.479 Y100.742 E.06317
;WIDTH:0.38292
G1 F1058.823
G1 X107.49 Y100.68 E.06524
G1 X107.44 Y100.501 E.07133
G1 X106.744 Y99.743 E.10508
G1 X106.278 Y99.365 E.12476
G1 X106.082 Y99.349 E.13121
;LAYER_CHANGE
;Z:19.55
;HEIGHT:0.199999
G92 E0
G1 Z19.55 F7800
G1 X103.595 Y98.514
;TYPE:Perimeter
;WIDTH:0.449999
G1 F884.349
G1 X103.76 Y98.452 E.00692
G1 X104.359 Y98.072 E.03477
G1 X104.514 Y98.102 E.04097
G1 X105.047 Y98.499 E.06707
G1 X105.967 Y99.025 E.10868
G1 X106.423 Y99.241 E.12849
G1 X106.9 Y99.585 E.15158
G1 X107.222 Y99.919 E.1698
G1 X107.563 Y100.375 E.19216
G1 X107.782 Y100.843 E.21245
G1 X107.942 Y101.365 E.23389
G1 X108.041 Y102.146 E.2648
G1 X107.972 Y102.697 E.2866
G1 X107.758 Y103.338 E.31313
G1 X107.516 Y103.869 E.33604
G1 X106.925 Y104.687 E.37566
G1 X106.686 Y105.135 E.3956
G1 X106.333 Y105.201 E.4097
G1 X105.746 Y105.406 E.43411
G1 X105.25 Y105.548 E.45437
G1 X104.632 Y105.608 E.47875
G1 X104.139 Y105.505 E.49853
G1 X103.52 Y105.326 E.52383
G1 X102.726 Y104.95 E.55833
G1 X101.819 Y104.294 E.60228
G1 X101.715 Y103.917 E.61764
G1 X101.339 Y103.054 E.6546
G1 X101.233 Y102.513 E.67625
G1 X101.123 Y101.389 E.72059
G1 X101.623 Y100.415 E.76358
G1 X102.144 Y99.716 E.79781
G1 X102.752 Y99.062 E.83287
G1 X103.173 Y98.674 E.85535
G1 X103.539 Y98.535 E.87072
G1 X103.443 Y98.143 F7800
G1 F884.349
G1 X103.542 Y98.108 E.87484
G1 X104.08 Y97.767 E.89985
G1 X104.396 Y97.628 E.9134
G1 X104.712 Y97.742 E.92659
G1 X105.29 Y98.172 E.95488
G1 X106.141 Y98.657 E.99334
G1 X106.631 Y98.889 E1.01463
G1 X107.167 Y99.277 E1.04061
G1 X107.532 Y99.655 E1.06124
G1 X107.914 Y100.165 E1.08626
G1 X108.194 Y100.78 E1.11279
G1 X108.341 Y101.285 E1.13344
G1 X108.45 Y102.157 E1.16795
G1 X108.371 Y102.788 E1.19292
G1 X108.137 Y103.487 E1.22186
G1 X107.869 Y104.075 E1.24723
G1 X107.119 Y105.148 E1.29863
G1 X107.007 Y105.507 E1.3134
G1 X106.465 Y105.586 E1.33491
G1 X105.756 Y105.833 E1.36439
G1 X105.184 Y105.974 E1.38752
G1 X104.596 Y106.016 E1.41067
G1 X103.894 Y105.87 E1.43882
G1 X103.371 Y105.706 E1.46034
G1 X102.512 Y105.299 E1.49766
G1 X101.897 Y104.824 E1.52817
G1 X101.461 Y104.551 E1.54837
G1 X101.342 Y104.08 E1.56744
G1 X100.948 Y103.176 E1.60616
G1 X100.834 Y102.592 E1.62952
G1 X100.7 Y101.428 E1.67553
G1 X100.764 Y101.198 E1.6849
G1 X101.275 Y100.201 E1.72889
G1 X101.831 Y99.455 E1.76542
G1 X102.523 Y98.711 E1.80532
G1 X102.966 Y98.312 E1.82873
G1 X103.386 Y98.163 E1.84623
G1 X103.259 Y97.697 F7800
;TYPE:External perimeter
G1 F884.349
G1 X103.524 Y97.649 E1.8568
G1 X104.106 Y97.298 E1.88349
G1 X104.707 Y97.386 E1.90734
G1 X105.188 Y97.576 E1.92765
G1 X105.776 Y97.879 E1.95362
G1 X106.102 Y98.381 E1.97712
G1 X106.731 Y98.592 E2.00317
G1 X107.311 Y98.656 E2.02608
G1 X107.847 Y99.186 E2.05568
G1 X108.17 Y99.839 E2.08428
G1 X108.473 Y100.255 E2.10449
G1 X108.563 Y100.981 E2.13321
G1 X108.618 Y101.676 E2.16058
G1 X108.732 Y102.136 E2.17919
G1 X108.787 Y102.737 E2.20289
G1 X108.58 Y103.397 E2.23005
G1 X108.315 Y103.805 E2.24915
G1 X108.082 Y104.382 E2.27358
G1 X107.86 Y105.06 E2.30159
G1 X107.457 Y105.462 E2.32394
G1 X107.107 Y105.88 E2.34535
G1 X106.461 Y106.156 E2.37293
G1 X105.759 Y106.394 E2.40203
G1 X105.052 Y106.396 E2.42979
G1 X104.403 Y106.578 E2.45626
G1 X103.774 Y106.285 E2.48351
G1 X103.311 Y106.166 E2.50228
G1 X102.693 Y105.767 E2.53116
G1 X102.074 Y105.671 E2.55576
G1 X101.783 Y105.26 E2.57553
G1 X101.313 Y105.124 E2.59474
G1 X101.047 Y104.694 E2.61459
G1 X100.76 Y104.114 E2.64
G1 X100.713 Y103.633 E2.65898
G1 X100.399 Y103.02 E2.68602
G1 X100.284 Y102.284 E2.71527
G1 X100.478 Y101.766 E2.73699
G1 X100.418 Y101.085 E2.76383
G1 X100.802 Y100.473 E2.7922
G1 X101.189 Y99.915 E2.81886
G1 X101.347 Y99.317 E2.84315
G1 X101.647 Y98.93 E2.86238
G1 X101.901 Y98.508 E2.88172
G1 X102.359 Y98.309 E2.90133
G1 X102.841 Y97.774 E2.9296
G1 X103.2 Y97.708 E2.94393
G1 X103.584 Y97.596 F7800
G1 X103.269 Y98.846
;TYPE:Solid infill
;WIDTH:0.38292
G1 F1058.823
G1 X102.952 Y99.146 E2.95824
G1 X101.983 Y100.188 E3.0049
G1 X101.631 Y101.037 F7800
G1 F1058.823
G1 X101.59 Y101.048 E3.00629
G1 X101.571 Y100.977 E3.0087
G1 X101.642 Y100.996 E3.01111
;WIDTH:0.41646
G1 F963.754
G1 X101.726 Y100.857 E3.01696
;WIDTH:0.449999
G1 F884.349
G1 X101.811 Y100.719 E3.02332
G1 X103.716 Y98.814 E3.1291
G1 X104.577 Y98.528 F7800
G1 F884.349
G1 X101.441 Y101.664 E3.30324
G1 X101.492 Y102.189 E3.32395
G1 X104.908 Y98.773 E3.51364
G1 X105.272 Y98.985 E3.53018
G1 X101.577 Y102.68 E3.73536
G1 X101.704 Y103.128 E3.75364
G1 X105.639 Y99.193 E3.97214
G1 X106.021 Y99.387 E3.98896
G1 X101.879 Y103.53 E4.21899
G1 X102.042 Y103.942 E4.23639
G1 X106.39 Y99.594 E4.47783
G1 X106.72 Y99.839 E4.49397
M73 P79 R6
G1 X102.313 Y104.247 E4.73871
G1 X102.638 Y104.497 E4.75481
M73 Q79 S6
G1 X107.001 Y100.134 E4.99708
G1 X107.247 Y100.464 E5.01324
G1 X102.979 Y104.732 E5.25024
G1 X103.37 Y104.917 E5.26722
G1 X107.437 Y100.849 E5.49308
G1 X107.608 Y101.254 E5.51034
G1 X103.776 Y105.086 E5.72313
G1 X104.227 Y105.211 E5.74151
G1 X107.704 Y101.734 E5.93458
G1 X107.714 Y102.3 E5.95681
G1 X104.714 Y105.3 E6.1234
G92 E0
G1 X107.736 Y102.9 F7800
;WIDTH:0.38292
G1 F1058.823
G1 X107.862 Y102.353 E.01841
;WIDTH:0.449999
G1 F884.349
G1 X107.528 Y103.061 E.04915
G1 X105.379 Y105.21 E.16848
G1 X106.732 Y104.434 F7800
G1 F884.349
G1 X106.26 Y104.906 E.19469
G1 X106.117 Y104.996 E.20132
;WIDTH:0.41646
G1 F963.754
G1 X105.975 Y105.085 E.20736
;WIDTH:0.38292
G1 F1058.823
G1 X106.134 Y105.103 E.21261
G1 X106.498 Y104.896 E.22634
G1 X106.937 Y104.351 E.24929
;WIDTH:0.38947
G1 F1038.811
G1 X106.977 Y104.146 E.25627
G1 X107.311 Y103.754 E.27348
;LAYER_CHANGE
;Z:19.75
;HEIGHT:0.200001
G92 E0
G1 Z19.75 F7800
G1 X103.759 Y98.36
;TYPE:Perimeter
;WIDTH:0.449999
G1 F884.349
G1 X103.775 Y98.353 E.00069
G1 X104.208 Y98.086 E.02066
G1 X104.525 Y98.165 E.03349
G1 X104.942 Y98.464 E.05364
G1 X105.885 Y98.995 E.09613
G1 X106.359 Y99.215 E.11665
G1 X106.893 Y99.601 E.14252
G1 X107.194 Y99.918 E.15968
G1 X107.522 Y100.357 E.1812
G1 X107.841 Y101.081 E.21226
G1 X107.991 Y102.052 E.25084
G1 X107.915 Y102.59 E.27217
G1 X107.755 Y103.182 E.29625
G1 X107.493 Y103.769 E.32149
G1 X106.763 Y104.805 E.37125
G1 X106.614 Y105.095 E.38405
G1 X106.276 Y105.162 E.39758
G1 X105.646 Y105.368 E.42361
G1 X104.751 Y105.456 E.45892
G1 X104.399 Y105.441 E.47275
G1 X103.496 Y105.215 E.5093
G1 X102.684 Y104.816 E.54482
G1 X102.278 Y104.488 E.56531
G1 X101.824 Y104.159 E.58732
G1 X101.426 Y103.113 E.63126
G1 X101.263 Y102.386 E.66051
G1 X101.234 Y101.789 E.68398
G1 X101.257 Y101.256 E.70493
G1 X101.597 Y100.494 E.73769
G1 X102.11 Y99.791 E.77186
G1 X102.773 Y99.068 E.81038
G1 X103.351 Y98.542 E.84107
G1 X103.704 Y98.385 E.85624
G1 X103.573 Y97.998 F7800
G1 F884.349
G1 X103.621 Y97.976 E.85831
G1 X104.053 Y97.699 E.87846
G1 X104.347 Y97.689 E.89001
G1 X104.718 Y97.802 E.90524
G1 X105.142 Y98.107 E.92575
G1 X105.586 Y98.362 E.94585
G1 X106.057 Y98.626 E.96705
G1 X106.565 Y98.862 E.98904
G1 X107.162 Y99.293 E1.01795
G1 X107.506 Y99.655 E1.03756
G1 X107.874 Y100.147 E1.06168
G1 X108.134 Y100.719 E1.08635
G1 X108.286 Y101.219 E1.10687
G1 X108.401 Y102.063 E1.14032
G1 X108.315 Y102.672 E1.16447
G1 X108.14 Y103.319 E1.19079
G1 X107.85 Y103.969 E1.21874
G1 X107.071 Y105.075 E1.27186
G1 X106.935 Y105.456 E1.28774
G1 X106.403 Y105.548 E1.30894
G1 X105.73 Y105.769 E1.33675
G1 X104.598 Y105.88 E1.38141
G1 X104.321 Y105.841 E1.39239
G1 X103.352 Y105.598 E1.43162
G1 X102.466 Y105.163 E1.47038
G1 X101.474 Y104.384 E1.5199
G1 X101.036 Y103.23 E1.56837
G1 X100.858 Y102.442 E1.60009
G1 X100.827 Y101.788 E1.6258
G1 X100.864 Y101.137 E1.6514
G1 X101.243 Y100.289 E1.68787
G1 X101.795 Y99.532 E1.72466
G1 X102.485 Y98.779 E1.76476
G1 X103.11 Y98.211 E1.79792
G1 X103.519 Y98.023 E1.81559
G1 X103.346 Y97.558 F7800
;TYPE:External perimeter
G1 F884.349
G1 X103.463 Y97.536 E1.82026
G1 X104.063 Y97.354 E1.84488
G1 X104.573 Y97.357 E1.86491
G1 X104.982 Y97.641 E1.88446
G1 X105.573 Y97.81 E1.9086
G1 X106.189 Y98.091 E1.93518
G1 X107.128 Y98.654 E1.97817
G1 X107.494 Y98.972 E1.99721
G1 X107.894 Y99.551 E2.02484
M73 P79 R5
G1 X108.367 Y99.924 E2.04849
G1 X108.305 Y100.461 E2.06972
G1 X108.555 Y100.904 E2.08969
G1 X108.769 Y101.495 E2.11437
G1 X108.794 Y102.021 E2.13505
G1 X108.769 Y102.402 E2.15004
G1 X108.54 Y102.839 E2.16941
G1 X108.665 Y103.407 E2.19225
G1 X108.251 Y103.883 E2.21702
G1 X108.101 Y104.621 E2.24659
G1 X107.577 Y105.145 E2.27569
G1 X107.275 Y105.638 E2.29839
G1 X106.769 Y105.865 E2.32017
G1 X106.285 Y106.126 E2.34176
G1 X105.637 Y106.086 E2.36725
G1 X105.039 Y106.08 E2.39073
G1 X104.49 Y106.224 E2.41302
G1 X103.754 Y106.19 E2.44195
G1 X103.118 Y105.983 E2.46821
G1 X102.538 Y105.489 E2.49812
G1 X101.841 Y105.336 E2.52614
G1 X101.394 Y104.87 E2.55149
G1 X101.215 Y104.402 E2.57116
G1 X100.909 Y104.028 E2.59013
G1 X100.774 Y103.48 E2.61229
G1 X100.497 Y103.05 E2.63237
G1 X100.313 Y102.572 E2.65248
G1 X100.459 Y101.893 E2.67975
G1 X100.485 Y101.265 E2.70443
G1 X100.654 Y100.873 E2.72119
G1 X100.66 Y100.17 E2.74879
G1 X101.217 Y99.922 E2.77273
G1 X101.603 Y99.397 E2.79832
M73 Q79 S5
G1 X102.064 Y98.929 E2.82411
G1 X102.125 Y98.342 E2.84728
G1 X102.725 Y98.268 E2.87102
G1 X102.92 Y97.639 E2.89688
G1 X103.287 Y97.569 E2.91155
G1 X103.675 Y97.469 F7800
G92 E0
G1 X101.993 Y104.032
;TYPE:Solid infill
;WIDTH:0.38292
G1 F1058.823
G1 X102.513 Y104.483 E.02257
G1 X103.358 Y104.826 F7800
G1 F1058.823
G1 X103.369 Y104.867 E.02396
G1 X103.298 Y104.886 E.02637
G1 X103.317 Y104.815 E.02878
;WIDTH:0.41646
G1 F963.754
G1 X103.178 Y104.733 E.03459
;WIDTH:0.449999
G1 F884.349
G1 X103.04 Y104.65 E.04091
G1 X101.907 Y103.517 E.10382
G1 X101.832 Y103.359 E.11069
;WIDTH:0.41646
G1 F963.754
G1 X101.757 Y103.202 E.11696
;WIDTH:0.38292
G1 F1058.823
G1 X101.768 Y103.243 E.11835
G1 X101.697 Y103.262 E.12076
G1 X101.716 Y103.191 E.12317
;WIDTH:0.449999
G1 F884.349
G1 X101.641 Y102.676 E.1436
G1 X103.988 Y105.023 E.27393
G1 X104.12 Y105.132 E.28065
;WIDTH:0.41646
G1 F963.754
G1 X104.252 Y105.24 E.28679
;WIDTH:0.38292
G1 F1058.823
G1 X104.612 Y105.312 E.29883
;WIDTH:0.449999
G1 F884.349
G1 X104.695 Y105.155 E.3058
G1 X101.548 Y102.007 E.48058
G1 X101.551 Y101.435 E.50304
G1 X105.22 Y105.103 E.70675
G1 X105.716 Y105.024 E.72647
G1 X101.701 Y101.009 E.94942
G1 X101.885 Y100.617 E.96642
G1 X106.15 Y104.882 E1.20325
G1 X106.498 Y104.655 E1.21956
G1 X102.128 Y100.284 E1.46225
G1 X102.374 Y99.955 E1.47838
G1 X106.735 Y104.315 E1.72051
G1 X106.973 Y103.977 E1.73674
G1 X102.649 Y99.654 E1.97682
G1 X102.925 Y99.354 E1.99283
G1 X107.211 Y103.64 E2.23083
G1 X107.392 Y103.246 E2.24785
G1 X103.22 Y99.074 E2.47951
G1 X103.522 Y98.8 E2.49552
G1 X107.538 Y102.816 E2.71852
G1 X107.642 Y102.344 E2.7375
G1 X103.921 Y98.623 E2.94412
G1 X104.278 Y98.405 E2.96054
G1 X107.662 Y101.788 E3.14842
G92 E0
G1 X105.519 Y99.144 F7800
;WIDTH:0.344798
G1 F1192.535
G1 X106.046 Y99.671 E.0217
;WIDTH:0.391174
G1 F1033.728
G1 X106.472 Y100.065 E.04119
G1 X107.057 Y100.676 E.0696
;WIDTH:0.352444
G1 F1163.076
G1 X107.61 Y101.23 E.09297
G1 X107.308 Y100.505 E.11642
;WIDTH:0.386611
G1 F1047.453
G1 X106.991 Y100.103 E.13339
;WIDTH:0.391174
G1 F1033.728
G1 X106.722 Y99.821 E.14648
G1 X106.241 Y99.442 E.16705
;WIDTH:0.344798
G1 F1192.535
G1 X105.695 Y99.182 E.18466
G1 X105.375 Y99 E.19538
;LAYER_CHANGE
;Z:19.95
;HEIGHT:0.200001
G1 Z19.95 F7800
G1 X103.899 Y98.23
;TYPE:Perimeter
;WIDTH:0.449999
G1 F884.349
G1 X104.018 Y98.189 E.20032
G1 X104.401 Y98.172 E.21537
G1 X105.803 Y98.966 E.27863
G1 X106.296 Y99.19 E.29989
G1 X106.856 Y99.59 E.32691
G1 X107.169 Y99.919 E.34474
G1 X107.482 Y100.338 E.36528
G1 X107.78 Y101.02 E.3945
G1 X107.925 Y101.889 E.42909
G1 X107.854 Y102.476 E.45231
G1 X107.74 Y103.031 E.47456
G1 X107.497 Y103.566 E.49763
G1 X106.717 Y104.722 E.55239
G1 X106.579 Y105.021 E.56532
G1 X105.462 Y105.26 E.61017
G1 X104.638 Y105.338 E.64267
G1 X104.264 Y105.296 E.65745
G1 X103.537 Y105.118 E.68684
G1 X102.908 Y104.826 E.71407
G1 X102.405 Y104.469 E.73829
G1 X101.92 Y104.027 E.76406
G1 X101.512 Y103.15 E.80204
G1 X101.365 Y102.498 E.82828
G1 X101.307 Y101.853 E.85371
G1 X101.323 Y101.348 E.87355
G1 X101.413 Y101.004 E.88751
G1 X101.658 Y100.45 E.91129
G1 X102.076 Y99.865 E.93952
G1 X102.804 Y99.07 E.98185
G1 X103.456 Y98.447 E1.01726
G1 X103.709 Y98.295 E1.02885
G1 X103.842 Y98.249 E1.03438
G1 X103.72 Y97.84 F7800
G1 F884.349
G1 X104.084 Y97.756 E1.04905
G1 X104.483 Y97.767 E1.06472
G1 X104.624 Y97.822 E1.07066
G1 X105.972 Y98.595 E1.13167
G1 X106.501 Y98.836 E1.15449
G1 X107.125 Y99.281 E1.18458
G1 X107.48 Y99.656 E1.20486
G1 X107.834 Y100.128 E1.22803
G1 X108.171 Y100.901 E1.26114
G1 X108.334 Y101.895 E1.30069
G1 X108.256 Y102.541 E1.32624
G1 X108.129 Y103.158 E1.35097
G1 X107.854 Y103.765 E1.37714
G1 X107.054 Y104.95 E1.43328
G1 X106.902 Y105.374 E1.45097
G1 X105.523 Y105.663 E1.50629
G1 X104.634 Y105.747 E1.54135
G1 X104.193 Y105.698 E1.55877
G1 X103.401 Y105.504 E1.59079
M73 P80 R5
G1 X102.702 Y105.18 E1.62104
G1 X102.008 Y104.687 E1.65447
G1 X101.601 Y104.284 E1.67696
G1 X101.375 Y103.845 E1.69635
G1 X101.122 Y103.272 E1.72094
G1 X100.962 Y102.561 E1.74956
G1 X100.9 Y101.866 E1.77696
M73 Q80 S5
G1 X100.917 Y101.302 E1.79912
G1 X101.036 Y100.853 E1.81736
G1 X101.308 Y100.241 E1.84366
G1 X101.758 Y99.609 E1.87412
G1 X102.524 Y98.774 E1.91861
G1 X103.231 Y98.088 E1.95729
G1 X103.663 Y97.857 E1.97653
G1 X103.584 Y97.542 F7800
;TYPE:External perimeter
G1 F884.349
G1 X104.654 Y97.292 E2.01967
G1 X105.209 Y97.806 E2.04937
G1 X105.707 Y98.176 E2.07373
G1 X106.338 Y98.526 E2.10206
G1 X106.977 Y98.811 E2.12953
G1 X107.712 Y99.088 E2.16037
G1 X107.926 Y99.734 E2.18709
G1 X108.43 Y100.03 E2.21004
G1 X108.697 Y101.15 E2.25525
G1 X108.885 Y101.814 E2.28235
G1 X108.887 Y102.205 E2.2977
G1 X108.567 Y102.699 E2.32081
G1 X108.506 Y103.334 E2.34586
G1 X108.34 Y103.88 E2.36827
G1 X108.021 Y104.379 E2.39152
G1 X107.249 Y105.314 E2.43913
G1 X106.894 Y105.795 E2.4626
G1 X106.376 Y106.044 E2.48517
G1 X105.711 Y106.234 E2.51233
G1 X104.991 Y106.248 E2.54061
G1 X104.324 Y105.989 E2.5687
G1 X103.543 Y106.108 E2.59972
G1 X102.943 Y105.644 E2.6295
G1 X102.385 Y105.468 E2.65247
G1 X102.043 Y105.167 E2.67036
G1 X101.715 Y104.772 E2.69052
G1 X101.21 Y104.485 E2.71333
G1 X100.902 Y104.035 E2.73474
G1 X100.729 Y103.346 E2.76263
G1 X100.446 Y102.769 E2.78786
G1 X100.614 Y102.189 E2.81157
G1 X100.447 Y101.456 E2.84109
G1 X100.646 Y101.012 E2.86019
G1 X100.614 Y100.498 E2.88041
G1 X101.05 Y99.985 E2.90684
G1 X101.332 Y99.522 E2.92813
G1 X101.556 Y99.078 E2.94766
G1 X101.962 Y98.755 E2.96803
G1 X102.486 Y98.375 E2.99345
G1 X102.636 Y97.821 E3.01599
G1 X103.351 Y97.596 E3.04542
G1 X103.525 Y97.555 E3.05244
G1 X103.915 Y97.465 F7800
G1 X103.604 Y98.569
;TYPE:Solid infill
;WIDTH:0.38292
G1 F1058.823
G1 X102.887 Y99.271 E3.08535
G1 X102.009 Y100.222 E3.1278
G1 X101.709 Y101.033 F7800
G1 F1058.823
G1 X101.668 Y101.044 E3.12919
G1 X101.649 Y100.972 E3.13163
G1 X101.72 Y100.992 E3.13405
;WIDTH:0.41646
G1 F963.754
G1 X101.798 Y100.853 E3.13979
;WIDTH:0.449999
G1 F884.349
G1 X101.875 Y100.715 E3.14599
G1 X104.108 Y98.482 E3.26999
G1 X104.554 Y98.612 E3.28823
G1 X101.622 Y101.543 E3.45101
G1 X101.637 Y102.105 E3.47308
G1 X104.92 Y98.821 E3.65541
G1 X105.288 Y99.029 E3.67201
G1 X101.704 Y102.613 E3.87102
G1 X101.814 Y103.079 E3.88982
G1 X105.661 Y99.232 E4.10344
G1 X106.054 Y99.414 E4.12045
G1 X101.993 Y103.476 E4.34598
G1 X102.185 Y103.859 E4.3628
G1 X106.403 Y99.641 E4.59702
G1 X106.725 Y99.895 E4.61312
G1 X102.475 Y104.145 E4.84912
G1 X102.812 Y104.384 E4.86534
G1 X106.997 Y100.199 E5.09773
G1 X107.236 Y100.535 E5.11392
G1 X103.163 Y104.608 E5.34009
G1 X103.556 Y104.791 E5.35711
G1 X107.411 Y100.936 E5.57117
G1 X107.545 Y101.378 E5.5893
G1 X104.004 Y104.918 E5.7859
G1 X104.485 Y105.014 E5.80516
G1 X107.617 Y101.881 E5.9791
G1 X107.528 Y102.546 E6.00544
G1 X105.085 Y104.989 E6.1411
G1 X105.767 Y104.883 E6.1682
G1 X107.338 Y103.298 E6.25582
;WIDTH:0.41646
G1 F963.754
G1 X107.453 Y103.169 E6.26205
;WIDTH:0.38292
G1 F1058.823
G1 X107.412 Y103.18 E6.26344
G1 X107.393 Y103.109 E6.26585
G1 X107.464 Y103.128 E6.26826
;LAYER_CHANGE
;Z:20.15
;HEIGHT:0.199999
G92 E0
G1 Z20.15 F7800
G1 X103.574 Y98.353
;TYPE:Perimeter
;WIDTH:0.449999
G1 F884.349
G1 X103.881 Y98.297 E.01225
G1 X104.439 Y98.234 E.0343
G1 X105.721 Y98.936 E.09169
G1 X106.234 Y99.165 E.11375
G1 X106.811 Y99.571 E.14145
G1 X107.031 Y99.802 E.15398
G1 X107.435 Y100.31 E.17947
G1 X107.722 Y100.971 E.20776
G1 X107.849 Y101.689 E.23639
G1 X107.796 Y102.334 E.2618
G1 X107.669 Y102.926 E.28557
G1 X107.485 Y103.388 E.3051
G1 X106.704 Y104.582 E.36112
G1 X106.57 Y104.876 E.37381
G1 X105.378 Y105.12 E.42158
G1 X104.662 Y105.203 E.44988
G1 X104.111 Y105.152 E.47161
G1 X103.614 Y105.029 E.49171
G1 X103.189 Y104.848 E.50985
G1 X102.603 Y104.501 E.53659
G1 X102.295 Y104.215 E.55309
G1 X101.929 Y103.788 E.57517
G1 X101.586 Y103.094 E.60557
G1 X101.427 Y102.308 E.63706
G1 X101.397 Y101.781 E.65779
G1 X101.439 Y101.122 E.68372
G1 X101.61 Y100.629 E.70421
G1 X101.904 Y100.133 E.72685
G1 X102.26 Y99.69 E.74916
G1 X102.731 Y99.163 E.77691
G1 X103.518 Y98.37 E.82078
G1 X103.533 Y97.948 F7800
G1 F884.349
G1 X103.998 Y97.852 E.83942
G1 X104.512 Y97.822 E.85964
G1 X105.02 Y98.077 E.88196
G1 X105.887 Y98.564 E.92101
G1 X106.436 Y98.81 E.94463
G1 X107.078 Y99.261 E.97544
G1 X107.455 Y99.657 E.99691
G1 X107.79 Y100.105 E1.01887
G1 X108.112 Y100.847 E1.05063
G1 X108.258 Y101.686 E1.08407
G1 X108.2 Y102.394 E1.11196
G1 X108.06 Y103.045 E1.13811
G1 X107.848 Y103.577 E1.1606
G1 X107.044 Y104.805 E1.21823
G1 X106.865 Y105.276 E1.23801
G1 X106.741 Y105.276 E1.24288
G1 X106.2 Y105.36 E1.26438
G1 X105.456 Y105.521 E1.29427
G1 X104.666 Y105.613 E1.3255
G1 X104.043 Y105.554 E1.35007
G1 X103.485 Y105.416 E1.37264
G1 X103.005 Y105.212 E1.39312
G1 X102.358 Y104.829 E1.42264
G1 X102.018 Y104.512 E1.44089
G1 X101.582 Y104.005 E1.46715
G1 X101.201 Y103.233 E1.50095
G1 X101.068 Y102.677 E1.5234
G1 X100.985 Y102.087 E1.54679
G1 X100.999 Y101.223 E1.58072
G1 X101.125 Y100.756 E1.59971
G1 X101.352 Y100.266 E1.62091
G1 X101.715 Y99.694 E1.64751
G1 X102.374 Y98.943 E1.68674
G1 X102.985 Y98.344 E1.72034
G1 X103.336 Y97.96 E1.74077
G1 X103.475 Y97.959 E1.74623
G1 X103.491 Y97.525 F7800
;TYPE:External perimeter
G1 F884.349
G1 X103.906 Y97.498 E1.76256
G1 X104.551 Y97.531 E1.78792
G1 X105.228 Y97.535 E1.8145
G1 X105.642 Y97.886 E1.83581
G1 X105.962 Y98.32 E1.85698
G1 X106.511 Y98.251 E1.87871
G1 X107.159 Y98.596 E1.90753
G1 X107.6 Y99.008 E1.93123
G1 X107.823 Y99.787 E1.96305
G1 X108.366 Y100.129 E1.98825
G1 X108.441 Y100.705 E2.01106
G1 X108.616 Y101.121 E2.02878
G1 X108.667 Y101.684 E2.05098
G1 X108.739 Y102.063 E2.06613
G1 X108.344 Y103.362 E2.11944
G1 X107.746 Y104.359 E2.16509
G1 X107.624 Y104.932 E2.18809
G1 X107.338 Y105.42 E2.2103
G1 X106.723 Y105.645 E2.23601
G1 X106.147 Y105.738 E2.25892
G1 X105.497 Y106.126 E2.28864
G1 X104.963 Y106.142 E2.30962
G1 X104.402 Y106.068 E2.33184
G1 X103.918 Y105.97 E2.35123
G1 X103.399 Y105.975 E2.37161
G1 X102.879 Y105.815 E2.39297
G1 X102.316 Y105.452 E2.41927
G1 X102.054 Y104.915 E2.44273
G1 X101.49 Y104.66 E2.46703
G1 X101.275 Y104.117 E2.48996
G1 X100.743 Y103.573 E2.51984
G1 X100.638 Y102.982 E2.54341
G1 X100.796 Y102.384 E2.5677
G1 X100.53 Y101.759 E2.59437
G1 X100.418 Y101.124 E2.61969
G1 X100.887 Y100.754 E2.64315
G1 X100.931 Y100.214 E2.66442
G1 X101.358 Y99.686 E2.69108
G1 X101.668 Y99.047 E2.71897
G1 X102.239 Y98.738 E2.74446
G1 X102.607 Y98.196 E2.77018
G1 X103.099 Y97.865 E2.79346
G1 X103.41 Y97.531 E2.81138
G1 X103.432 Y97.529 E2.81225
G1 X103.831 Y97.503 F7800
G92 E0
G1 X102.084 Y103.693
;TYPE:Solid infill
;WIDTH:0.38292
G1 F1058.823
G1 X102.32 Y103.959 E.01166
G1 X102.718 Y104.344 E.02982
G1 X103.674 Y104.758 F7800
G1 F1058.823
G1 X103.655 Y104.829 E.03223
G1 X103.726 Y104.81 E.03464
G1 X103.715 Y104.769 E.03603
;WIDTH:0.41646
G1 F963.754
G1 X103.556 Y104.687 E.04248
;WIDTH:0.449999
G1 F884.349
G1 X103.397 Y104.605 E.0495
G1 X101.966 Y103.173 E.12899
G1 X101.889 Y103.016 E.13586
;WIDTH:0.41646
G1 F963.754
G1 X101.813 Y102.858 E.14218
;WIDTH:0.38292
G1 F1058.823
G1 X101.824 Y102.899 E.14357
G1 X101.753 Y102.918 E.14598
G1 X101.772 Y102.847 E.14839
;WIDTH:0.449999
G1 F884.349
G1 X101.745 Y102.378 E.16684
G1 X104.223 Y104.855 E.30441
G1 X104.821 Y104.877 E.32791
G1 X101.703 Y101.759 E.50105
G1 X101.731 Y101.212 E.52256
G1 X105.335 Y104.815 E.72266
G1 X105.802 Y104.707 E.74148
G1 X101.878 Y100.783 E.95937
G1 X102.095 Y100.424 E.97584
G1 X106.292 Y104.621 E1.20889
G1 X106.532 Y104.286 E1.22507
G1 X102.325 Y100.079 E1.45868
G1 X102.594 Y99.772 E1.47471
G1 X106.76 Y103.938 E1.70604
G1 X106.988 Y103.59 E1.72238
G1 X102.863 Y99.466 E1.95141
G1 X103.15 Y99.176 E1.96743
G1 X107.215 Y103.242 E2.19318
G1 X107.378 Y102.829 E2.21061
G1 X103.438 Y98.889 E2.42939
G1 X103.757 Y98.633 E2.44545
M73 P81 R5
M73 Q81 S5
G1 X107.48 Y102.355 E2.65215
G1 X107.531 Y101.831 E2.67282
G1 X104.251 Y98.551 E2.85495
G1 X105.166 Y98.938 F7800
;WIDTH:0.380931
G1 F1065.054
G1 X105.512 Y99.133 E2.8679
G1 X106.112 Y99.411 E2.88946
;WIDTH:0.407569
G1 F987.251
G1 X106.371 Y99.611 E2.90097
;WIDTH:0.434207
G1 F920.041
G1 X106.629 Y99.811 E2.91329
G1 X107.191 Y100.452 E2.94546
;WIDTH:0.400134
G1 F1007.799
G1 X107.451 Y101.052 E2.96799
G1 X107.495 Y101.254 E2.97511
G1 X106.909 Y100.668 E3.00366
;WIDTH:0.434207
G1 F920.041
G1 X106.349 Y100.084 E3.0342
G1 X106.123 Y99.876 E3.04579
;WIDTH:0.407569
G1 F987.251
G1 X105.896 Y99.669 E3.0566
;WIDTH:0.380931
G1 F1065.054
G1 X105.31 Y99.082 E3.08364
;LAYER_CHANGE
;Z:20.35
;HEIGHT:0.200001
G1 Z20.35 F7800
G1 X103.468 Y98.451
;TYPE:Perimeter
;WIDTH:0.449999
G1 F884.349
G1 X103.498 Y98.42 E3.08533
G1 X103.725 Y98.405 E3.09426
G1 X104.462 Y98.273 E3.12366
G1 X105.639 Y98.905 E3.17612
G1 X106.189 Y99.148 E3.19973
G1 X106.608 Y99.426 E3.21947
G1 X107.012 Y99.809 E3.24133
G1 X107.395 Y100.292 E3.26553
G1 X107.66 Y100.906 E3.29179
G1 X107.756 Y101.372 E3.31047
G1 X107.728 Y102.261 E3.34539
G1 X107.626 Y102.701 E3.36312
G1 X107.467 Y103.205 E3.38387
G1 X106.678 Y104.444 E3.44155
G1 X106.539 Y104.743 E3.4545
G1 X105.977 Y104.809 E3.47672
G1 X105.332 Y104.975 E3.50287
G1 X104.681 Y105.068 E3.52869
G1 X103.987 Y105.01 E3.55603
G1 X103.698 Y104.922 E3.56789
G1 X103.246 Y104.743 E3.58698
G1 X102.712 Y104.431 E3.61126
G1 X102.264 Y104.021 E3.63511
G1 X101.945 Y103.591 E3.65613
G1 X101.749 Y103.199 E3.67334
G1 X101.575 Y102.713 E3.69361
G1 X101.458 Y101.911 E3.72543
G1 X101.52 Y101.023 E3.76038
G1 X101.692 Y100.535 E3.7807
G1 X101.991 Y100.037 E3.80351
G1 X102.596 Y99.32 E3.84035
G1 X103.425 Y98.493 E3.88633
G1 X103.438 Y98.003 F7800
G1 F884.349
G1 X103.653 Y98.005 E3.89477
G1 X104.442 Y97.863 E3.92625
G1 X104.71 Y97.933 E3.93713
G1 X106.604 Y98.931 E4.02119
G1 X107.022 Y99.23 E4.04137
G1 X107.43 Y99.659 E4.06462
G1 X107.75 Y100.087 E4.0856
G1 X108.05 Y100.784 E4.11539
G1 X108.164 Y101.336 E4.13752
G1 X108.133 Y102.314 E4.17594
G1 X108.023 Y102.793 E4.19524
G1 X107.837 Y103.383 E4.21953
G1 X107.022 Y104.663 E4.27911
G1 X106.835 Y105.1 E4.29777
G1 X106.606 Y105.146 E4.30694
G1 X106.079 Y105.203 E4.32775
G1 X105.412 Y105.375 E4.3548
G1 X104.693 Y105.478 E4.38332
G1 X103.91 Y105.412 E4.41417
G1 X103.58 Y105.312 E4.42771
G1 X103.072 Y105.111 E4.44916
G1 X102.465 Y104.756 E4.47677
G1 X101.956 Y104.29 E4.50387
G1 X101.597 Y103.806 E4.52753
G1 X101.279 Y103.171 E4.55541
G1 X101.175 Y102.797 E4.57065
G1 X101.05 Y101.93 E4.60504
G1 X101.122 Y100.937 E4.64413
G1 X101.326 Y100.355 E4.66835
G1 X101.659 Y99.799 E4.6938
G1 X102.297 Y99.044 E4.73261
G1 X103.314 Y98.002 E4.78978
G1 X103.378 Y98.003 E4.79229
G1 X103.438 Y97.723 F7800
;TYPE:External perimeter
G1 F884.349
G1 X104.065 Y97.645 E4.8171
G1 X104.659 Y97.368 E4.84283
G1 X105.178 Y97.621 E4.8655
G1 X106.168 Y98.366 E4.91415
G1 X106.727 Y98.431 E4.93625
G1 X107.019 Y98.893 E4.95771
G1 X107.895 Y99.74 E5.00555
G1 X108.128 Y100.163 E5.02451
G1 X108.532 Y100.621 E5.04849
G1 X108.472 Y101.285 E5.07467
G1 X108.375 Y101.827 E5.09629
G1 X108.649 Y102.288 E5.11735
G1 X108.675 Y102.479 E5.12492
G1 X108.439 Y103.08 E5.15027
G1 X108.089 Y103.455 E5.17041
G1 X108.038 Y103.932 E5.18925
G1 X107.638 Y104.252 E5.20936
G1 X107.285 Y104.891 E5.23802
G1 X106.99 Y105.373 E5.26021
G1 X106.376 Y105.701 E5.28754
G1 X105.86 Y105.813 E5.30827
G1 X105.366 Y105.883 E5.32786
G1 X104.877 Y105.84 E5.34713
G1 X104.395 Y105.682 E5.36705
G1 X103.894 Y105.84 E5.38768
G1 X103.371 Y105.603 E5.41023
G1 X102.777 Y105.299 E5.43643
G1 X102.169 Y105.276 E5.46032
G1 X101.256 Y104.186 E5.51615
G1 X101.227 Y103.599 E5.53923
G1 X100.784 Y102.444 E5.5878
G1 X100.614 Y101.842 E5.61236
G1 X100.586 Y101.323 E5.63277
G1 X100.746 Y100.619 E5.66112
G1 X101.176 Y100.175 E5.68539
G1 X101.471 Y99.598 E5.71083
G1 X101.645 Y99.071 E5.73262
G1 X102.081 Y98.5 E5.76083
G1 X102.544 Y98.28 E5.78096
G1 X102.906 Y97.985 E5.7993
G1 X103.381 Y97.741 E5.82027
G1 X103.777 Y97.682 F7800
G92 E0
G1 X102.127 Y100.132
;TYPE:Solid infill
;WIDTH:0.38292
G1 F1058.823
G1 X102.746 Y99.458 E.03001
G1 X103.583 Y98.624 E.06876
;WIDTH:0.41646
G1 F963.754
G1 X103.778 Y98.643 E.07582
;WIDTH:0.449999
G1 F884.349
G1 X103.973 Y98.663 E.08352
G1 X101.969 Y100.667 E.1948
G1 X101.864 Y100.748 E.20001
;WIDTH:0.41646
G1 F963.754
G1 X101.759 Y100.83 E.20481
;WIDTH:0.38292
G1 F1058.823
G1 X101.668 Y101.161 E.21607
;WIDTH:0.449999
G1 F884.349
G1 X101.787 Y101.425 E.22744
G1 X104.556 Y98.656 E.3812
G1 X104.403 Y98.559 E.38831
;WIDTH:0.41646
G1 F963.754
G1 X104.25 Y98.463 E.39482
;WIDTH:0.38292
G1 F1058.823
G1 X104.443 Y98.443 E.40118
;WIDTH:0.449999
G1 F884.349
G1 X104.925 Y98.862 E.42626
G1 X101.781 Y102.007 E.60087
G1 X101.854 Y102.51 E.62083
G1 X105.295 Y99.068 E.81193
G1 X105.684 Y99.255 E.82888
G1 X101.973 Y102.966 E1.03495
G1 X102.165 Y103.349 E1.05177
G1 X106.075 Y99.439 E1.26889
G1 X106.416 Y99.674 E1.28515
G1 X102.399 Y103.691 E1.50821
G1 X102.679 Y103.987 E1.52421
G1 X106.72 Y99.946 E1.7486
G1 X106.987 Y100.255 E1.76463
G1 X102.994 Y104.248 E1.98636
G1 X103.359 Y104.459 E2.00291
G1 X107.202 Y100.615 E2.21633
G1 X107.372 Y101.021 E2.23361
G1 X103.769 Y104.625 E2.43371
G1 X104.244 Y104.725 E2.45277
G1 X107.446 Y101.523 E2.63057
G1 X107.427 Y102.118 E2.65394
G1 X104.802 Y104.743 E2.7997
G92 E0
G1 X107.467 Y102.696 F7800
;WIDTH:0.38292
G1 F1058.823
G1 X107.57 Y102.241 E.0153
;WIDTH:0.449999
G1 F884.349
G1 X107.263 Y102.857 E.04232
G1 X105.505 Y104.616 E.13997
G1 X106.351 Y104.471 F7800
;WIDTH:0.511592
G1 F768.128
G1 X106.295 Y104.486 E.14259
G1 X106.253 Y104.445 E.14524
G1 X106.268 Y104.388 E.1479
G1 X106.325 Y104.373 E.15056
G1 X106.366 Y104.415 E.15321
;LAYER_CHANGE
;Z:20.55
;HEIGHT:0.199999
G92 E0
G1 Z20.55 F7800
G1 X103.372 Y98.585
;TYPE:Perimeter
;WIDTH:0.449999
G1 F884.349
G1 X103.452 Y98.506 E.00441
G1 X104.468 Y98.338 E.04484
G1 X104.603 Y98.353 E.05017
G1 X105.549 Y98.872 E.09254
G1 X106.158 Y99.141 E.11868
G1 X106.598 Y99.433 E.13941
G1 X106.983 Y99.807 E.16049
G1 X107.356 Y100.28 E.18414
G1 X107.598 Y100.841 E.20813
G1 X107.696 Y101.331 E.22775
G1 X107.686 Y101.66 E.24067
G1 X107.657 Y102.227 E.26296
G1 X107.438 Y103.023 E.29538
G1 X106.854 Y103.969 E.33903
G1 X106.49 Y104.509 E.3646
G1 X105.325 Y104.825 E.412
G1 X104.791 Y104.916 E.43327
G1 X104.321 Y104.903 E.45173
G1 X103.736 Y104.803 E.47503
G1 X103.339 Y104.645 E.49181
G1 X102.894 Y104.391 E.51193
G1 X102.494 Y104.078 E.53187
G1 X102.071 Y103.55 E.55843
G1 X101.743 Y102.968 E.58466
G1 X101.62 Y102.55 E.60177
G1 X101.527 Y101.851 E.62946
G1 X101.593 Y100.982 E.66368
G1 X101.772 Y100.447 E.68583
G1 X102.097 Y99.924 E.71001
G1 X102.513 Y99.428 E.73543
G1 X103.329 Y98.627 E.78033
G1 X103.254 Y98.129 F7800
G1 F884.349
G1 X103.264 Y98.12 E.78086
G1 X103.632 Y98.074 E.79542
G1 X104.559 Y97.908 E.8324
G1 X104.817 Y98.007 E.84325
G1 X105.713 Y98.5 E.8834
G1 X106.352 Y98.782 E.91082
G1 X106.974 Y99.208 E.94042
G1 X107.404 Y99.659 E.96489
G1 X107.712 Y100.076 E.98525
G1 X107.989 Y100.72 E1.01278
G1 X108.104 Y101.297 E1.03588
G1 X108.09 Y101.757 E1.05395
G1 X108.061 Y102.293 E1.07503
G1 X107.815 Y103.186 E1.1114
G1 X107.182 Y104.21 E1.15867
G1 X106.733 Y104.864 E1.18982
G1 X105.413 Y105.223 E1.24353
G1 X104.859 Y105.317 E1.26559
G1 X104.546 Y105.33 E1.27789
G1 X103.89 Y105.251 E1.30383
G1 X103.311 Y105.088 E1.32745
G1 X102.845 Y104.851 E1.34798
G1 X102.372 Y104.527 E1.37049
G1 X102.043 Y104.208 E1.38848
G1 X101.597 Y103.588 E1.41847
G1 X101.362 Y103.118 E1.4391
G1 X101.221 Y102.634 E1.45889
G1 X101.119 Y101.867 E1.48927
G1 X101.152 Y101.231 E1.51428
G1 X101.234 Y100.697 E1.53549
G1 X101.408 Y100.263 E1.55385
G1 X101.767 Y99.685 E1.58057
G1 X102.214 Y99.151 E1.60791
G1 X103.212 Y98.171 E1.66283
G1 X103.168 Y97.687 F7800
;TYPE:External perimeter
G1 F884.349
G1 X103.439 Y97.561 E1.67456
G1 X103.968 Y97.698 E1.69602
G1 X104.489 Y97.551 E1.71728
G1 X104.93 Y97.642 E1.73496
G1 X105.476 Y98.033 E1.76133
G1 X106.039 Y98.349 E1.78668
G1 X106.8 Y98.482 E1.81701
G1 X107.407 Y98.823 E1.84435
G1 X107.701 Y99.376 E1.86894
G1 X108.222 Y99.754 E1.89421
G1 X108.451 Y100.262 E1.91609
G1 X108.581 Y100.95 E1.94358
G1 X108.668 Y101.69 E1.97284
G1 X108.589 Y101.946 E1.98336
G1 X108.454 Y102.533 E2.00701
G1 X108.458 Y103.024 E2.02629
G1 X108.27 Y103.509 E2.04671
G1 X107.842 Y103.912 E2.06979
G1 X107.486 Y104.482 E2.09618
G1 X107.18 Y104.86 E2.11528
G1 X106.777 Y105.25 E2.1373
G1 X106.029 Y105.287 E2.16671
G1 X105.432 Y105.42 E2.19073
G1 X104.829 Y105.659 E2.2162
G1 X104.291 Y105.835 E2.23843
G1 X103.573 Y105.687 E2.26721
G1 X103.004 Y105.173 E2.29732
G1 X102.379 Y104.85 E2.32494
G1 X101.746 Y104.759 E2.35005
G1 X101.729 Y104.139 E2.3744
G1 X100.992 Y103.729 E2.40751
G1 X100.818 Y103.104 E2.43298
G1 X100.832 Y102.513 E2.45619
G1 X100.565 Y101.931 E2.48133
G1 X100.705 Y101.46 E2.50062
G1 X100.817 Y100.81 E2.52652
G1 X100.961 Y100.147 E2.55316
G1 X101.258 Y99.441 E2.58323
G1 X101.881 Y99.164 E2.61
G1 X102.175 Y98.827 E2.62756
G1 X102.657 Y98.37 E2.65364
G1 X102.863 Y97.829 E2.67637
G1 X103.114 Y97.712 E2.68724
G1 X103.497 Y97.598 F7800
G92 E0
G1 X102.758 Y104.055
;TYPE:Solid infill
;WIDTH:0.38292
G1 F1058.823
G1 X102.098 Y103.326 E.03225
;WIDTH:0.41646
G1 F963.754
G1 X102.083 Y103.131 E.0393
;WIDTH:0.449999
G1 F884.349
G1 X102.068 Y102.937 E.04694
G1 X103.533 Y104.401 E.12826
G1 X103.695 Y104.61 E.13864
;WIDTH:0.38292
G1 F1058.823
G1 X104.264 Y104.745 E.15782
;WIDTH:0.41646
G1 F963.754
G1 X104.283 Y104.67 E.16061
;WIDTH:0.449999
G1 F884.349
G1 X104.302 Y104.595 E.16365
G1 X101.878 Y102.171 E.29825
G1 X101.804 Y102.195 E.3013
;WIDTH:0.41646
G1 F963.754
G1 X101.73 Y102.22 E.30411
;WIDTH:0.38292
G1 F1058.823
G1 X101.856 Y102.774 E.32274
G1 X101.848 Y101.565 F7800
;WIDTH:0.449999
G1 F884.349
G1 X104.871 Y104.588 E.4906
G1 X105.359 Y104.5 E.51007
M73 P82 R5
G1 X101.893 Y101.035 E.7025
G1 X102.038 Y100.604 E.72036
M73 Q82 S5
G1 X105.811 Y104.377 E.92987
G1 X106.264 Y104.254 E.9483
G1 X102.256 Y100.246 E1.17086
G1 X102.502 Y99.916 E1.18702
G1 X106.514 Y103.928 E1.4098
G1 X106.742 Y103.58 E1.42614
G1 X102.767 Y99.606 E1.64684
G1 X103.058 Y99.321 E1.66283
G1 X106.959 Y103.222 E1.87945
G1 X107.167 Y102.855 E1.89601
G1 X103.348 Y99.036 E2.10807
G1 X103.671 Y98.783 E2.12418
G1 X107.292 Y102.403 E2.32522
G1 X107.366 Y101.902 E2.3451
G1 X104.165 Y98.701 E2.52285
G1 X104.912 Y98.873 E2.55295
G1 X107.388 Y101.348 E2.69041
G92 E0
G1 X106.057 Y99.442 F7800
G1 F884.349
G1 X107.121 Y100.506 E.05908
G1 X107.219 Y100.65 E.06592
;WIDTH:0.41646
G1 F963.754
G1 X107.316 Y100.794 E.07218
;WIDTH:0.38292
G1 F1058.823
G1 X107.312 Y100.603 E.07845
G1 X106.902 Y100.081 E.10022
G1 X106.532 Y99.702 E.11759
G1 X105.966 Y99.245 E.14145
G1 X105.769 Y99.232 E.14792
;LAYER_CHANGE
;Z:20.75
;HEIGHT:0.200001
G92 E0
G1 Z20.75 F7800
G1 X103.447 Y98.586
;TYPE:Perimeter
;WIDTH:0.449999
G1 F884.349
G1 X104.518 Y98.369 E.04291
G1 X104.713 Y98.436 E.05101
G1 X105.456 Y98.838 E.08418
G1 X106.136 Y99.142 E.11343
G1 X106.674 Y99.511 E.13905
G1 X106.928 Y99.775 E.15343
G1 X107.318 Y100.268 E.17811
G1 X107.537 Y100.78 E.19998
G1 X107.647 Y101.288 E.22039
G1 X107.616 Y102.015 E.24896
G1 X107.466 Y102.659 E.27492
G1 X107.283 Y103.112 E.2941
G1 X106.889 Y103.725 E.32271
G1 X106.717 Y103.894 E.33218
G1 X106.432 Y104.255 E.35024
G1 X105.724 Y104.572 E.3807
G1 X105.117 Y104.729 E.40532
G1 X104.587 Y104.784 E.42624
G1 X103.812 Y104.666 E.45702
G1 X103.351 Y104.496 E.47631
G1 X102.855 Y104.223 E.49854
G1 X102.433 Y103.854 E.52055
G1 X102.1 Y103.41 E.54234
G1 X101.825 Y102.919 E.56444
G1 X101.659 Y102.386 E.58636
G1 X101.594 Y101.494 E.62148
G1 X101.663 Y100.897 E.64508
G1 X101.845 Y100.369 E.66701
G1 X102.066 Y100.03 E.6829
G1 X102.431 Y99.533 E.70711
G1 X102.907 Y99.064 E.73335
G1 X103.4 Y98.622 E.75935
G1 X103.337 Y98.191 F7800
G1 F884.349
G1 X104.269 Y97.99 E.79679
G1 X104.603 Y97.955 E.80998
G1 X104.908 Y98.078 E.82289
G1 X105.623 Y98.466 E.85483
G1 X106.336 Y98.785 E.8855
G1 X106.938 Y99.198 E.91417
G1 X107.36 Y99.636 E.93805
G1 X107.674 Y100.065 E.95892
G1 X107.928 Y100.658 E.98425
G1 X108.054 Y101.267 E1.00867
G1 X108.053 Y101.617 E1.02241
G1 X107.992 Y102.272 E1.04824
G1 X107.799 Y102.991 E1.07747
G1 X107.638 Y103.314 E1.09164
G1 X107.207 Y103.984 E1.12292
G1 X107.003 Y104.184 E1.13414
G1 X106.71 Y104.563 E1.15295
G1 X106.511 Y104.703 E1.1625
G1 X106.327 Y104.757 E1.17003
G1 X105.86 Y104.957 E1.18998
G1 X105.19 Y105.13 E1.21715
G1 X104.577 Y105.194 E1.24135
G1 X103.71 Y105.062 E1.27578
G1 X102.953 Y104.752 E1.3079
G1 X102.429 Y104.424 E1.33217
G1 X102.01 Y103.969 E1.35646
G1 X101.714 Y103.562 E1.37622
G1 X101.444 Y103.067 E1.39836
G1 X101.259 Y102.469 E1.42294
G1 X101.205 Y101.972 E1.44257
G1 X101.187 Y101.342 E1.46732
G1 X101.266 Y100.807 E1.48855
G1 X101.482 Y100.181 E1.51455
G1 X101.808 Y99.68 E1.53802
G1 X102.131 Y99.257 E1.55892
G1 X102.628 Y98.768 E1.5863
G1 X103.25 Y98.21 E1.61911
G1 X103.279 Y98.204 E1.62027
G1 X103.241 Y97.814 F7800
;TYPE:External perimeter
G1 F884.349
G1 X103.358 Y97.718 E1.62621
G1 X103.998 Y97.602 E1.65175
G1 X104.575 Y97.752 E1.67516
G1 X105.019 Y97.834 E1.69289
G1 X106.073 Y98.384 E1.73957
G1 X106.697 Y98.474 E1.76432
G1 X107.33 Y98.883 E1.79391
G1 X107.794 Y99.302 E1.81846
G1 X108.003 Y99.951 E1.84523
G1 X108.225 Y100.514 E1.86899
G1 X108.526 Y101.193 E1.89815
G1 X108.427 Y101.421 E1.90791
G1 X108.605 Y102.009 E1.93203
G1 X108.378 Y102.732 E1.96178
G1 X108.076 Y103.257 E1.98556
G1 X107.976 Y103.74 E2.00493
G1 X107.711 Y104.179 E2.02506
G1 X106.806 Y104.866 E2.06967
G1 X106.416 Y105.264 E2.09155
G1 X105.776 Y105.39 E2.11716
G1 X105.187 Y105.734 E2.14394
G1 X104.68 Y105.566 E2.16491
G1 X103.97 Y105.625 E2.19288
G1 X103.329 Y105.318 E2.22079
G1 X102.835 Y105.026 E2.24332
G1 X102.149 Y104.775 E2.272
G1 X101.758 Y104.455 E2.29184
G1 X101.117 Y103.606 E2.33361
G1 X101.095 Y102.999 E2.35746
G1 X100.851 Y102.555 E2.37735
G1 X100.831 Y101.861 E2.40461
G1 X100.755 Y101.309 E2.42649
G1 X100.717 Y100.648 E2.45249
G1 X101.088 Y100.086 E2.47893
G1 X101.313 Y99.455 E2.50523
G1 X101.674 Y98.889 E2.53159
G1 X102.879 Y98.11 E2.58793
G1 X103.195 Y97.852 E2.60395
G1 X103.561 Y97.692 F7800
G92 E0
G1 X102.392 Y99.878
;TYPE:Solid infill
;WIDTH:0.38292
G1 F1058.823
G1 X103.045 Y99.21 E.03063
G1 X103.521 Y98.76 E.05211
;WIDTH:0.41646
G1 F963.754
G1 X103.7 Y98.782 E.05861
;WIDTH:0.449999
G1 F884.349
G1 X103.879 Y98.805 E.0657
G1 X102.08 Y100.603 E.16557
G1 X101.872 Y100.766 E.17595
;WIDTH:0.38292
G1 F1058.823
G1 X101.791 Y101.084 E.18671
;WIDTH:0.41646
G1 F963.754
G1 X101.846 Y101.221 E.19203
;WIDTH:0.449999
G1 F884.349
G1 X101.901 Y101.358 E.19783
G1 X104.559 Y98.7 E.34542
G1 X104.932 Y98.903 E.36209
G1 X101.916 Y101.919 E.52956
G1 X101.99 Y102.421 E.54948
G1 X105.309 Y99.102 E.73378
G1 X105.705 Y99.282 E.75086
G1 X102.132 Y102.855 E.94926
G1 X102.341 Y103.221 E.96581
G1 X106.085 Y99.477 E1.17371
G1 X106.427 Y99.711 E1.18998
G1 X102.587 Y103.551 E1.40321
G1 X102.863 Y103.851 E1.41922
G1 X106.717 Y99.996 E1.63325
G1 X106.974 Y100.315 E1.64933
G1 X103.207 Y104.083 E1.85853
G1 X103.602 Y104.263 E1.87557
G1 X107.169 Y100.696 E2.07364
G1 X107.302 Y101.139 E2.0918
G1 X104.048 Y104.393 E2.27249
G1 X104.548 Y104.469 E2.29235
G1 X107.341 Y101.676 E2.44744
G1 X107.23 Y102.362 E2.47473
G1 X105.2 Y104.392 E2.58745
G1 X106.223 Y103.985 F7800
;WIDTH:0.50654
G1 F776.498
G1 X106.64 Y103.536 E2.61485
;LAYER_CHANGE
;Z:20.95
;HEIGHT:0.200001
G92 E0
G1 Z20.95 F7800
G1 X103.568 Y98.594
;TYPE:Perimeter
;WIDTH:0.449999
G1 F884.349
G1 X104.53 Y98.399 E.03854
G1 X104.728 Y98.465 E.04673
G1 X105.357 Y98.802 E.07475
G1 X106.129 Y99.148 E.10797
G1 X106.63 Y99.492 E.13183
G1 X106.983 Y99.851 E.1516
G1 X107.28 Y100.258 E.17138
G1 X107.427 Y100.603 E.1861
G1 X107.603 Y101.163 E.20915
G1 X107.591 Y101.881 E.23735
G1 X107.443 Y102.525 E.2633
G1 X107.264 Y102.995 E.28305
G1 X107.016 Y103.355 E.30021
G1 X106.662 Y103.793 E.32232
G1 X106.278 Y104.124 E.34223
G1 X105.823 Y104.401 E.36315
G1 X105.026 Y104.61 E.3955
G1 X104.52 Y104.646 E.41542
G1 X103.873 Y104.56 E.44105
G1 X103.285 Y104.335 E.46577
G1 X102.866 Y104.097 E.48469
G1 X102.457 Y103.737 E.50608
G1 X101.994 Y103.096 E.53713
G1 X101.836 Y102.76 E.55171
G1 X101.647 Y102.186 E.57544
G1 X101.606 Y101.668 E.59584
G1 X101.673 Y100.982 E.6229
G1 X101.891 Y100.331 E.64986
G1 X102.377 Y99.616 E.68381
M73 P82 R4
G1 X102.79 Y99.231 E.70598
G1 X103.513 Y98.614 E.7433
G1 X103.363 Y98.222 F7800
G1 F884.349
G1 X104.271 Y98.017 E.77985
G1 X104.609 Y97.988 E.79317
G1 X104.921 Y98.107 E.80628
G1 X105.524 Y98.431 E.83316
G1 X106.329 Y98.792 E.8678
G1 X106.893 Y99.178 E.89464
G1 X107.295 Y99.587 E.91716
G1 X107.636 Y100.056 E.93993
G1 X107.875 Y100.615 E.9638
G1 X108.009 Y101.102 E.98363
G1 X108.02 Y101.446 E.99714
G1 X107.969 Y102.141 E1.0245
G1 X107.836 Y102.632 E1.04447
G1 X107.622 Y103.193 E1.06805
G1 X107.145 Y103.884 E1.10102
G1 X106.818 Y104.214 E1.11926
G1 X106.376 Y104.567 E1.14147
G1 X105.972 Y104.783 E1.15946
G1 X105.093 Y105.014 E1.19515
G1 X104.507 Y105.054 E1.21821
G1 X103.772 Y104.957 E1.24732
G1 X103.119 Y104.708 E1.27476
G1 X102.63 Y104.429 E1.29687
M73 Q82 S4
G1 X102.149 Y104.006 E1.32202
G1 X101.642 Y103.303 E1.35605
G1 X101.458 Y102.911 E1.37305
G1 X101.245 Y102.266 E1.39972
G1 X101.197 Y101.665 E1.42339
G1 X101.273 Y100.897 E1.45369
G1 X101.522 Y100.149 E1.48464
G1 X102.066 Y99.349 E1.52263
G1 X102.519 Y98.927 E1.54694
G1 X103.312 Y98.25 E1.58788
G1 X103.137 Y97.808 F7800
;TYPE:External perimeter
G1 F884.349
G1 X103.237 Y97.723 E1.59303
G1 X104.424 Y97.452 E1.64084
G1 X105.002 Y97.712 E1.66573
G1 X105.557 Y98.02 E1.69065
G1 X106.315 Y98.136 E1.72076
G1 X106.8 Y98.379 E1.74206
G1 X107.093 Y99.067 E1.77142
G1 X107.942 Y100.008 E1.82118
G1 X108.477 Y100.521 E1.85028
G1 X108.3 Y101.063 E1.87267
G1 X108.478 Y101.607 E1.89514
G1 X108.245 Y102.163 E1.91881
G1 X108.109 Y102.577 E1.93592
G1 X107.836 Y103.233 E1.96382
G1 X107.664 Y103.922 E1.9917
G1 X107.219 Y104.5 E2.02034
G1 X106.832 Y104.873 E2.04144
G1 X106.118 Y105.137 E2.07133
G1 X105.455 Y105.279 E2.09795
G1 X104.376 Y105.298 E2.14032
M73 P83 R4
G1 X103.713 Y105.276 E2.16637
G1 X103.155 Y105.348 E2.18846
G1 X102.71 Y104.965 E2.21151
G1 X102.385 Y104.548 E2.23227
G1 X101.834 Y104.116 E2.25976
G1 X101.32 Y103.629 E2.28756
M73 Q83 S4
G1 X101.064 Y102.99 E2.31459
G1 X100.884 Y102.36 E2.34032
G1 X100.698 Y101.924 E2.35893
G1 X100.807 Y101.279 E2.38461
G1 X100.809 Y100.59 E2.41166
G1 X101.126 Y100.146 E2.43308
G1 X101.735 Y99.418 E2.47035
G1 X101.927 Y98.91 E2.49167
G1 X102.733 Y98.148 E2.53522
G1 X103.091 Y97.847 E2.55358
G1 X103.456 Y97.683 F7800
G92 E0
G1 X102.198 Y103.117
;TYPE:Solid infill
;WIDTH:0.38292
G1 F1058.823
G1 X102.877 Y103.862 E.03306
G1 X104.295 Y104.462 F7800
G1 F1058.823
G1 X103.712 Y104.322 E.05272
;WIDTH:0.41646
G1 F963.754
G1 X103.63 Y104.216 E.05755
;WIDTH:0.449999
G1 F884.349
G1 X103.549 Y104.109 E.06282
G1 X102.151 Y102.711 E.14045
G1 X102.075 Y102.552 E.14737
;WIDTH:0.41646
G1 F963.754
G1 X101.998 Y102.393 E.15374
;WIDTH:0.38292
G1 F1058.823
G1 X102.009 Y102.434 E.15513
G1 X101.938 Y102.453 E.15754
G1 X101.957 Y102.382 E.15995
;WIDTH:0.449999
G1 F884.349
G1 X101.932 Y101.917 E.17823
G1 X104.327 Y104.312 E.31122
G1 X104.904 Y104.313 E.33388
G1 X101.944 Y101.353 E.49824
G1 X102.034 Y100.867 E.51765
G1 X105.371 Y104.204 E.70295
G1 X105.807 Y104.064 E.72093
G1 X102.184 Y100.442 E.92208
G1 X102.417 Y100.099 E.93836
G1 X106.152 Y103.834 E1.14576
G1 X106.459 Y103.565 E1.16179
G1 X102.662 Y99.768 E1.37263
G1 X102.96 Y99.49 E1.38863
G1 X106.718 Y103.248 E1.59731
G1 X106.953 Y102.908 E1.61354
G1 X103.269 Y99.224 E1.81811
G1 X103.579 Y98.958 E1.83415
G1 X107.131 Y102.51 E2.03139
G1 X107.254 Y102.057 E2.04982
G1 X104.004 Y98.808 E2.23026
G1 X104.48 Y98.707 E2.24937
G1 X107.31 Y101.538 E2.40654
G92 E0
G1 X105.558 Y99.264 F7800
;WIDTH:0.373044
G1 F1090.499
G1 X106.828 Y100.56 E.05778
;WIDTH:0.337746
G1 F1200
G1 X107.312 Y101.043 E.07722
G1 X107.068 Y100.397 E.09686
;WIDTH:0.371281
G1 F1096.354
G1 X106.771 Y100.014 E.11221
;WIDTH:0.373044
G1 F1090.499
G1 X106.47 Y99.709 E.12585
G1 X106.006 Y99.388 E.14382
G1 X105.414 Y99.12 E.16451
;LAYER_CHANGE
;Z:21.15
;HEIGHT:0.199999
G1 Z21.15 F7800
G1 X103.699 Y98.599
;TYPE:Perimeter
;WIDTH:0.449999
G1 F884.349
G1 X104.536 Y98.427 E.19806
G1 X104.727 Y98.489 E.20594
G1 X105.237 Y98.763 E.22867
G1 X106.124 Y99.157 E.26678
G1 X106.588 Y99.474 E.28884
G1 X106.92 Y99.804 E.30722
G1 X107.241 Y100.248 E.32873
G1 X107.482 Y100.835 E.35365
G1 X107.655 Y101.657 E.38663
G1 X107.443 Y102.52 E.42152
G1 X107.126 Y103.154 E.44935
G1 X106.683 Y103.702 E.47702
G1 X106.144 Y104.149 E.50451
G1 X105.655 Y104.353 E.52531
G1 X105.117 Y104.495 E.54716
G1 X104.531 Y104.555 E.57029
G1 X104.187 Y104.501 E.58396
G1 X103.654 Y104.376 E.60546
G1 X103.01 Y104.094 E.63306
G1 X102.582 Y103.739 E.65489
G1 X102.108 Y103.2 E.68307
G1 X101.829 Y102.665 E.70676
G1 X101.647 Y102.136 E.72873
G1 X101.59 Y101.525 E.75282
G1 X101.697 Y101.012 E.7734
G1 X101.925 Y100.306 E.80253
G1 X102.34 Y99.701 E.83134
G1 X103.619 Y98.615 E.89722
G1 X103.64 Y98.611 E.89806
G1 X103.456 Y98.235 F7800
G1 F884.349
G1 X104.284 Y98.044 E.93142
G1 X104.609 Y98.018 E.94422
G1 X104.922 Y98.131 E.95729
G1 X105.402 Y98.391 E.97872
G1 X106.323 Y98.8 E1.01829
G1 X106.848 Y99.159 E1.04326
G1 X107.23 Y99.538 E1.06439
G1 X107.598 Y100.046 E1.08902
G1 X107.909 Y100.826 E1.12199
G1 X108.068 Y101.672 E1.15579
G1 X107.962 Y102.178 E1.17609
G1 X107.822 Y102.672 E1.19625
G1 X107.475 Y103.366 E1.22672
G1 X107.194 Y103.755 E1.24556
G1 X106.809 Y104.16 E1.2675
G1 X106.353 Y104.501 E1.28986
G1 X105.67 Y104.776 E1.31877
G1 X105.041 Y104.922 E1.34412
G1 X104.515 Y104.965 E1.36484
G1 X103.833 Y104.858 E1.39195
G1 X103.296 Y104.691 E1.41403
G1 X102.692 Y104.369 E1.44091
G1 X102.306 Y104.038 E1.46088
G1 X101.889 Y103.578 E1.48526
G1 X101.552 Y103.068 E1.50926
G1 X101.366 Y102.604 E1.52889
G1 X101.212 Y102.047 E1.55158
G1 X101.18 Y101.494 E1.57333
G1 X101.303 Y100.907 E1.59688
G1 X101.556 Y100.125 E1.62915
G1 X102.031 Y99.432 E1.66214
G1 X103.4 Y98.253 E1.73308
G1 X103.269 Y97.949 F7800
;TYPE:External perimeter
G1 F884.349
G1 X103.297 Y97.923 E1.73458
G1 X103.84 Y97.661 E1.75825
G1 X104.43 Y97.812 E1.78216
G1 X105.048 Y97.891 E1.80662
G1 X105.748 Y97.934 E1.83416
G1 X106.1 Y98.443 E1.85846
G1 X106.586 Y98.523 E1.8778
G1 X107.05 Y98.916 E1.90168
G1 X107.646 Y99.271 E1.92892
G1 X107.793 Y99.951 E1.95624
G1 X108.185 Y100.53 E1.98369
G1 X108.239 Y101.014 E2.00281
G1 X108.571 Y101.538 E2.02717
G1 X108.477 Y101.965 E2.04434
G1 X108.418 Y102.626 E2.0704
G1 X107.892 Y103.14 E2.09928
G1 X106.926 Y104.558 E2.16665
G1 X106.361 Y105.051 E2.19609
G1 X105.649 Y105.351 E2.22643
G1 X104.892 Y105.417 E2.25627
G1 X104.276 Y105.268 E2.28115
G1 X102.997 Y105.104 E2.33178
G1 X102.467 Y104.793 E2.35591
G1 X101.638 Y104 E2.40095
G1 X101.356 Y103.46 E2.42487
G1 X101.143 Y102.763 E2.45349
G1 X100.725 Y102.357 E2.47637
G1 X100.59 Y101.629 E2.50544
G1 X100.742 Y100.964 E2.53222
G1 X100.949 Y100.372 E2.55684
G1 X101.236 Y99.966 E2.57636
G1 X101.495 Y99.453 E2.59892
G1 X101.934 Y98.961 E2.62481
G1 X102.503 Y98.491 E2.65379
G1 X102.971 Y98.233 E2.67477
G1 X103.225 Y97.991 E2.68855
G1 X103.574 Y97.794 F7800
G1 X103.449 Y98.953
;TYPE:Solid infill
;WIDTH:0.38292
G1 F1058.823
G1 X102.495 Y99.835 E2.73116
G1 X102.011 Y100.893 F7800
G1 F1058.823
G1 X101.939 Y100.874 E2.7336
G1 X101.959 Y100.945 E2.73602
G1 X102 Y100.934 E2.73741
;WIDTH:0.41646
G1 F963.754
G1 X102.073 Y100.775 E2.74371
;WIDTH:0.449999
G1 F884.349
G1 X102.146 Y100.616 E2.75058
G1 X103.897 Y98.864 E2.84784
G1 X104.579 Y98.758 E2.87494
G1 X101.925 Y101.412 E3.02231
G1 X101.927 Y101.986 E3.04485
G1 X104.955 Y98.958 E3.21299
G1 X105.344 Y99.144 E3.22992
G1 X102.062 Y102.427 E3.41219
G1 X102.238 Y102.826 E3.42931
G1 X105.743 Y99.322 E3.62391
G1 X106.118 Y99.522 E3.6406
G1 X102.473 Y103.167 E3.843
G1 X102.743 Y103.473 E3.85902
G1 X106.449 Y99.766 E4.06484
G1 X106.73 Y100.062 E4.08087
G1 X103.045 Y103.747 E4.28549
G1 X103.413 Y103.954 E4.30207
G1 X106.971 Y100.396 E4.49964
G1 X107.145 Y100.798 E4.51684
G1 X103.831 Y104.111 E4.70083
G1 X104.308 Y104.211 E4.71997
G1 X107.289 Y101.229 E4.88553
G1 X107.318 Y101.776 E4.90704
G1 X104.873 Y104.221 E5.04281
G1 X104.898 Y104.296 E5.04591
;WIDTH:0.41646
G1 F963.754
G1 X104.923 Y104.37 E5.04872
;WIDTH:0.38292
G1 F1058.823
G1 X105.47 Y104.242 E5.06714
;WIDTH:0.449999
G1 F884.349
G1 X105.631 Y104.039 E5.07731
G1 X107.164 Y102.488 E5.16294
;WIDTH:0.41646
G1 F963.754
G1 X107.274 Y102.359 E5.16905
;WIDTH:0.38292
G1 F1058.823
G1 X107.233 Y102.37 E5.17044
G1 X107.214 Y102.299 E5.17285
G1 X107.285 Y102.318 E5.17526
;WIDTH:0.449999
G1 F884.349
G1 X106.981 Y103.069 E5.20707
;WIDTH:0.38292
G1 F1058.823
G1 X106.402 Y103.701 E5.23518
G1 X106.057 Y103.999 E5.25013
;LAYER_CHANGE
;Z:21.35
;HEIGHT:0.200001
G92 E0
G1 Z21.35 F7800
G1 X103.774 Y98.587
;TYPE:Perimeter
;WIDTH:0.449999
G1 F884.349
G1 X104.402 Y98.457 E.02518
G1 X104.672 Y98.485 E.03584
G1 X105.115 Y98.723 E.05559
G1 X105.87 Y99.056 E.08799
G1 X106.325 Y99.305 E.10836
G1 X106.702 Y99.606 E.1273
G1 X107.026 Y99.992 E.14709
G1 X107.32 Y100.469 E.16909
G1 X107.588 Y101.069 E.19489
G1 X107.739 Y101.546 E.21454
G1 X107.734 Y101.718 E.2213
G1 X107.562 Y102.359 E.24736
G1 X107.3 Y102.926 E.27188
G1 X106.908 Y103.469 E.29818
G1 X106.468 Y103.926 E.32309
G1 X106.064 Y104.172 E.34166
G1 X105.409 Y104.425 E.36923
G1 X105.116 Y104.467 E.38085
G1 X104.511 Y104.51 E.40466
G1 X103.984 Y104.446 E.4255
G1 X103.48 Y104.284 E.44629
G1 X102.994 Y104.024 E.46793
G1 X102.565 Y103.734 E.48826
G1 X102.208 Y103.336 E.50925
G1 X101.9 Y102.921 E.52954
G1 X101.688 Y102.529 E.54704
G1 X101.537 Y101.975 E.56959
G1 X101.524 Y101.465 E.58962
G1 X101.708 Y100.9 E.61295
G1 X101.938 Y100.314 E.63767
G1 X102.313 Y99.78 E.66329
G1 X102.897 Y99.247 E.69433
G1 X103.373 Y98.904 E.71737
G1 X103.727 Y98.623 E.73512
G1 X103.556 Y98.249 F7800
G1 F884.349
G1 X103.618 Y98.203 E.73815
G1 X104.359 Y98.05 E.76786
G1 X104.774 Y98.077 E.78419
G1 X105.279 Y98.35 E.80673
G1 X106.317 Y98.808 E.85128
G1 X106.805 Y99.139 E.87443
G1 X107.166 Y99.489 E.89417
G1 X107.569 Y100.048 E.92123
G1 X107.969 Y100.925 E.95908
G1 X108.166 Y101.646 E.98843
G1 X108.052 Y102.168 E1.00941
G1 X107.884 Y102.684 E1.03072
G1 X107.648 Y103.14 E1.05088
G1 X107.222 Y103.731 E1.07949
G1 X106.725 Y104.247 E1.10762
G1 X106.244 Y104.539 E1.12971
G1 X105.512 Y104.821 E1.16051
G1 X105.045 Y104.888 E1.17903
G1 X104.498 Y104.918 E1.20054
G1 X103.897 Y104.845 E1.22431
G1 X103.321 Y104.661 E1.24805
G1 X102.802 Y104.383 E1.27117
G1 X102.29 Y104.037 E1.29543
G1 X101.772 Y103.46 E1.32588
G1 X101.422 Y102.93 E1.35082
G1 X101.223 Y102.42 E1.37232
G1 X101.123 Y101.953 E1.39107
G1 X101.12 Y101.392 E1.4131
G1 X101.325 Y100.763 E1.43908
G1 X101.576 Y100.12 E1.46618
G1 X102.005 Y99.509 E1.49549
G1 X102.64 Y98.93 E1.52923
G1 X103.508 Y98.285 E1.57169
G1 X103.245 Y97.77 F7800
M73 P84 R4
;TYPE:External perimeter
G1 F884.349
G1 X103.898 Y97.585 E1.59834
G1 X104.592 Y97.597 E1.62559
G1 X105.262 Y97.662 E1.65202
G1 X106.214 Y98.188 E1.69473
G1 X106.654 Y98.697 E1.72115
M73 Q84 S4
G1 X107.372 Y98.845 E1.74993
G1 X107.75 Y99.374 E1.77546
G1 X107.821 Y99.937 E1.79774
G1 X108.136 Y100.579 E1.82582
G1 X108.382 Y100.992 E1.84469
G1 X108.557 Y101.465 E1.86449
G1 X108.531 Y101.97 E1.88434
G1 X108.241 Y102.632 E1.91272
G1 X108.205 Y103.202 E1.93515
G1 X107.934 Y103.701 E1.95745
G1 X107.605 Y104.065 E1.97672
G1 X106.963 Y104.426 E2.00564
G1 X106.512 Y104.709 E2.02655
G1 X106.192 Y105.163 E2.04836
G1 X105.63 Y105.153 E2.07043
G1 X105.162 Y105.325 E2.09001
G1 X104.631 Y105.244 E2.1111
G1 X104.126 Y105.454 E2.13257
G1 X103.745 Y105.046 E2.15449
G1 X103.059 Y104.976 E2.18157
G1 X102.453 Y104.868 E2.20574
G1 X102.176 Y104.294 E2.23076
G1 X101.659 Y104.016 E2.25381
G1 X101.146 Y103.583 E2.28017
G1 X101.081 Y103.008 E2.30289
G1 X100.898 Y102.567 E2.32164
G1 X100.911 Y101.998 E2.34399
G1 X100.578 Y101.393 E2.37111
G1 X100.921 Y100.751 E2.39969
G1 X100.943 Y100.188 E2.42181
G1 X101.311 Y99.68 E2.44644
G1 X101.826 Y99.308 E2.47138
G1 X102.218 Y98.756 E2.49796
G1 X102.838 Y98.401 E2.52601
G1 X103.166 Y97.792 E2.55317
G1 X103.187 Y97.786 E2.55403
G1 X103.572 Y97.677 F7800
G92 E0
G1 X102.241 Y103.095
;TYPE:Solid infill
;WIDTH:0.38292
G1 F1058.823
G1 X102.955 Y103.801 E.03293
;WIDTH:0.449999
G1 F884.349
G1 X103.499 Y103.948 E.05506
G1 X101.975 Y102.425 E.13966
G1 X101.872 Y102.344 E.14481
;WIDTH:0.41646
G1 F963.754
G1 X101.768 Y102.262 E.14958
;WIDTH:0.38292
G1 F1058.823
G1 X101.667 Y101.771 E.16602
;WIDTH:0.449999
G1 F884.349
G1 X101.82 Y101.694 E.17275
G1 X104.303 Y104.177 E.31063
G1 X104.885 Y104.183 E.33348
G1 X101.925 Y101.223 E.49784
G1 X102.076 Y100.798 E.51555
G1 X105.385 Y104.107 E.69929
G1 X105.8 Y103.947 E.71675
G1 X102.251 Y100.398 E.91382
G1 X102.489 Y100.06 E.93005
G1 X106.176 Y103.747 E1.13478
G1 X106.479 Y103.475 E1.15077
G1 X102.776 Y99.771 E1.35642
G1 X103.077 Y99.496 E1.37243
G1 X106.749 Y103.168 E1.57633
G1 X106.99 Y102.834 E1.5925
G1 X103.41 Y99.254 E1.79129
G1 X103.745 Y99.013 E1.80749
G1 X107.196 Y102.464 E1.99912
G1 X107.345 Y102.038 E2.01684
G1 X104.132 Y98.824 E2.19528
G1 X104.766 Y98.883 E2.22028
G1 X107.413 Y101.53 E2.36726
G92 E0
G1 X105.831 Y99.372 F7800
G1 F884.349
G1 X107.021 Y100.562 E.06608
G1 X107.121 Y100.706 E.07296
;WIDTH:0.41646
G1 F963.754
G1 X107.22 Y100.85 E.07926
;WIDTH:0.38292
G1 F1058.823
G1 X107.225 Y100.679 E.08487
G1 X107.018 Y100.376 E.0969
;WIDTH:0.388786
G1 F1040.866
G1 X106.373 Y99.669 E.12883
G1 X105.734 Y99.18 E.15567
;WIDTH:0.38292
G1 F1058.823
G1 X105.543 Y99.175 E.16194
;LAYER_CHANGE
;Z:21.55
;HEIGHT:0.199999
G1 Z21.55 F7800
G1 X103.903 Y98.61
;TYPE:Perimeter
;WIDTH:0.449999
G1 F884.349
G1 X104.081 Y98.545 E.16938
G1 X104.564 Y98.487 E.18848
G1 X105.934 Y99.095 E.24733
G1 X106.519 Y99.436 E.27392
G1 X106.794 Y99.708 E.28911
G1 X107.312 Y100.4 E.32305
G1 X107.895 Y101.556 E.37389
G1 X107.831 Y102.036 E.3929
G1 X107.655 Y102.566 E.41483
G1 X107.398 Y103.04 E.436
G1 X107.042 Y103.474 E.45804
G1 X106.681 Y103.833 E.47803
G1 X106.208 Y104.138 E.50013
G1 X105.76 Y104.38 E.52012
G1 X105.221 Y104.595 E.54291
G1 X104.708 Y104.63 E.5631
G1 X104.084 Y104.586 E.58766
G1 X103.81 Y104.507 E.59886
G1 X103.374 Y104.339 E.61721
G1 X102.924 Y104.096 E.63729
G1 X102.462 Y103.794 E.65896
G1 X102.007 Y103.318 E.68482
G1 X101.614 Y102.73 E.71259
G1 X101.492 Y102.386 E.72692
G1 X101.346 Y101.85 E.74873
G1 X101.395 Y101.347 E.76857
G1 X101.958 Y100.308 E.81497
G1 X102.277 Y99.857 E.83666
G1 X102.787 Y99.364 E.86451
G1 X103.331 Y99.013 E.88993
G1 X103.823 Y98.64 E.91417
G1 X103.847 Y98.631 E.91518
G1 X103.74 Y98.244 F7800
G1 F884.349
G1 X103.867 Y98.174 E.92087
G1 X104.411 Y98.082 E.94253
G1 X104.81 Y98.121 E.95827
G1 X105.157 Y98.31 E.97378
G1 X106.315 Y98.817 E1.02342
G1 X106.775 Y99.117 E1.04498
G1 X107.102 Y99.44 E1.06303
G1 X107.657 Y100.182 E1.09941
G1 X108.053 Y100.937 E1.13288
G1 X108.294 Y101.475 E1.15603
G1 X108.323 Y101.616 E1.16168
G1 X108.231 Y102.111 E1.18145
G1 X108.029 Y102.73 E1.20702
G1 X107.738 Y103.264 E1.2309
G1 X107.323 Y103.771 E1.25663
G1 X106.934 Y104.154 E1.27806
G1 X106.269 Y104.583 E1.30913
G1 X105.816 Y104.806 E1.32896
G1 X105.3 Y104.998 E1.35058
G1 X104.707 Y105.038 E1.37392
G1 X104.013 Y104.989 E1.40124
G1 X103.697 Y104.898 E1.41415
G1 X103.173 Y104.695 E1.43621
G1 X102.614 Y104.388 E1.46125
G1 X102.194 Y104.102 E1.4812
G1 X101.689 Y103.574 E1.50989
G1 X101.247 Y102.914 E1.54108
G1 X100.991 Y102.189 E1.57127
G1 X100.946 Y101.699 E1.59059
G1 X101.009 Y101.203 E1.61022
G1 X101.602 Y100.107 E1.65915
G1 X101.966 Y99.591 E1.68394
G1 X102.534 Y99.043 E1.71493
G1 X103.085 Y98.689 E1.74065
G1 X103.497 Y98.376 E1.76097
G1 X103.687 Y98.273 E1.76946
G1 X103.648 Y98.03 F7800
;TYPE:External perimeter
G1 F884.349
G1 X103.713 Y97.985 E1.77256
G1 X104.091 Y97.524 E1.79597
G1 X104.682 Y97.526 E1.81918
G1 X105.182 Y97.838 E1.84232
G1 X105.88 Y98.098 E1.87157
G1 X106.779 Y98.742 E1.91499
G1 X107.402 Y99.068 E1.9426
G1 X107.923 Y99.576 E1.97117
G1 X108.004 Y100.122 E1.99284
G1 X108.249 Y100.818 E2.02181
G1 X108.617 Y101.211 E2.04295
G1 X108.839 Y101.409 E2.05463
G1 X108.757 Y102.146 E2.08375
G1 X108.377 Y103.359 E2.13366
G1 X107.803 Y103.676 E2.15941
G1 X107.548 Y104.051 E2.17722
G1 X107.055 Y104.452 E2.20217
G1 X106.559 Y104.648 E2.22311
G1 X105.544 Y105.289 E2.27025
G1 X104.835 Y105.467 E2.29895
G1 X104.278 Y105.29 E2.3219
G1 X103.635 Y105.419 E2.34765
G1 X103.121 Y105.251 E2.36888
G1 X102.639 Y104.811 E2.39451
G1 X102.156 Y104.506 E2.41694
G1 X101.679 Y103.97 E2.44511
G1 X101.127 Y103.792 E2.46788
G1 X101.09 Y103.084 E2.49572
G1 X100.718 Y102.562 E2.52089
G1 X100.709 Y101.883 E2.54755
G1 X100.569 Y101.22 E2.57416
G1 X100.944 Y100.729 E2.59842
G1 X100.981 Y100.139 E2.62163
G1 X101.529 Y99.756 E2.64788
G1 X101.821 Y99.328 E2.66822
G1 X102.023 Y98.833 E2.68921
G1 X102.616 Y98.36 E2.71899
G1 X103.182 Y98.352 E2.74122
G1 X103.599 Y98.064 E2.76112
G1 X103.878 Y97.777 F7800
G1 X102.91 Y99.52
;TYPE:Solid infill
;WIDTH:0.38292
G1 F1058.823
G1 X102.432 Y99.99 E2.7831
G1 X102.101 Y100.383 E2.79995
;WIDTH:0.449999
G1 F884.349
G1 X101.839 Y101.148 E2.8317
;WIDTH:0.38292
G1 F1058.823
G1 X101.798 Y101.159 E2.83309
G1 X101.779 Y101.088 E2.8355
G1 X101.85 Y101.107 E2.83791
;WIDTH:0.41646
G1 F963.754
G1 X101.937 Y100.969 E2.84379
;WIDTH:0.449999
G1 F884.349
G1 X102.023 Y100.83 E2.85021
G1 X103.856 Y98.998 E2.95197
G1 X104.025 Y98.767 E2.96321
;WIDTH:0.38292
G1 F1058.823
G1 X104.36 Y98.68 E2.97456
;WIDTH:0.41646
G1 F963.754
G1 X104.481 Y98.754 E2.97967
;WIDTH:0.449999
G1 F884.349
G1 X104.602 Y98.827 E2.98522
G1 X101.655 Y101.774 E3.14886
G1 X101.765 Y102.24 E3.16766
G1 X104.991 Y99.015 E3.34677
G1 X105.391 Y99.19 E3.36391
G1 X101.929 Y102.652 E3.55615
G1 X102.16 Y102.997 E3.57245
G1 X105.791 Y99.365 E3.7741
G1 X106.164 Y99.569 E3.79079
G1 X102.422 Y103.31 E3.99855
G1 X102.711 Y103.597 E4.01454
G1 X106.481 Y99.828 E4.22385
G1 X106.739 Y100.145 E4.2399
G1 X103.061 Y103.823 E4.44413
G1 X103.431 Y104.029 E4.46076
G1 X106.986 Y100.474 E4.65816
G1 X107.197 Y100.838 E4.67468
G1 X103.838 Y104.197 E4.8612
G1 X104.314 Y104.297 E4.8803
G1 X107.395 Y101.216 E5.05138
G1 X107.583 Y101.603 E5.06827
G1 X104.874 Y104.313 E5.21872
G92 E0
G1 X107.621 Y102.19 F7800
;WIDTH:0.38292
G1 F1058.823
G1 X107.748 Y101.619 E.01918
;WIDTH:0.449999
G1 F884.349
G1 X107.409 Y102.353 E.05093
G1 X105.686 Y104.076 E.14661
G1 X105.563 Y104.168 E.15264
;WIDTH:0.41646
G1 F963.754
G1 X105.44 Y104.26 E.15817
;WIDTH:0.38292
G1 F1058.823
G1 X105.369 Y104.241 E.16058
G1 X105.388 Y104.312 E.16299
G1 X105.429 Y104.301 E.16438
G1 X106.547 Y103.663 F7800
G1 F1058.823
G1 X107.136 Y103.061 E.192
;LAYER_CHANGE
;Z:21.75
;HEIGHT:0.200001
G92 E0
G1 Z21.75 F7800
G1 X104.025 Y98.614
;TYPE:Perimeter
;WIDTH:0.449999
G1 F884.349
G1 X104.118 Y98.554 E.00435
G1 X104.552 Y98.519 E.02145
G1 X105.97 Y99.121 E.08194
G1 X106.49 Y99.417 E.10543
G1 X107.062 Y100.005 E.13764
G1 X107.844 Y101.11 E.19079
G1 X108.027 Y101.464 E.20644
G1 X108.084 Y101.716 E.21658
G1 X108.006 Y102.159 E.23424
G1 X107.825 Y102.656 E.25501
G1 X107.561 Y103.133 E.27642
G1 X107.231 Y103.586 E.29843
G1 X106.858 Y103.932 E.31841
G1 X106.422 Y104.255 E.33972
G1 X105.285 Y104.906 E.39116
G1 X105.04 Y104.971 E.40111
G1 X104.4 Y105.003 E.42627
G1 X103.888 Y104.917 E.44666
G1 X102.964 Y104.321 E.48983
G1 X102.338 Y103.944 E.51852
G1 X101.979 Y103.59 E.53832
G1 X101.648 Y103.183 E.55892
G1 X101.444 Y102.78 E.57666
G1 X101.253 Y102.227 E.59963
G1 X101.161 Y101.679 E.62145
G1 X101.259 Y101.236 E.63926
G1 X101.451 Y100.95 E.65279
G1 X102.168 Y99.989 E.69987
G1 X102.727 Y99.431 E.73088
G1 X103.168 Y99.13 E.75184
G1 X103.686 Y98.832 E.7753
G1 X103.974 Y98.647 E.78874
G1 X103.839 Y98.239 F7800
G1 F884.349
G1 X103.865 Y98.222 E.78996
G1 X104.216 Y98.117 E.80435
G1 X104.702 Y98.135 E.82345
G1 X106.314 Y98.827 E.89233
G1 X106.746 Y99.097 E.91233
M73 P85 R4
G1 X107.377 Y99.746 E.94787
G1 X108.176 Y100.874 E1.00215
G1 X108.454 Y101.422 E1.02628
M73 Q85 S4
G1 X108.49 Y101.743 E1.03896
G1 X108.404 Y102.244 E1.05892
G1 X108.201 Y102.813 E1.08264
G1 X107.908 Y103.344 E1.10645
G1 X107.533 Y103.861 E1.13153
G1 X107.119 Y104.246 E1.15373
G1 X106.645 Y104.596 E1.17687
G1 X105.7 Y105.138 E1.21964
G1 X105.227 Y105.361 E1.24017
G1 X104.901 Y105.394 E1.25304
G1 X104.371 Y105.411 E1.27386
G1 X103.806 Y105.316 E1.29636
G1 X103.411 Y105.099 E1.31406
G1 X102.962 Y104.785 E1.33557
G1 X102.429 Y104.491 E1.35947
G1 X101.882 Y104.105 E1.38576
G1 X101.303 Y103.402 E1.42152
G1 X101.028 Y102.833 E1.44633
G1 X100.855 Y102.312 E1.46789
G1 X100.751 Y101.65 E1.4942
G1 X100.876 Y101.087 E1.51684
G1 X101.13 Y100.699 E1.53505
G1 X101.857 Y99.724 E1.5828
G1 X102.345 Y99.236 E1.6099
G1 X102.73 Y98.911 E1.62968
G1 X103.423 Y98.516 E1.661
G1 X103.789 Y98.273 E1.67825
G1 X103.639 Y97.835 F7800
;TYPE:External perimeter
G1 F884.349
G1 X104.055 Y97.651 E1.69611
G1 X104.766 Y97.695 E1.72408
G1 X105.277 Y97.903 E1.74574
G1 X105.755 Y98.158 E1.76701
G1 X106.27 Y98.511 E1.79153
G1 X107.433 Y98.946 E1.84028
G1 X107.561 Y99.482 E1.86192
G1 X108.003 Y99.865 E1.88488
G1 X108.764 Y100.758 E1.93095
G1 X108.792 Y101.415 E1.95677
G1 X108.837 Y101.887 E1.97539
G1 X108.73 Y102.469 E1.99862
G1 X108.545 Y102.922 E2.01783
G1 X108.136 Y103.399 E2.0425
G1 X107.589 Y104.27 E2.08288
G1 X107.253 Y104.601 E2.1014
G1 X106.866 Y105.159 E2.12806
G1 X106.04 Y105.212 E2.16056
G1 X105.704 Y105.731 E2.18484
;TYPE:Overhang perimeter
;WIDTH:0.4
;HEIGHT:0.4
M106 S204
G1 F572.958
G1 X105.686 Y105.758 E2.18681
G1 X105.656 Y105.749 E2.18871
M107
;TYPE:External perimeter
;WIDTH:0.449999
;HEIGHT:0.2
G1 F884.349
G1 X105.139 Y105.594 E2.2099
G1 X104.591 Y105.69 E2.23174
G1 X104.008 Y105.828 E2.25526
;TYPE:Overhang perimeter
;WIDTH:0.4
;HEIGHT:0.4
M106 S204
G1 F572.958
G1 X103.903 Y105.853 E2.2618
G1 X103.613 Y105.725 E2.28101
M107
;TYPE:External perimeter
;WIDTH:0.449999
;HEIGHT:0.2
G1 F884.349
G1 X103.364 Y105.615 E2.2917
G1 X102.837 Y105.295 E2.31591
G1 X102.484 Y105.022 E2.33343
G1 X101.901 Y104.834 E2.35748
G1 X101.515 Y104.287 E2.38377
G1 X101.066 Y103.775 E2.41051
G1 X100.657 Y103.405 E2.43217
G1 X100.489 Y102.943 E2.45147
G1 X100.577 Y102.327 E2.4759
G1 X100.381 Y101.712 E2.50124
G1 X100.635 Y101.206 E2.52347
G1 X100.782 Y100.676 E2.54507
G1 X100.934 Y100.016 E2.57166
G1 X101.516 Y99.711 E2.59746
G1 X101.694 Y99.242 E2.61716
G1 X102.109 Y98.75 E2.64243
G1 X102.796 Y98.457 E2.67176
G1 X103.239 Y98.196 E2.69195
G1 X103.574 Y97.864 E2.71047
G1 X103.584 Y97.859 E2.71091
G1 X103.95 Y97.697 F7800
G92 E0
G1 X101.792 Y103.096
;TYPE:Solid infill
;WIDTH:0.38292
G1 F1058.823
G1 X102.307 Y103.661 E.02507
G1 X102.574 Y103.898 E.03678
G1 X103.472 Y104.275 F7800
G1 F1058.823
G1 X103.483 Y104.316 E.03817
G1 X103.412 Y104.335 E.04058
G1 X103.431 Y104.264 E.04299
;WIDTH:0.41646
G1 F963.754
G1 X103.292 Y104.171 E.04902
;WIDTH:0.449999
G1 F884.349
G1 X103.154 Y104.077 E.05558
G1 X101.718 Y102.641 E.13532
G1 X101.638 Y102.484 E.14224
;WIDTH:0.41646
G1 F963.754
G1 X101.559 Y102.326 E.1486
;WIDTH:0.38292
G1 F1058.823
G1 X101.57 Y102.367 E.14999
G1 X101.499 Y102.386 E.1524
G1 X101.518 Y102.315 E.15481
;WIDTH:0.449999
G1 F884.349
G1 X101.48 Y101.828 E.17399
G1 X104.335 Y104.683 E.33252
G1 X104.905 Y104.677 E.3549
G1 X101.558 Y101.33 E.54075
G1 X101.801 Y100.997 E.55694
G1 X105.331 Y104.528 E.75298
G1 X105.697 Y104.318 E.76955
G1 X102.052 Y100.672 E.97198
G1 X102.293 Y100.338 E.98815
G1 X106.063 Y104.108 E1.19749
G1 X106.413 Y103.882 E1.21385
G1 X102.56 Y100.029 E1.4278
G1 X102.848 Y99.741 E1.44379
G1 X106.736 Y103.629 E1.65968
G1 X107.029 Y103.347 E1.67565
G1 X103.165 Y99.483 E1.89021
G1 X103.532 Y99.274 E1.90679
G1 X107.274 Y103.016 E2.11458
G1 X107.492 Y102.658 E2.13104
G1 X103.892 Y99.059 E2.33091
G1 X104.25 Y98.841 E2.34737
G1 X107.663 Y102.253 E2.53686
G1 X107.773 Y101.788 E2.55562
G1 X105.026 Y99.041 E2.70816
G1 X105.796 Y99.319 F7800
;WIDTH:0.38292
G1 F1058.823
G1 X105.993 Y99.326 E2.71462
G1 X106.345 Y99.6 E2.72925
G1 X106.886 Y100.15 E2.75455
G1 X107.204 Y100.53 E2.7708
;WIDTH:0.38631
G1 F1048.371
G1 X107.226 Y100.71 E2.77681
G1 X107.728 Y101.306 E2.80262
G1 X106.983 Y100.422 F7800
;WIDTH:0.449999
G1 F884.349
G1 X106.084 Y99.523 E2.85254
;LAYER_CHANGE
;Z:21.95
;HEIGHT:0.200001
G92 E0
G1 Z21.95 F7800
G1 X104.209 Y98.593
;TYPE:Perimeter
G1 F884.349
G1 X104.518 Y98.554 E.01223
G1 X104.767 Y98.603 E.02219
G1 X105.985 Y99.137 E.07441
G1 X106.487 Y99.413 E.0969
G1 X106.812 Y99.711 E.11421
G1 X108.009 Y100.984 E.18282
G1 X108.168 Y101.348 E.19842
G1 X108.196 Y101.7 E.21228
G1 X108.115 Y102.157 E.2305
G1 X107.979 Y102.596 E.24855
G1 X107.753 Y103.052 E.26853
G1 X107.238 Y103.739 E.30224
G1 X106.761 Y104.137 E.32663
G1 X105.83 Y104.798 E.37146
G1 X105.201 Y105.124 E.39928
G1 X104.691 Y105.205 E.41956
G1 X104.219 Y105.195 E.4381
G1 X103.812 Y105.061 E.45492
G1 X102.591 Y104.269 E.51206
G1 X102.133 Y103.881 E.53563
G1 X101.779 Y103.485 E.55649
G1 X101.429 Y103.043 E.57863
G1 X101.111 Y102.137 E.61633
G1 X101.045 Y101.592 E.63789
G1 X101.211 Y100.973 E.66305
G1 X101.567 Y100.555 E.68461
G1 X102.021 Y100.075 E.71055
G1 X102.499 Y99.631 E.73617
G1 X103 Y99.24 E.76112
G1 X104.153 Y98.61 E.81271
G1 X104.043 Y98.204 F7800
G1 F884.349
G1 X104.507 Y98.145 E.83108
G1 X104.897 Y98.215 E.84664
G1 X106.149 Y98.765 E.90033
G1 X106.731 Y99.085 E.92641
G1 X107.002 Y99.333 E.94083
G1 X107.862 Y100.244 E.99002
G1 X108.23 Y100.607 E1.01032
G1 X108.488 Y101.019 E1.02941
G1 X108.574 Y101.315 E1.04151
G1 X108.606 Y101.72 E1.05746
G1 X108.476 Y102.449 E1.08654
G1 X108.357 Y102.747 E1.09914
G1 X108.099 Y103.269 E1.122
G1 X107.535 Y104.021 E1.15891
G1 X107.01 Y104.46 E1.18578
G1 X106.042 Y105.146 E1.23236
G1 X105.334 Y105.514 E1.26369
G1 X104.992 Y105.575 E1.27733
G1 X104.45 Y105.631 E1.29872
G1 X103.955 Y105.551 E1.31841
G1 X103.607 Y105.413 E1.33311
G1 X102.351 Y104.598 E1.3919
G1 X101.917 Y104.243 E1.41392
G1 X101.737 Y104.027 E1.42496
G1 X101.375 Y103.654 E1.44537
G1 X101.066 Y103.236 E1.46578
G1 X100.713 Y102.23 E1.50764
G1 X100.632 Y101.572 E1.53367
G1 X100.749 Y101.044 E1.5549
G1 X100.87 Y100.746 E1.56753
G1 X101.264 Y100.283 E1.5914
G1 X101.735 Y99.786 E1.61829
G1 X102.222 Y99.333 E1.64441
G1 X102.779 Y98.897 E1.67218
G1 X103.99 Y98.233 E1.72641
G1 X103.901 Y97.876 F7800
;TYPE:External perimeter
G1 F884.349
G1 X104.126 Y97.719 E1.73718
G1 X104.72 Y97.595 E1.76101
G1 X105.252 Y98.073 E1.78909
G1 X105.951 Y98.338 E1.81844
G1 X106.541 Y98.311 E1.84163
G1 X107.017 Y98.808 E1.86865
G1 X107.623 Y99.195 E1.89688
G1 X107.87 Y99.918 E1.92688
G1 X108.343 Y100.137 E1.94735
G1 X108.555 Y100.655 E1.96933
G1 X108.982 Y101.095 E1.9934
G1 X108.915 Y101.758 E2.01956
G1 X108.595 Y103.044 E2.07159
G1 X108.541 Y103.676 E2.0965
G1 X107.442 Y104.405 E2.14828
G1 X107.129 Y104.915 E2.17178
G1 X106.604 Y105.114 E2.19383
G1 X106.055 Y105.604 E2.22272
G1 X105.47 Y106.086 E2.25248
G1 X104.993 Y106.135 E2.27131
G1 X104.469 Y106.14 E2.29189
G1 X103.778 Y105.902 E2.32059
G1 X103.235 Y105.449 E2.34836
G1 X102.744 Y105.183 E2.37029
G1 X102.367 Y104.922 E2.38829
G1 X101.63 Y104.75 E2.41801
G1 X101.244 Y104.277 E2.44198
G1 X100.816 Y103.858 E2.4655
G1 X100.547 Y103.249 E2.49164
G1 X100.459 Y102.58 E2.51813
G1 X100.13 Y102.004 E2.54418
G1 X100.256 Y101.401 E2.56837
G1 X100.588 Y100.796 E2.59547
G1 X101.132 Y99.973 E2.63421
G1 X101.677 Y99.49 E2.6628
G1 X101.939 Y98.841 E2.69028
G1 X102.57 Y98.768 E2.71522
G1 X102.895 Y98.207 E2.74068
G1 X103.626 Y98.068 E2.7699
G1 X103.852 Y97.91 E2.78073
G1 X104.203 Y97.719 F7800
G92 E0
G1 X102.754 Y99.652
;TYPE:Solid infill
;WIDTH:0.38292
G1 F1058.823
G1 X101.713 Y100.684 E.04807
G1 X101.312 Y101.133 E.06781
;WIDTH:0.449999
G1 F884.349
G1 X101.395 Y101.421 E.07958
G1 X103.503 Y99.313 E.19663
G1 X103.661 Y99.22 E.20383
;WIDTH:0.41646
G1 F963.754
G1 X103.819 Y99.127 E.21044
;WIDTH:0.38292
G1 F1058.823
G1 X103.778 Y99.138 E.21183
G1 X103.759 Y99.067 E.21424
G1 X103.83 Y99.086 E.21665
;WIDTH:0.449999
G1 F884.349
G1 X104.532 Y98.86 E.24561
G1 X101.401 Y101.991 E.41947
G1 X101.538 Y102.43 E.43753
G1 X104.945 Y99.023 E.62672
G1 X105.347 Y99.196 E.6439
G1 X101.687 Y102.856 E.84713
G1 X101.923 Y103.196 E.86338
G1 X105.75 Y99.369 E1.07589
G1 X106.135 Y99.56 E1.09276
G1 X102.206 Y103.489 E1.31093
G1 X102.484 Y103.786 E1.3269
G1 X106.464 Y99.806 E1.5479
G1 X106.752 Y100.095 E1.56392
G1 X102.804 Y104.043 E1.78315
G1 X103.153 Y104.269 E1.79948
G1 X107.029 Y100.393 E2.01471
G1 X107.306 Y100.692 E2.03071
G1 X103.502 Y104.496 E2.24194
G1 X103.851 Y104.722 E2.25827
G1 X107.603 Y100.97 E2.46661
G1 X107.835 Y101.314 E2.4829
M73 P86 R4
M73 Q86 S4
G1 X104.258 Y104.891 E2.68153
G1 X104.848 Y104.877 E2.7047
G1 X107.856 Y101.868 E2.87176
G1 X107.465 Y102.878 F7800
;WIDTH:0.546646
G1 F714.674
G1 X107.294 Y103.075 E2.88443
;WIDTH:0.583744
G1 F665.651
G1 X107.123 Y103.272 E2.89804
;WIDTH:0.620842
G1 F622.921
G1 X106.953 Y103.469 E2.91254
G1 X106.745 Y103.658 E2.92821
;WIDTH:0.595692
G1 F651.263
G1 X106.538 Y103.847 E2.94316
;WIDTH:0.570542
G1 F682.307
G1 X106.326 Y104.027 E2.95731
;WIDTH:0.523653
G1 F748.856
G1 X106.113 Y104.206 E2.97021
;WIDTH:0.476764
G1 F829.791
G1 X105.9 Y104.386 E2.98188
;WIDTH:0.429875
G1 F930.341
G1 X105.688 Y104.565 E2.99224
;LAYER_CHANGE
;Z:22.15
;HEIGHT:0.199999
G92 E0
G1 Z22.15 F7800
G1 X104.144 Y98.689
;TYPE:Perimeter
;WIDTH:0.449999
G1 F884.349
G1 X104.544 Y98.625 E.01591
G1 X105.183 Y98.795 E.04187
G1 X105.974 Y99.136 E.07569
G1 X106.489 Y99.41 E.0986
G1 X107.755 Y100.389 E.16144
G1 X108.082 Y100.743 E.18036
G1 X108.185 Y101.31 E.20299
G1 X108.163 Y101.751 E.22033
G1 X108.007 Y102.415 E.24711
G1 X107.76 Y102.961 E.27064
G1 X107.44 Y103.435 E.2931
G1 X107.048 Y103.889 E.31665
G1 X106.482 Y104.346 E.34521
G1 X105.867 Y104.806 E.37537
G1 X105.339 Y105.137 E.39984
G1 X105.026 Y105.235 E.41272
G1 X104.494 Y105.314 E.43384
G1 X103.929 Y105.154 E.4569
G1 X103.594 Y104.961 E.47208
G1 X103.152 Y104.672 E.49282
G1 X102.341 Y104.043 E.53312
G1 X101.63 Y103.242 E.57517
G1 X101.386 Y102.872 E.59257
G1 X101.172 Y102.27 E.61766
G1 X101.043 Y101.72 E.63984
G1 X101.03 Y101.245 E.6585
G1 X101.133 Y100.832 E.67521
G1 X101.306 Y100.546 E.68833
G1 X102.58 Y99.521 E.75253
G1 X103.153 Y99.171 E.77889
G1 X104.089 Y98.712 E.81982
G1 X103.988 Y98.314 F7800
G1 F884.349
G1 X104.027 Y98.297 E.82149
G1 X104.564 Y98.214 E.84283
G1 X104.821 Y98.263 E.8531
G1 X105.326 Y98.414 E.8738
G1 X105.98 Y98.695 E.90175
G1 X106.492 Y98.942 E.92407
G1 X106.924 Y99.238 E.94463
G1 X107.682 Y99.836 E.98254
G1 X108.012 Y100.069 E.9984
G1 X108.4 Y100.464 E1.02014
G1 X108.499 Y100.713 E1.03066
G1 X108.59 Y101.232 E1.05135
G1 X108.605 Y101.614 E1.06636
G1 X108.455 Y102.375 E1.09682
G1 X108.281 Y102.853 E1.11679
G1 X108.026 Y103.325 E1.13785
G1 X107.674 Y103.804 E1.16119
G1 X107.328 Y104.186 E1.18143
G1 X106.731 Y104.667 E1.21153
G1 X106.097 Y105.141 E1.24261
G1 X105.511 Y105.51 E1.2698
G1 X104.968 Y105.68 E1.29214
G1 X104.456 Y105.727 E1.31233
G1 X103.769 Y105.532 E1.34037
G1 X103.39 Y105.313 E1.35756
G1 X102.926 Y105.01 E1.37932
G1 X102.058 Y104.337 E1.42245
G1 X101.183 Y103.353 E1.47415
G1 X101.013 Y103.038 E1.4882
G1 X100.84 Y102.552 E1.50846
G1 X100.683 Y102.002 E1.53092
G1 X100.604 Y101.412 E1.55429
G1 X100.674 Y100.929 E1.57345
G1 X100.853 Y100.452 E1.59345
G1 X100.994 Y100.284 E1.60206
G1 X101.392 Y99.936 E1.62282
G1 X102.334 Y99.195 E1.66988
G1 X102.757 Y98.92 E1.68969
G1 X103.531 Y98.511 E1.72406
G1 X103.933 Y98.338 E1.74124
G1 X103.844 Y97.982 F7800
;TYPE:External perimeter
G1 F884.349
G1 X104.261 Y97.947 E1.75767
G1 X104.837 Y97.765 E1.78139
G1 X105.403 Y98.218 E1.80986
G1 X106.228 Y98.165 E1.84232
G1 X106.877 Y98.541 E1.87177
G1 X107.366 Y99.137 E1.90204
G1 X107.889 Y99.265 E1.92318
G1 X108.355 Y99.711 E1.94851
G1 X108.66 Y100.042 E1.96618
G1 X109.07 Y100.603 E1.99346
G1 X109.054 Y101.175 E2.01593
G1 X108.916 Y101.673 E2.03622
G1 X108.959 Y102.217 E2.05765
G1 X108.849 Y102.933 E2.08609
M73 P86 R3
G1 X108.433 Y103.247 E2.10655
G1 X107.998 Y103.812 E2.13455
G1 X107.917 Y104.438 E2.15933
G1 X107.284 Y104.774 E2.18747
G1 X106.824 Y105.202 E2.21214
G1 X106.276 Y105.411 E2.23517
G1 X105.647 Y105.779 E2.26378
G1 X105.066 Y106.088 E2.28962
G1 X104.576 Y106.012 E2.30909
G1 X103.95 Y106.199 E2.33474
G1 X103.452 Y105.651 E2.36381
G1 X102.821 Y105.416 E2.39025
G1 X101.435 Y104.086 E2.46567
G1 X100.896 Y103.917 E2.48785
G1 X100.854 Y103.225 E2.51507
G1 X100.506 Y102.851 E2.53513
G1 X100.348 Y102.133 E2.564
G1 X100.402 Y101.463 E2.59039
G1 X100.358 Y100.887 E2.61307
M73 Q86 S3
G1 X100.481 Y100.365 E2.63413
G1 X100.963 Y99.861 E2.66151
G1 X101.279 Y99.248 E2.68859
G1 X101.917 Y98.844 E2.71824
G1 X102.464 Y98.403 E2.74583
G1 X103.098 Y98.122 E2.77306
G1 X103.59 Y98.003 E2.79294
G1 X103.784 Y97.987 E2.80058
G1 X104.183 Y97.953 F7800
G92 E0
G1 X101.658 Y103.022
;TYPE:Solid infill
;WIDTH:0.38292
G1 F1058.823
G1 X102.482 Y103.895 E.03937
G1 X103.121 Y104.462 E.06739
G1 X103.982 Y104.839 F7800
G1 F1058.823
G1 X103.993 Y104.88 E.06878
G1 X103.922 Y104.899 E.07119
G1 X103.941 Y104.828 E.0736
;WIDTH:0.41646
G1 F963.754
G1 X103.803 Y104.737 E.07956
;WIDTH:0.449999
G1 F884.349
G1 X103.664 Y104.646 E.08608
G1 X101.61 Y102.591 E.20016
G1 X101.537 Y102.434 E.20696
;WIDTH:0.41646
G1 F963.754
G1 X101.463 Y102.276 E.21325
;WIDTH:0.38292
G1 F1058.823
G1 X101.474 Y102.317 E.21464
G1 X101.403 Y102.336 E.21705
G1 X101.422 Y102.265 E.21946
;WIDTH:0.449999
G1 F884.349
G1 X101.363 Y101.769 E.23907
G1 X104.593 Y104.999 E.41843
G1 X105.071 Y104.901 E.43759
G1 X101.347 Y101.178 E.64435
G1 X101.516 Y100.771 E.66165
G1 X105.451 Y104.706 E.88015
G1 X105.797 Y104.476 E.89646
G1 X101.818 Y100.497 E1.11741
G1 X102.139 Y100.242 E1.13351
G1 X106.127 Y104.23 E1.35496
G1 X106.451 Y103.978 E1.37108
G1 X102.482 Y100.009 E1.59147
G1 X102.794 Y99.746 E1.60749
G1 X106.77 Y103.722 E1.82827
G1 X107.053 Y103.429 E1.84426
G1 X103.145 Y99.521 E2.06127
G1 X103.526 Y99.326 E2.07808
G1 X107.304 Y103.105 E2.28789
G1 X107.526 Y102.751 E2.3043
G1 X103.907 Y99.131 E2.50529
G1 X104.307 Y98.956 E2.52243
G1 X107.704 Y102.353 E2.71106
G1 X107.823 Y101.896 E2.7296
G1 X104.98 Y99.053 E2.88747
G1 X106.285 Y99.707 F7800
;WIDTH:0.58875
G1 F659.546
G1 X106.502 Y99.901 E2.90279
;WIDTH:0.619992
G1 F623.839
G1 X106.718 Y100.096 E2.91899
;WIDTH:0.622688
G1 F620.938
G1 X106.735 Y100.11 E2.92022
;WIDTH:0.621202
G1 F622.534
G1 X106.803 Y100.131 E2.92419
;WIDTH:0.579201
G1 F671.29
G1 X106.871 Y100.153 E2.92789
;WIDTH:0.5372
G1 F728.332
G1 X106.939 Y100.174 E2.93128
;WIDTH:0.495199
G1 F795.969
G1 X107.007 Y100.195 E2.93438
;WIDTH:0.453198
G1 F877.454
G1 X107.075 Y100.217 E2.93721
;WIDTH:0.411197
G1 F977.525
G1 X107.143 Y100.238 E2.93974
;WIDTH:0.398963
G1 F1011.114
G1 X107.579 Y100.609 E2.9594
G1 X107.844 Y100.922 E2.97348
;WIDTH:0.394901
G1 F1022.783
G1 X107.913 Y101.449 E2.99152
G1 X107.729 Y101.266 E3.00033
;WIDTH:0.398963
G1 F1011.114
G1 X106.926 Y100.48 E3.03892
;WIDTH:0.412197
G1 F974.88
G1 X106.893 Y100.417 E3.04145
;WIDTH:0.455197
G1 F873.201
G1 X106.86 Y100.354 E3.04428
;WIDTH:0.498197
G1 F790.728
G1 X106.828 Y100.291 E3.04738
;LAYER_CHANGE
;Z:22.35
;HEIGHT:0.200001
G92 E0
G1 Z22.35 F7800
G1 X104.3 Y98.737
;TYPE:Perimeter
;WIDTH:0.449999
G1 F884.349
G1 X104.758 Y98.736 E.01798
G1 X105.404 Y98.895 E.0441
G1 X106.155 Y99.193 E.07582
G1 X107.322 Y99.877 E.12893
G1 X107.853 Y100.156 E.15248
G1 X107.971 Y100.301 E.15982
G1 X108.085 Y100.715 E.17668
G1 X108.16 Y101.324 E.20077
G1 X108.074 Y101.967 E.22624
G1 X107.923 Y102.478 E.24716
G1 X107.61 Y103.099 E.27447
G1 X107.254 Y103.576 E.29784
G1 X106.748 Y104.042 E.32485
G1 X105.835 Y104.797 E.37137
G1 X105.246 Y105.143 E.39819
G1 X104.732 Y105.314 E.41946
G1 X104.306 Y105.262 E.43631
G1 X103.829 Y105.053 E.45676
G1 X103.35 Y104.751 E.47899
G1 X102.905 Y104.432 E.50049
G1 X102.413 Y104.019 E.52571
G1 X102.052 Y103.654 E.54587
G1 X101.702 Y103.252 E.5668
G1 X101.432 Y102.829 E.5865
G1 X101.236 Y102.31 E.60828
G1 X101.081 Y101.686 E.63353
G1 X101.051 Y101.081 E.65731
G1 X101.126 Y100.671 E.67368
G1 X101.321 Y100.198 E.69377
G1 X101.569 Y100.035 E.70542
G1 X102.119 Y99.757 E.72962
G1 X103.192 Y99.152 E.77799
G1 X103.739 Y98.897 E.80169
G1 X104.242 Y98.753 E.82223
G1 X104.222 Y98.352 F7800
G1 F884.349
G1 X104.344 Y98.322 E.82716
G1 X104.827 Y98.334 E.84613
G1 X105.528 Y98.506 E.87447
G1 X106.334 Y98.826 E.90852
G1 X107.528 Y99.526 E.96286
G1 X108.064 Y99.806 E.9866
G1 X108.327 Y100.094 E1.00191
G1 X108.406 Y100.295 E1.01039
G1 X108.512 Y100.821 E1.03146
G1 X108.569 Y101.516 E1.05884
G1 X108.475 Y102.04 E1.07974
G1 X108.306 Y102.616 E1.10331
G1 X108.042 Y103.163 E1.12716
G1 X107.694 Y103.667 E1.15121
G1 X107.355 Y104.053 E1.17138
G1 X106.213 Y105.039 E1.23062
G1 X105.574 Y105.449 E1.26043
G1 X104.961 Y105.679 E1.28614
G1 X104.541 Y105.727 E1.30274
G1 X104.098 Y105.621 E1.32063
G1 X103.629 Y105.407 E1.34087
G1 X103.117 Y105.085 E1.36462
G1 X102.649 Y104.748 E1.38726
G1 X102.131 Y104.312 E1.41384
G1 X101.747 Y103.924 E1.43527
G1 X101.35 Y103.463 E1.45916
G1 X101.061 Y102.999 E1.48062
G1 X100.784 Y102.266 E1.51139
G1 X100.675 Y101.737 E1.5326
G1 X100.643 Y101.068 E1.5589
G1 X100.74 Y100.542 E1.5799
G1 X100.972 Y99.986 E1.60356
G1 X101.139 Y99.808 E1.61314
G1 X102.685 Y98.959 E1.68239
G1 X103.297 Y98.654 E1.70924
G1 X103.804 Y98.455 E1.73063
G1 X104.164 Y98.366 E1.74519
G1 X104.163 Y98.046 F7800
;TYPE:External perimeter
G1 F884.349
G1 X104.389 Y97.953 E1.75479
G1 X105.065 Y97.936 E1.78134
G1 X105.593 Y97.969 E1.80211
G1 X106.623 Y98.331 E1.84498
G1 X107.769 Y99.27 E1.90315
G1 X108.224 Y99.535 E1.92382
G1 X108.562 Y99.789 E1.94042
G1 X108.771 Y100.209 E1.95884
G1 X108.947 Y100.751 E1.98122
G1 X108.841 Y101.383 E2.00638
G1 X108.957 Y102.061 E2.03339
G1 X108.591 Y102.586 E2.05852
G1 X108.499 Y103.295 E2.08659
G1 X107.964 Y103.71 E2.11318
G1 X107.59 Y104.31 E2.14094
G1 X107.105 Y104.756 E2.16681
G1 X106.718 Y105.18 E2.18935
G1 X106.158 Y105.643 E2.21788
G1 X105.473 Y105.756 E2.24514
G1 X105.021 Y105.924 E2.26407
G1 X104.374 Y106.255 E2.29261
G1 X103.257 Y105.626 E2.34294
G1 X102.74 Y105.125 E2.37121
G1 X102.092 Y104.801 E2.39966
G1 X101.57 Y104.577 E2.42196
G1 X101.329 Y103.993 E2.44677
G1 X100.934 Y103.583 E2.46912
G1 X100.665 Y102.913 E2.49747
G1 X100.253 Y102.282 E2.52706
G1 X100.437 Y101.771 E2.54839
G1 X100.144 Y101.076 E2.578
G1 X100.366 Y100.508 E2.60195
G1 X100.368 Y99.934 E2.62449
G1 X100.898 Y99.704 E2.64718
G1 X101.281 Y99.12 E2.6746
G1 X101.804 Y98.85 E2.69771
G1 X102.48 Y98.744 E2.72458
G1 X102.842 Y98.389 E2.74449
G1 X103.408 Y98.357 E2.76675
G1 X104.107 Y98.069 E2.79643
G1 X104.493 Y97.963 F7800
G92 E0
G1 X102.133 Y100.094
;TYPE:Solid infill
G1 F884.349
G1 X101.393 Y100.834 E.04109
G1 X101.374 Y101.429 E.06446
G1 X103.422 Y99.381 E.17818
G1 X104.334 Y99.045 F7800
G1 F884.349
G1 X101.443 Y101.935 E.33869
G1 X101.585 Y102.37 E.35666
M73 P87 R3
G1 X104.875 Y99.079 E.53938
G1 X105.334 Y99.196 E.55798
M73 Q87 S3
G1 X101.752 Y102.778 E.75688
G1 X101.986 Y103.12 E.77315
G1 X105.747 Y99.359 E.98199
G1 X106.142 Y99.539 E.99903
G1 X102.257 Y103.425 E1.21479
G1 X102.54 Y103.717 E1.23076
G1 X106.505 Y99.752 E1.45093
G1 X106.868 Y99.965 E1.46746
G1 X102.844 Y103.989 E1.69091
G1 X103.162 Y104.247 E1.70699
G1 X107.231 Y100.178 E1.93294
G1 X107.608 Y100.376 E1.94966
G1 X103.501 Y104.484 E2.17774
G1 X103.847 Y104.712 E2.19401
G1 X107.785 Y100.775 E2.41265
G1 X107.855 Y101.281 E2.43271
G1 X104.225 Y104.911 E2.63428
G1 X104.704 Y105.007 E2.65346
G1 X107.768 Y101.943 E2.8236
G1 X107.354 Y102.932 F7800
;WIDTH:0.488695
G1 F807.582
G1 X107.175 Y103.139 E2.83537
;WIDTH:0.528038
G1 F742.087
G1 X106.996 Y103.346 E2.84818
G1 X106.497 Y103.822 E2.88045
;WIDTH:0.495832
G1 F794.856
G1 X106.145 Y104.149 E2.90144
;WIDTH:0.460511
G1 F862.087
G1 X105.793 Y104.476 E2.92079
;LAYER_CHANGE
;Z:22.55
;HEIGHT:0.199999
G92 E0
G1 Z22.55 F7800
G1 X104.588 Y98.763
;TYPE:Perimeter
;WIDTH:0.449999
G1 F884.349
G1 X104.908 Y98.799 E.01264
G1 X105.424 Y98.908 E.03335
G1 X106.238 Y99.201 E.06732
G1 X107.713 Y99.799 E.12981
G1 X107.827 Y99.89 E.13554
G1 X107.99 Y100.368 E.15537
G1 X108.104 Y101.12 E.18523
G1 X108.098 Y101.501 E.20019
G1 X108.001 Y102.084 E.2234
G1 X107.822 Y102.608 E.24514
G1 X107.539 Y103.093 E.26719
G1 X107.178 Y103.563 E.29046
G1 X106.715 Y104.004 E.31557
G1 X105.885 Y104.687 E.35778
G1 X105.343 Y105.039 E.38316
G1 X104.903 Y105.199 E.40154
G1 X104.513 Y105.239 E.41693
G1 X104.013 Y105.089 E.43743
G1 X103.515 Y104.793 E.46018
G1 X103.083 Y104.495 E.48079
G1 X102.472 Y103.979 E.51219
G1 X102.083 Y103.594 E.53368
G1 X101.721 Y103.176 E.55539
G1 X101.45 Y102.735 E.57571
G1 X101.229 Y102.145 E.60045
G1 X101.125 Y101.643 E.62058
G1 X101.107 Y101.066 E.64325
G1 X101.163 Y100.495 E.66578
G1 X101.377 Y99.944 E.68899
G1 X101.443 Y99.854 E.69337
G1 X102.479 Y99.469 E.73677
G1 X103.587 Y98.96 E.78465
G1 X104.529 Y98.774 E.82235
G1 X104.581 Y98.352 F7800
G1 F884.349
G1 X104.973 Y98.397 E.83784
G1 X105.535 Y98.516 E.8604
G1 X106.385 Y98.821 E.89586
G1 X107.998 Y99.473 E.96417
G1 X108.185 Y99.679 E.97509
G1 X108.379 Y100.248 E.99869
G1 X108.51 Y101.086 E1.03199
G1 X108.503 Y101.547 E1.05009
G1 X108.393 Y102.196 E1.07594
G1 X108.188 Y102.789 E1.10058
G1 X107.877 Y103.32 E1.12474
G1 X107.481 Y103.836 E1.15028
G1 X106.985 Y104.309 E1.17719
G1 X106.126 Y105.016 E1.22087
G1 X105.66 Y105.318 E1.24267
G1 X105.171 Y105.561 E1.26411
G1 X104.813 Y105.632 E1.27844
G1 X104.442 Y105.642 E1.29301
G1 X103.849 Y105.465 E1.31731
G1 X103.289 Y105.132 E1.34289
G1 X102.831 Y104.815 E1.36476
G1 X102.191 Y104.273 E1.39769
G1 X101.779 Y103.865 E1.42046
G1 X101.397 Y103.422 E1.44343
G1 X101.079 Y102.906 E1.46723
G1 X100.837 Y102.258 E1.49439
G1 X100.719 Y101.691 E1.51713
G1 X100.7 Y101.079 E1.54117
G1 X100.741 Y100.581 E1.56079
G1 X100.834 Y100.217 E1.57554
G1 X101.097 Y99.608 E1.60159
G1 X101.271 Y99.471 E1.61029
G1 X102.304 Y99.101 E1.65337
G1 X103.457 Y98.572 E1.70318
G1 X104.522 Y98.363 E1.74579
G1 X104.564 Y98.067 F7800
;TYPE:External perimeter
G1 F884.349
G1 X104.768 Y98.156 E1.75453
G1 X105.342 Y98.228 E1.77724
G1 X105.839 Y98.185 E1.79683
G1 X106.991 Y98.543 E1.8442
G1 X107.573 Y98.681 E1.86769
G1 X108.052 Y99.095 E1.89255
G1 X108.437 Y99.554 E1.91607
G1 X108.561 Y100.129 E1.93917
G1 X108.787 Y100.621 E1.96043
G1 X108.895 Y101.182 E1.98286
G1 X108.794 Y101.759 E2.00586
G1 X108.723 Y102.4 E2.03118
G1 X108.441 Y103.021 E2.05796
G1 X108.052 Y103.58 E2.0847
G1 X107.754 Y104.218 E2.11235
G1 X107.409 Y104.526 E2.13051
G1 X106.826 Y104.774 E2.15539
G1 X105.84 Y105.595 E2.20577
G1 X105.249 Y106.041 E2.23484
G1 X104.686 Y106.255 E2.25849
G1 X104.193 Y106.058 E2.27934
G1 X103.599 Y105.897 E2.3035
G1 X103.254 Y105.392 E2.32751
G1 X102.609 Y105.196 E2.35398
G1 X102.06 Y104.831 E2.37987
G1 X101.819 Y104.393 E2.3995
G1 X101.294 Y103.995 E2.42537
G1 X100.984 Y103.625 E2.44432
G1 X100.68 Y102.981 E2.47228
G1 X100.579 Y102.298 E2.49939
G1 X100.239 Y101.821 E2.52239
G1 X100.36 Y101.298 E2.54347
G1 X100.534 Y100.152 E2.58898
G1 X100.877 Y99.579 E2.6152
G1 X101.116 Y98.988 E2.64023
G1 X101.742 Y98.834 E2.66554
G1 X102.265 Y98.512 E2.68966
G1 X102.93 Y98.341 E2.71662
G1 X103.507 Y98.281 E2.7394
G1 X104.185 Y97.901 E2.76992
G1 X104.509 Y98.043 E2.78381
G1 X104.891 Y98.161 F7800
G92 E0
G1 X101.927 Y103.136
;TYPE:Solid infill
;WIDTH:0.38292
G1 F1058.823
G1 X102.811 Y104.032 E.04128
G1 X103.25 Y104.423 E.06056
G1 X104.142 Y104.817 F7800
G1 F1058.823
G1 X104.153 Y104.858 E.06195
G1 X104.082 Y104.877 E.06436
G1 X104.101 Y104.806 E.06677
;WIDTH:0.41646
G1 F963.754
G1 X103.963 Y104.716 E.07271
;WIDTH:0.449999
G1 F884.349
G1 X103.824 Y104.625 E.07923
G1 X101.681 Y102.481 E.19826
G1 X101.603 Y102.324 E.20514
;WIDTH:0.41646
G1 F963.754
G1 X101.525 Y102.166 E.21149
;WIDTH:0.38292
G1 F1058.823
G1 X101.536 Y102.207 E.21288
G1 X101.465 Y102.226 E.21529
G1 X101.484 Y102.155 E.2177
;WIDTH:0.449999
G1 F884.349
G1 X101.442 Y101.667 E.23693
G1 X104.703 Y104.927 E.41798
G1 X105.144 Y104.793 E.43608
G1 X101.412 Y101.061 E.64331
G1 X101.471 Y100.545 E.6637
G1 X105.5 Y104.573 E.8874
G1 X105.835 Y104.333 E.90358
G1 X101.633 Y100.131 E1.13691
G1 X102.034 Y99.956 E1.15409
G1 X106.151 Y104.073 E1.3827
G1 X106.467 Y103.813 E1.39877
G1 X102.458 Y99.804 E1.62138
G1 X102.858 Y99.629 E1.63852
G1 X106.765 Y103.535 E1.85544
G1 X107.043 Y103.237 E1.87144
G1 X103.253 Y99.448 E2.08187
G1 X103.648 Y99.268 E2.09891
G1 X107.291 Y102.911 E2.3012
G1 X107.504 Y102.547 E2.31776
G1 X104.113 Y99.157 E2.50603
G1 X104.604 Y99.072 E2.5256
G1 X107.669 Y102.137 E2.69579
G1 X107.772 Y101.665 E2.71476
G1 X105.303 Y99.195 E2.85189
G1 X105.899 Y99.292 E2.8756
;WIDTH:0.38292
G1 F1058.823
G1 X105.88 Y99.363 E2.87801
G1 X105.951 Y99.344 E2.88042
G1 X105.94 Y99.303 E2.88181
;WIDTH:0.41646
G1 F963.754
G1 X106.069 Y99.409 E2.88783
;WIDTH:0.449999
G1 F884.349
G1 X106.198 Y99.514 E2.89436
G1 X107.798 Y101.114 E2.98321
G1 X107.549 Y100.077 F7800
;WIDTH:0.608804
G1 F636.173
G1 X107.567 Y100.146 E2.9871
G1 X107.517 Y100.196 E2.99096
G1 X107.449 Y100.177 E2.99481
G1 X107.431 Y100.109 E2.99865
G1 X107.481 Y100.059 E3.00251
;LAYER_CHANGE
;Z:22.75
;HEIGHT:0.200001
G92 E0
G1 Z22.75 F7800
G1 X104.758 Y98.811
;TYPE:Perimeter
;WIDTH:0.449999
G1 F884.349
G1 X104.828 Y98.809 E.00275
G1 X105.337 Y98.894 E.02301
G1 X106.516 Y99.245 E.07131
G1 X107.056 Y99.345 E.09287
G1 X107.557 Y99.467 E.11312
G1 X107.732 Y99.7 E.12456
G1 X107.943 Y100.303 E.14964
G1 X108.033 Y100.727 E.16666
G1 X108.077 Y101.4 E.19314
G1 X108.022 Y101.8 E.20899
G1 X107.882 Y102.317 E.23002
G1 X107.678 Y102.732 E.24818
G1 X107.348 Y103.235 E.2718
G1 X106.974 Y103.658 E.29397
G1 X106.475 Y104.114 E.32051
G1 X105.755 Y104.682 E.35652
G1 X105.162 Y105.027 E.38346
G1 X104.648 Y105.158 E.40429
G1 X104.432 Y105.128 E.41285
G1 X104.014 Y105.016 E.42984
G1 X103.092 Y104.406 E.47325
G1 X102.539 Y103.95 E.50139
G1 X102.181 Y103.599 E.52108
G1 X101.767 Y103.127 E.54573
G1 X101.469 Y102.644 E.56801
G1 X101.282 Y102.138 E.58919
G1 X101.169 Y101.597 E.61089
G1 X101.157 Y100.999 E.63437
G1 X101.228 Y100.417 E.65739
G1 X101.356 Y100.004 E.67437
G1 X101.607 Y99.561 E.69436
G1 X101.737 Y99.487 E.70023
G1 X102.424 Y99.345 E.72777
G1 X103.053 Y99.179 E.75331
G1 X103.521 Y98.977 E.77332
G1 X104.278 Y98.821 E.80367
G1 X104.699 Y98.812 E.8202
G1 X104.688 Y98.408 F7800
G1 F884.349
G1 X105.09 Y98.419 E.83599
G1 X105.64 Y98.553 E.85822
G1 X106.283 Y98.748 E.8846
G1 X106.837 Y98.891 E.90707
G1 X107.472 Y99.023 E.93254
G1 X107.835 Y99.153 E.94768
G1 X108.102 Y99.524 E.96563
G1 X108.371 Y100.294 E.99766
G1 X108.456 Y100.905 E1.02188
G1 X108.478 Y101.574 E1.04816
G1 X108.357 Y102.147 E1.07115
G1 X108.14 Y102.753 E1.09642
G1 X107.803 Y103.318 E1.12225
G1 X107.419 Y103.799 E1.14642
G1 X106.832 Y104.348 E1.17798
G1 X106.088 Y104.952 E1.21561
G1 X105.667 Y105.224 E1.23529
G1 X105.143 Y105.478 E1.25815
G1 X104.658 Y105.571 E1.27754
G1 X104.376 Y105.532 E1.28872
M73 P88 R3
G1 X103.839 Y105.388 E1.31055
G1 X103.278 Y105.025 E1.33679
G1 X102.838 Y104.724 E1.35772
G1 X102.257 Y104.243 E1.38734
G1 X101.882 Y103.875 E1.40797
G1 X101.443 Y103.374 E1.43413
G1 X101.098 Y102.814 E1.45996
M73 Q88 S3
G1 X100.889 Y102.251 E1.48354
G1 X100.763 Y101.642 E1.50796
G1 X100.746 Y100.8 E1.54103
G1 X100.828 Y100.345 E1.55918
G1 X100.971 Y99.87 E1.57866
G1 X101.25 Y99.364 E1.60135
G1 X101.448 Y99.162 E1.61246
G1 X101.676 Y99.085 E1.62191
G1 X102.325 Y98.95 E1.64794
G1 X102.936 Y98.789 E1.67275
G1 X103.395 Y98.588 E1.69242
G1 X103.954 Y98.473 E1.71483
G1 X104.467 Y98.402 E1.73516
G1 X104.628 Y98.406 E1.74148
G1 X104.599 Y97.877 F7800
;TYPE:External perimeter
G1 F884.349
G1 X104.904 Y97.844 E1.75353
G1 X106.183 Y98.291 E1.80673
G1 X106.884 Y98.287 E1.83425
G1 X107.436 Y98.716 E1.8617
G1 X108.256 Y98.739 E1.89391
G1 X108.498 Y99.321 E1.91866
G1 X108.496 Y100.044 E1.94705
G1 X108.747 Y100.691 E1.9743
G1 X108.781 Y101.428 E2.00327
G1 X108.686 Y101.819 E2.01907
G1 X108.677 Y102.524 E2.04675
G1 X108.619 Y103.014 E2.06612
G1 X108.34 Y103.414 E2.08527
G1 X108.052 Y103.936 E2.10868
G1 X107.189 Y104.443 E2.14798
G1 X106.841 Y105.059 E2.17576
G1 X106.322 Y105.379 E2.1997
G1 X105.617 Y105.612 E2.22885
G1 X104.942 Y105.907 E2.25777
G1 X104.233 Y106.002 E2.28586
G1 X103.123 Y105.576 E2.33254
G1 X102.718 Y105.201 E2.35421
G1 X101.988 Y104.409 E2.3965
G1 X101.322 Y104.123 E2.42496
G1 X101.002 Y103.684 E2.44629
G1 X100.653 Y103.1 E2.473
G1 X100.58 Y102.543 E2.49506
G1 X100.252 Y102.143 E2.51537
G1 X100.327 Y101.612 E2.53643
G1 X100.487 Y100.882 E2.56577
G1 X100.223 Y100.357 E2.58884
G1 X100.432 Y99.92 E2.60786
G1 X101.1 Y99.012 E2.65212
G1 X101.602 Y98.713 E2.67506
G1 X102.081 Y98.519 E2.69535
G1 X102.748 Y98.48 E2.72158
G1 X103.195 Y98.075 E2.74526
G1 X104.393 Y97.899 E2.7928
G1 X104.539 Y97.884 E2.79856
G1 X104.939 Y97.876 F7800
G92 E0
G1 X101.803 Y99.669
;TYPE:Solid infill
;WIDTH:0.38292
G1 F1058.823
G1 X101.732 Y99.65 E.00241
G1 X101.751 Y99.721 E.00482
G1 X101.792 Y99.71 E.00621
;WIDTH:0.41646
G1 F963.754
G1 X101.971 Y99.719 E.01267
;WIDTH:0.449999
G1 F884.349
G1 X102.149 Y99.728 E.01967
G1 X101.576 Y100.301 E.05149
G1 X101.376 Y100.463 E.0616
;WIDTH:0.38292
G1 F1058.823
G1 X101.31 Y100.845 E.07431
;WIDTH:0.41646
G1 F963.754
G1 X101.386 Y100.918 E.07811
;WIDTH:0.449999
G1 F884.349
G1 X101.462 Y100.99 E.08222
G1 X102.925 Y99.527 E.16346
G1 X103.068 Y99.44 E.17003
;WIDTH:0.41646
G1 F963.754
G1 X103.211 Y99.352 E.17608
;WIDTH:0.38292
G1 F1058.823
G1 X103.057 Y99.335 E.18116
G1 X102.308 Y99.528 E.20653
G1 X103.796 Y99.233 F7800
;WIDTH:0.449999
G1 F884.349
G1 X101.474 Y101.555 E.33547
G1 X101.572 Y102.033 E.35463
G1 X104.49 Y99.114 E.51669
G1 X105.041 Y99.139 E.53835
G1 X101.725 Y102.455 E.72248
G1 X101.925 Y102.83 E.73917
G1 X105.5 Y99.256 E.93766
G1 X105.939 Y99.392 E.95571
G1 X102.182 Y103.149 E1.16433
G1 X102.458 Y103.449 E1.18034
G1 X106.379 Y99.528 E1.39807
G1 X106.856 Y99.626 E1.41719
G1 X102.752 Y103.731 E1.64511
G1 X103.064 Y103.994 E1.66113
G1 X107.333 Y99.725 E1.89818
G1 X107.545 Y100.089 E1.91472
G1 X103.386 Y104.248 E2.14566
G1 X103.736 Y104.473 E2.162
G1 X107.69 Y100.52 E2.38153
G1 X107.752 Y101.033 E2.40182
G1 X104.086 Y104.699 E2.60539
G1 X104.528 Y104.833 E2.62352
G1 X107.746 Y101.615 E2.80221
G1 X107.156 Y102.877 F7800
;WIDTH:0.61837
G1 F625.597
G1 X106.309 Y103.747 E2.8696
G1 X105.978 Y104.045 E2.89432
;WIDTH:0.571818
G1 F680.661
G1 X105.646 Y104.344 E2.91711
;LAYER_CHANGE
;Z:22.95
;HEIGHT:0.200001
G92 E0
G1 Z22.95 F7800
G1 X104.616 Y98.827
;TYPE:Perimeter
;WIDTH:0.449999
G1 F884.349
G1 X104.882 Y98.826 E.01044
G1 X105.393 Y98.91 E.03077
G1 X106.097 Y99.067 E.05909
G1 X107.34 Y99.204 E.10819
G1 X107.471 Y99.374 E.11662
G1 X107.774 Y99.885 E.13995
G1 X107.925 Y100.39 E.16065
G1 X108.027 Y101.197 E.19259
G1 X107.982 Y101.721 E.21324
G1 X107.841 Y102.273 E.23561
G1 X107.642 Y102.67 E.25305
G1 X107.29 Y103.201 E.27806
G1 X106.922 Y103.611 E.29969
G1 X106.445 Y104.041 E.32491
G1 X105.776 Y104.569 E.35837
G1 X105.192 Y104.923 E.38518
G1 X104.798 Y105.039 E.40131
G1 X104.459 Y105.05 E.41463
G1 X104 Y104.93 E.43326
G1 X103.227 Y104.419 E.46964
G1 X102.607 Y103.919 E.50091
G1 X101.841 Y103.123 E.54429
G1 X101.6 Y102.751 E.56169
G1 X101.333 Y102.125 E.58841
G1 X101.212 Y101.544 E.61171
G1 X101.196 Y100.841 E.63932
G1 X101.277 Y100.376 E.65785
G1 X101.468 Y99.847 E.67993
G1 X101.856 Y99.243 E.70812
G1 X102.894 Y99.148 E.74905
G1 X103.39 Y99.007 E.7693
G1 X104.27 Y98.829 E.80455
G1 X104.556 Y98.828 E.81578
G1 X104.602 Y98.414 F7800
G1 F884.349
G1 X104.623 Y98.414 E.8166
G1 X105.192 Y98.439 E.83896
G1 X105.849 Y98.606 E.86558
G1 X106.349 Y98.698 E.88554
G1 X107.418 Y98.805 E.92772
G1 X107.632 Y98.902 E.93695
G1 X107.953 Y99.346 E.95846
G1 X108.188 Y99.837 E.97983
G1 X108.327 Y100.325 E.99975
G1 X108.434 Y101.185 E1.03378
G1 X108.401 Y101.679 E1.05322
G1 X108.285 Y102.201 E1.07422
G1 X108.1 Y102.697 E1.09501
G1 X107.744 Y103.29 E1.12217
G1 X107.354 Y103.765 E1.1463
G1 X106.807 Y104.272 E1.17558
G1 X106.098 Y104.844 E1.21135
G1 X105.519 Y105.228 E1.23863
G1 X105.116 Y105.395 E1.25576
G1 X104.642 Y105.48 E1.27467
G1 X104.263 Y105.437 E1.28965
G1 X103.797 Y105.284 E1.30891
G1 X102.986 Y104.748 E1.34708
G1 X102.331 Y104.22 E1.38011
G1 X101.529 Y103.386 E1.42554
G1 X101.245 Y102.95 E1.44597
G1 X101.019 Y102.447 E1.46762
G1 X100.855 Y101.824 E1.49292
G1 X100.801 Y101.352 E1.51157
G1 X100.811 Y100.626 E1.54008
G1 X100.97 Y99.985 E1.56601
G1 X101.113 Y99.649 E1.58035
G1 X101.522 Y99.009 E1.61017
G1 X101.701 Y98.847 E1.61965
G1 X102.798 Y98.752 E1.66288
G1 X103.294 Y98.611 E1.68313
G1 X104.225 Y98.423 E1.72042
G1 X104.542 Y98.415 E1.73287
G1 X104.602 Y98.164 F7800
;TYPE:External perimeter
G1 F884.349
G1 X105.187 Y97.913 E1.75786
G1 X105.832 Y97.999 E1.78341
G1 X106.946 Y98.222 E1.82802
G1 X107.577 Y98.453 E1.8544
G1 X108.15 Y99.225 E1.89215
G1 X108.369 Y99.718 E1.91333
G1 X108.789 Y100.066 E1.93475
G1 X108.694 Y100.58 E1.95527
G1 X108.916 Y101.26 E1.98336
G1 X108.875 Y101.518 E1.99362
G1 X108.63 Y102.058 E2.0169
G1 X108.554 Y102.622 E2.03925
G1 X108.035 Y103.589 E2.08234
G1 X107.093 Y104.365 E2.13026
G1 X106.603 Y104.909 E2.15901
G1 X106.165 Y105.331 E2.18289
G1 X105.53 Y105.694 E2.21161
G1 X104.869 Y105.788 E2.23782
G1 X104.179 Y105.776 E2.26492
G1 X103.604 Y105.836 E2.28762
G1 X102.977 Y105.468 E2.31617
G1 X102.631 Y105.084 E2.33647
G1 X102.22 Y104.804 E2.356
G1 X101.863 Y104.452 E2.37569
G1 X101.581 Y104.033 E2.39552
G1 X101.067 Y103.62 E2.42141
G1 X100.726 Y102.93 E2.45163
G1 X100.355 Y102.251 E2.48201
G1 X100.339 Y101.696 E2.50381
G1 X100.401 Y101.156 E2.52515
G1 X100.54 Y100.436 E2.55394
G1 X100.579 Y99.817 E2.57829
G1 X101.009 Y99.352 E2.60316
G1 X101.399 Y98.828 E2.62881
G1 X101.759 Y98.601 E2.64552
G1 X102.379 Y98.515 E2.6701
G1 X102.883 Y98.477 E2.68995
G1 X103.509 Y98.142 E2.71783
G1 X104.53 Y98.195 E2.75797
G1 X104.547 Y98.187 E2.75871
G1 X104.915 Y98.029 F7800
G92 E0
G1 X101.992 Y103.001
;TYPE:Solid infill
;WIDTH:0.38292
G1 F1058.823
G1 X102.745 Y103.769 E.03527
G1 X103.321 Y104.287 E.06067
G1 X104.234 Y104.695 F7800
G1 F1058.823
G1 X104.245 Y104.737 E.06209
G1 X104.174 Y104.756 E.0645
G1 X104.193 Y104.684 E.06694
;WIDTH:0.41646
G1 F963.754
G1 X104.055 Y104.596 E.07284
;WIDTH:0.449999
G1 F884.349
G1 X103.916 Y104.508 E.0793
G1 X101.736 Y102.329 E.20032
G1 X101.665 Y102.171 E.20712
;WIDTH:0.41646
G1 F963.754
G1 X101.593 Y102.014 E.21334
;WIDTH:0.38292
G1 F1058.823
G1 X101.604 Y102.055 E.21473
G1 X101.533 Y102.074 E.21714
G1 X101.552 Y102.003 E.21955
;WIDTH:0.449999
G1 F884.349
G1 X101.523 Y101.539 E.2378
G1 X104.725 Y104.741 E.4156
G1 X105.164 Y104.605 E.43365
G1 X101.504 Y100.945 E.63688
G1 X101.576 Y100.442 E.65683
G1 X105.513 Y104.378 E.87542
G1 X105.844 Y104.134 E.89157
G1 X101.725 Y100.014 E1.12032
G1 X101.935 Y99.649 E1.13685
G1 X106.163 Y103.876 E1.3716
G1 X106.473 Y103.611 E1.38761
G1 X102.361 Y99.499 E1.61594
G1 X102.889 Y99.452 E1.63675
G1 X106.771 Y103.334 E1.85231
G1 X107.039 Y103.026 E1.86834
G1 X103.347 Y99.334 E2.07335
G1 X103.821 Y99.232 E2.09239
G1 X107.276 Y102.687 E2.28424
G1 X107.487 Y102.322 E2.30079
G1 X104.3 Y99.135 E2.47776
G1 X104.872 Y99.131 E2.50022
G1 X107.633 Y101.892 E2.65353
G92 E0
G1 X105.43 Y99.076 F7800
M73 P89 R3
M73 Q89 S3
;WIDTH:0.38292
G1 F1058.823
G1 X104.973 Y98.985 E.01528
;WIDTH:0.449999
G1 F884.349
G1 X105.59 Y99.274 E.04203
G1 X107.724 Y101.408 E.16053
G1 X107.327 Y99.751 F7800
;WIDTH:0.508509
G1 F773.214
G1 X107.575 Y100.336 E.18906
G1 X107.637 Y100.703 E.20577
G1 X107.387 Y100.454 E.22162
;WIDTH:0.52138
G1 F752.414
G1 X106.406 Y99.463 E.28597
G1 X107.152 Y99.515 E.32048
G1 X107.206 Y99.588 E.32467
;LAYER_CHANGE
;Z:23.15
;HEIGHT:0.199999
G92 E0
G1 Z23.15 F7800
G1 X104.616 Y98.818
;TYPE:Perimeter
;WIDTH:0.449999
G1 F884.349
G1 X104.842 Y98.819 E.00887
G1 X106.181 Y98.995 E.0619
G1 X106.825 Y98.977 E.0872
G1 X107.081 Y98.999 E.09729
G1 X107.326 Y99.209 E.10996
G1 X107.598 Y99.64 E.12997
G1 X107.844 Y100.177 E.15316
G1 X107.969 Y100.971 E.18472
G1 X107.966 Y101.416 E.20219
G1 X107.876 Y101.925 E.22249
G1 X107.697 Y102.457 E.24453
G1 X107.38 Y102.983 E.26864
G1 X106.992 Y103.451 E.29251
G1 X106.518 Y103.886 E.31777
G1 X105.867 Y104.408 E.35053
G1 X105.446 Y104.694 E.37051
G1 X104.985 Y104.915 E.39058
G1 X104.618 Y104.971 E.40516
G1 X104.1 Y104.87 E.42588
G1 X103.251 Y104.343 E.46512
G1 X102.564 Y103.784 E.4999
G1 X101.957 Y103.142 E.53459
G1 X101.683 Y102.772 E.55267
G1 X101.457 Y102.3 E.57322
G1 X101.286 Y101.641 E.59995
G1 X101.232 Y101.118 E.62059
G1 X101.284 Y100.484 E.64557
G1 X101.486 Y99.862 E.67125
G1 X101.739 Y99.456 E.69003
G1 X102.101 Y98.996 E.71301
G1 X102.639 Y99.048 E.73423
G1 X103.141 Y99.013 E.75399
G1 X103.641 Y98.95 E.77378
G1 X104.271 Y98.816 E.79907
G1 X104.556 Y98.818 E.81026
G1 X104.602 Y98.411 F7800
G1 F884.349
G1 X104.872 Y98.412 E.82086
G1 X105.883 Y98.556 E.86096
G1 X106.369 Y98.583 E.88007
G1 X107.085 Y98.576 E.90818
G1 X107.401 Y98.701 E.92152
G1 X107.648 Y98.956 E.93546
G1 X108.02 Y99.547 E.96288
G1 X108.234 Y100.055 E.98452
G1 X108.351 Y100.682 E1.00956
G1 X108.4 Y101.197 E1.02987
G1 X108.362 Y101.535 E1.04323
G1 X108.267 Y102.037 E1.06329
G1 X108.059 Y102.644 E1.08848
G1 X107.713 Y103.219 E1.11483
G1 X107.287 Y103.733 E1.14104
G1 X106.783 Y104.195 E1.16789
G1 X106.11 Y104.736 E1.20179
G1 X105.509 Y105.144 E1.23031
G1 X105.093 Y105.311 E1.24791
G1 X104.624 Y105.382 E1.26653
G1 X104.397 Y105.354 E1.27551
G1 X103.928 Y105.243 E1.29443
G1 X103.014 Y104.675 E1.33668
G1 X102.287 Y104.083 E1.37349
G1 X101.57 Y103.326 E1.41443
G1 X101.329 Y102.972 E1.43124
G1 X101.1 Y102.505 E1.45166
G1 X100.945 Y102 E1.4724
G1 X100.834 Y101.286 E1.50077
G1 X100.863 Y100.641 E1.52612
G1 X100.95 Y100.184 E1.54439
G1 X101.2 Y99.509 E1.57265
G1 X101.699 Y98.813 E1.60628
G1 X101.962 Y98.604 E1.61947
G1 X102.244 Y98.601 E1.63054
G1 X102.806 Y98.641 E1.65266
G1 X103.557 Y98.552 E1.68235
G1 X104.229 Y98.409 E1.70933
G1 X104.542 Y98.411 E1.72162
G1 X104.594 Y98.167 F7800
;TYPE:External perimeter
G1 F884.349
G1 X105.008 Y98.176 E1.73788
G1 X105.735 Y98.279 E1.76671
G1 X106.211 Y98.001 E1.78835
G1 X106.934 Y98.215 E1.81796
G1 X107.415 Y98.167 E1.83694
G1 X107.778 Y98.658 E1.86092
G1 X108.185 Y98.962 E1.88087
G1 X108.521 Y99.343 E1.90082
G1 X108.638 Y100.038 E1.92849
G1 X108.748 Y100.535 E1.94848
G1 X108.587 Y100.723 E1.9582
G1 X108.989 Y101.282 E1.98524
G1 X108.896 Y101.838 E2.00737
G1 X108.575 Y102.257 E2.02809
G1 X108.588 Y102.818 E2.05012
G1 X108.15 Y103.238 E2.07395
G1 X107.842 Y103.804 E2.09925
G1 X107.285 Y104.296 E2.12843
G1 X106.717 Y104.756 E2.15713
G1 X106.11 Y105.182 E2.18625
G1 X105.497 Y105.48 E2.21301
G1 X104.825 Y105.737 E2.24126
G1 X104.095 Y105.707 E2.26995
G1 X103.537 Y105.516 E2.29311
G1 X103.006 Y104.981 E2.32271
G1 X102.56 Y104.665 E2.34417
G1 X102.123 Y104.247 E2.36791
G1 X101.595 Y104.1 E2.38943
G1 X101.288 Y103.543 E2.4144
G1 X100.975 Y103.13 E2.43475
G1 X100.735 Y102.097 E2.47639
G1 X100.377 Y100.828 E2.52816
G1 X100.487 Y100.172 E2.55428
G1 X100.627 Y99.708 E2.57331
G1 X101.005 Y99.327 E2.59438
G1 X101.197 Y98.662 E2.62156
G1 X101.628 Y98.113 E2.64897
G1 X102.237 Y98.288 E2.67385
G1 X102.96 Y98.199 E2.70245
G1 X103.683 Y98.034 E2.73157
G1 X104.318 Y98.161 E2.757
G1 X104.534 Y98.166 E2.76548
G1 X104.934 Y98.174 F7800
G92 E0
G1 X101.781 Y99.659
;TYPE:Solid infill
;WIDTH:0.38292
G1 F1058.823
G1 X102.17 Y99.203 E.01966
;WIDTH:0.41646
G1 F963.754
G1 X102.316 Y99.27 E.02545
;WIDTH:0.449999
G1 F884.349
G1 X102.462 Y99.338 E.03177
G1 X101.729 Y100.071 E.07247
G1 X101.525 Y100.232 E.08267
;WIDTH:0.38292
G1 F1058.823
G1 X101.416 Y100.74 E.09971
;WIDTH:0.41646
G1 F963.754
G1 X101.49 Y100.776 E.10267
;WIDTH:0.449999
G1 F884.349
G1 X101.564 Y100.811 E.10588
G1 X103.044 Y99.331 E.18806
G1 X103.707 Y99.244 E.21432
G1 X101.553 Y101.398 E.33393
G1 X101.648 Y101.879 E.35318
G1 X104.404 Y99.122 E.50624
G1 X104.269 Y99.061 E.51206
;WIDTH:0.41646
G1 F963.754
G1 X104.134 Y99 E.5174
;WIDTH:0.38292
G1 F1058.823
G1 X104.287 Y98.971 E.52251
;WIDTH:0.449999
G1 F884.349
G1 X104.959 Y99.143 E.54975
G1 X101.789 Y102.313 E.72578
G1 X101.988 Y102.69 E.74252
G1 X105.466 Y99.212 E.93565
G1 X105.972 Y99.282 E.95571
G1 X102.248 Y103.006 E1.1625
G1 X102.528 Y103.302 E1.1785
G1 X106.54 Y99.289 E1.40131
G1 X107.046 Y99.359 E1.42137
G1 X102.813 Y103.593 E1.65645
G1 X103.13 Y103.851 E1.6725
G1 X107.277 Y99.704 E1.90278
G1 X107.473 Y100.083 E1.91953
G1 X103.45 Y104.107 E2.14295
G1 X103.805 Y104.328 E2.15937
G1 X107.606 Y100.526 E2.37046
G1 X107.669 Y101.039 E2.39075
G1 X104.16 Y104.548 E2.5856
G1 X104.622 Y104.662 E2.60428
G1 X107.633 Y101.651 E2.77148
G1 X107.108 Y102.79 F7800
;WIDTH:0.530392
G1 F738.504
G1 X106.92 Y102.997 E2.78463
;WIDTH:0.556684
G1 F700.711
G1 X106.731 Y103.204 E2.79852
G1 X106.293 Y103.624 E2.82859
;WIDTH:0.530092
G1 F738.959
G1 X105.99 Y103.895 E2.84769
;WIDTH:0.486014
G1 F812.469
G1 X105.688 Y104.166 E2.86503
;LAYER_CHANGE
;Z:23.35
;HEIGHT:0.200001
G92 E0
G1 Z23.35 F7800
G1 X104.274 Y98.805
;TYPE:Perimeter
;WIDTH:0.449999
G1 F884.349
G1 X105.666 Y98.88 E.05474
G1 X106.117 Y98.872 E.07245
G1 X106.684 Y98.827 E.09478
G1 X106.968 Y98.894 E.10624
G1 X107.301 Y99.221 E.12457
G1 X107.58 Y99.653 E.14476
G1 X107.802 Y100.171 E.16689
G1 X107.922 Y100.937 E.19733
G1 X107.918 Y101.398 E.21543
G1 X107.825 Y101.917 E.23613
G1 X107.651 Y102.412 E.25673
G1 X107.349 Y102.911 E.27963
G1 X106.927 Y103.417 E.3055
G1 X106.495 Y103.808 E.32838
G1 X105.885 Y104.295 E.35903
G1 X105.449 Y104.586 E.37961
G1 X104.969 Y104.819 E.40056
G1 X104.676 Y104.859 E.41217
G1 X104.264 Y104.815 E.42844
G1 X103.887 Y104.643 E.44471
G1 X103.297 Y104.285 E.47181
G1 X102.522 Y103.65 E.51115
G1 X101.951 Y103.035 E.5441
G1 X101.573 Y102.446 E.57158
G1 X101.436 Y102.1 E.58619
G1 X101.297 Y101.438 E.61275
G1 X101.296 Y100.777 E.6387
G1 X101.383 Y100.295 E.65793
G1 X101.628 Y99.642 E.68531
G1 X102.042 Y99.071 E.713
G1 X102.335 Y98.82 E.72815
G1 X102.603 Y98.838 E.7387
G1 X103.186 Y98.919 E.76181
G1 X103.775 Y98.888 E.78497
G1 X104.215 Y98.814 E.80249
G1 X104.234 Y98.396 F7800
G1 F884.349
G1 X105.378 Y98.444 E.84745
G1 X105.88 Y98.486 E.86723
M73 P89 R2
G1 X106.382 Y98.438 E.88703
G1 X106.928 Y98.436 E.90847
G1 X107.271 Y98.614 E.92364
G1 X107.624 Y98.971 E.94335
G1 X107.94 Y99.461 E.96624
G1 X108.193 Y100.048 E.99134
G1 X108.306 Y100.668 E1.01609
G1 X108.353 Y101.172 E1.03597
G1 X108.309 Y101.566 E1.05154
G1 X108.189 Y102.122 E1.07387
G1 X108.015 Y102.596 E1.0937
G1 X107.681 Y103.148 E1.11903
G1 X107.221 Y103.7 E1.14724
G1 X106.759 Y104.118 E1.1717
G1 X106.125 Y104.624 E1.20355
G1 X105.674 Y104.925 E1.22484
G1 X105.078 Y105.215 E1.25086
G1 X104.856 Y105.245 E1.25966
M73 Q89 S2
G1 X104.493 Y105.254 E1.27392
G1 X103.981 Y105.164 E1.29433
G1 X103.055 Y104.613 E1.33664
G1 X102.242 Y103.947 E1.37791
G1 X101.628 Y103.285 E1.41336
G1 X101.21 Y102.633 E1.44377
G1 X101.045 Y102.217 E1.46134
G1 X100.892 Y101.486 E1.49066
G1 X100.874 Y100.898 E1.51376
G1 X100.927 Y100.394 E1.53366
G1 X101.067 Y99.935 E1.5525
G1 X101.275 Y99.437 E1.57369
G1 X101.621 Y98.958 E1.59689
G1 X101.916 Y98.623 E1.61442
G1 X102.227 Y98.407 E1.62929
G1 X102.731 Y98.438 E1.64912
G1 X103.231 Y98.514 E1.66898
G1 X103.74 Y98.482 E1.68901
G1 X104.175 Y98.406 E1.70635
G1 X104.2 Y98.023 F7800
;TYPE:External perimeter
G1 F884.349
G1 X104.534 Y97.99 E1.71953
G1 X105.017 Y98.199 E1.74019
G1 X105.504 Y98.171 E1.75934
G1 X106.093 Y97.859 E1.78551
G1 X106.79 Y97.892 E1.81291
G1 X107.296 Y98.088 E1.83422
G1 X107.758 Y98.553 E1.85996
G1 X108.184 Y98.909 E1.88176
G1 X108.24 Y99.485 E1.90448
G1 X108.531 Y100.025 E1.92857
G1 X108.663 Y100.606 E1.95196
G1 X108.76 Y100.738 E1.95839
G1 X108.753 Y101.485 E1.98772
G1 X108.529 Y102.027 E2.01075
G1 X108.578 Y102.688 E2.03678
G1 X108.206 Y103.065 E2.05758
G1 X107.912 Y103.444 E2.07641
G1 X107.424 Y103.978 E2.10481
G1 X107.166 Y104.543 E2.1292
G1 X106.586 Y104.963 E2.15732
G1 X105.855 Y105.087 E2.18643
G1 X105.515 Y105.529 E2.20833
G1 X104.767 Y105.551 E2.23771
G1 X104.191 Y105.736 E2.26146
G1 X103.19 Y105.211 E2.30584
G1 X102.62 Y104.825 E2.33287
G1 X102.228 Y104.408 E2.35534
G1 X101.877 Y103.989 E2.3768
G1 X101.465 Y103.575 E2.39973
G1 X100.826 Y102.484 E2.44937
G1 X100.612 Y101.962 E2.47152
G1 X100.637 Y101.305 E2.49734
G1 X100.374 Y100.736 E2.52195
G1 X100.775 Y100.176 E2.54899
G1 X101.009 Y99.495 E2.57726
G1 X101.151 Y98.777 E2.606
G1 X101.737 Y98.478 E2.63183
G1 X101.928 Y98.007 E2.65179
G1 X102.473 Y98.063 E2.6733
G1 X103.154 Y98.029 E2.70007
G1 X103.8 Y98.064 E2.72547
G1 X104.14 Y98.029 E2.73889
G1 X104.54 Y98.017 F7800
G92 E0
G1 X102.101 Y102.919
;TYPE:Solid infill
;WIDTH:0.38292
G1 F1058.823
G1 X102.661 Y103.5 E.02646
G1 X103.285 Y104.052 E.05378
G1 X104.199 Y104.478 F7800
G1 F1058.823
G1 X104.21 Y104.519 E.05517
G1 X104.139 Y104.538 E.05758
G1 X104.158 Y104.467 E.05999
;WIDTH:0.41646
G1 F963.754
G1 X104.019 Y104.378 E.06594
;WIDTH:0.449999
G1 F884.349
G1 X103.881 Y104.289 E.07239
G1 X101.812 Y102.22 E.18728
G1 X101.606 Y102.059 E.19755
;WIDTH:0.38292
G1 F1058.823
G1 X101.475 Y101.531 E.21539
;WIDTH:0.41646
G1 F963.754
G1 X101.543 Y101.487 E.21831
;WIDTH:0.449999
G1 F884.349
G1 X101.61 Y101.443 E.22146
G1 X104.713 Y104.546 E.39376
G1 X105.152 Y104.408 E.41183
G1 X101.595 Y100.852 E.60932
G1 X101.681 Y100.362 E.62885
G1 X105.502 Y104.183 E.84102
G1 X105.837 Y103.942 E.85722
M73 P90 R2
G1 X101.83 Y99.936 E1.07969
G1 X102.05 Y99.58 E1.09612
M73 Q90 S2
G1 X106.157 Y103.687 E1.32418
G1 X106.467 Y103.421 E1.34022
G1 X102.296 Y99.25 E1.57183
G1 X102.344 Y99.105 E1.57783
;WIDTH:0.41646
G1 F963.754
G1 X102.391 Y98.961 E1.58329
;WIDTH:0.38292
G1 F1058.823
G1 X102.402 Y99.002 E1.58468
G1 X102.331 Y99.021 E1.58709
G1 X102.35 Y98.95 E1.5895
;WIDTH:0.449999
G1 F884.349
G1 X102.785 Y99.163 E1.60852
G1 X106.761 Y103.139 E1.8293
G1 X107.023 Y102.825 E1.84536
G1 X103.42 Y99.222 E2.04543
G1 X103.952 Y99.179 E2.06639
G1 X107.253 Y102.48 E2.24969
G1 X107.45 Y102.101 E2.26646
G1 X104.467 Y99.119 E2.43207
G1 X105.068 Y99.144 E2.45569
G1 X107.582 Y101.657 E2.59526
G1 X107.634 Y101.134 E2.6159
G1 X105.687 Y99.187 E2.72401
G1 X106.888 Y99.265 F7800
;WIDTH:0.449253
G1 F885.973
G1 X106.762 Y99.16 E2.73044
G1 X106.595 Y99.132 E2.73708
G1 X106.237 Y99.161 E2.75116
G1 X107.538 Y100.463 E2.8233
G1 X107.505 Y100.25 E2.83175
G1 X107.303 Y99.786 E2.85158
G1 X107.045 Y99.395 E2.86994
;LAYER_CHANGE
;Z:23.55
;HEIGHT:0.199999
G92 E0
G1 Z23.55 F7800
G1 X103.984 Y98.812
;TYPE:Perimeter
;WIDTH:0.449999
G1 F884.349
G1 X104.238 Y98.786 E.01003
G1 X105.372 Y98.81 E.05457
G1 X105.876 Y98.787 E.07438
G1 X106.509 Y98.674 E.09963
G1 X106.85 Y98.825 E.11427
G1 X107.188 Y99.12 E.13189
G1 X107.513 Y99.589 E.15429
G1 X107.725 Y100.069 E.17489
G1 X107.872 Y100.859 E.20644
G1 X107.868 Y101.319 E.2245
G1 X107.771 Y101.887 E.24713
G1 X107.608 Y102.362 E.26685
G1 X107.318 Y102.839 E.28877
G1 X106.862 Y103.383 E.31664
G1 X106.356 Y103.822 E.34294
G1 X105.787 Y104.252 E.37094
G1 X105.109 Y104.657 E.40195
G1 X104.705 Y104.744 E.41818
G1 X104.188 Y104.701 E.43855
G1 X103.306 Y104.196 E.47846
G1 X102.544 Y103.568 E.51723
G1 X102.096 Y103.086 E.54307
G1 X101.803 Y102.709 E.56182
G1 X101.561 Y102.266 E.58164
G1 X101.386 Y101.615 E.60811
G1 X101.333 Y101.172 E.62563
G1 X101.356 Y100.661 E.64571
G1 X101.438 Y100.247 E.66228
G1 X101.612 Y99.771 E.68218
G1 X101.829 Y99.411 E.69868
G1 X102.139 Y99.008 E.71864
G1 X102.584 Y98.661 E.7408
G1 X103.204 Y98.787 E.76564
G1 X103.732 Y98.838 E.78647
G1 X103.924 Y98.819 E.79405
G1 X103.951 Y98.405 F7800
G1 F884.349
G1 X104.218 Y98.378 E.80459
G1 X105.237 Y98.404 E.84461
G1 X105.759 Y98.395 E.86511
G1 X106.251 Y98.29 E.88486
G1 X106.581 Y98.273 E.89783
G1 X107.06 Y98.473 E.91821
G1 X107.368 Y98.712 E.93352
G1 X107.7 Y99.143 E.95488
G1 X107.978 Y99.61 E.97622
G1 X108.163 Y100.089 E.99638
G1 X108.303 Y101.092 E1.03614
G1 X108.254 Y101.533 E1.05356
G1 X108.143 Y102.068 E1.07501
G1 X107.973 Y102.546 E1.09493
G1 X107.65 Y103.077 E1.11933
G1 X107.154 Y103.668 E1.14962
G1 X106.735 Y104.041 E1.17165
G1 X106.147 Y104.507 E1.20111
G1 X105.541 Y104.883 E1.22911
G1 X105.106 Y105.099 E1.24818
G1 X104.547 Y105.145 E1.2702
G1 X104.044 Y105.088 E1.29008
G1 X103.074 Y104.532 E1.33398
G1 X102.264 Y103.865 E1.37518
G1 X101.661 Y103.216 E1.40996
G1 X101.329 Y102.724 E1.43327
G1 X101.096 Y102.204 E1.45564
G1 X100.988 Y101.701 E1.47584
G1 X100.916 Y101.001 E1.50347
G1 X100.974 Y100.37 E1.52835
G1 X101.104 Y99.949 E1.54565
G1 X101.324 Y99.419 E1.56818
G1 X101.679 Y98.92 E1.59223
G1 X101.979 Y98.599 E1.60948
G1 X102.417 Y98.283 E1.63069
G1 X102.662 Y98.257 E1.64036
G1 X103.162 Y98.367 E1.66046
G1 X103.716 Y98.429 E1.68235
G1 X103.892 Y98.411 E1.6893
G1 X103.923 Y98.048 F7800
;TYPE:External perimeter
G1 F884.349
G1 X104.351 Y97.984 E1.70629
G1 X104.99 Y98.007 E1.7314
G1 X105.467 Y98.002 E1.75013
G1 X105.955 Y97.798 E1.7709
G1 X106.446 Y98.033 E1.79227
G1 X107.124 Y98.104 E1.81904
G1 X107.658 Y98.3 E1.84138
G1 X108.033 Y98.861 E1.86788
G1 X108.415 Y99.178 E1.88737
G1 X108.608 Y99.618 E1.90624
G1 X108.524 Y100.418 E1.93782
G1 X108.603 Y101.073 E1.96372
G1 X108.865 Y101.115 E1.97414
G1 X108.8 Y101.659 E1.99565
G1 X108.63 Y102.224 E2.01882
G1 X108.247 Y102.737 E2.04396
G1 X107.944 Y103.209 E2.06598
G1 X107.767 Y103.665 E2.08519
G1 X107.519 Y104.083 E2.10427
G1 X106.62 Y104.423 E2.14201
G1 X106.29 Y104.85 E2.1632
G1 X105.692 Y105.132 E2.18916
G1 X104.849 Y105.663 E2.22828
G1 X103.751 Y105.603 E2.27146
G1 X103.311 Y105.336 E2.29167
G1 X102.896 Y104.766 E2.31935
G1 X102.206 Y104.485 E2.3486
G1 X102.041 Y103.954 E2.37043
G1 X101.542 Y103.415 E2.39927
G1 X101.248 Y103.027 E2.41838
G1 X100.919 Y102.523 E2.44201
G1 X100.799 Y101.989 E2.4635
G1 X100.475 Y101.371 E2.4909
G1 X100.4 Y100.718 E2.51671
G1 X100.569 Y100.172 E2.53915
G1 X100.639 Y99.51 E2.56529
G1 X101.228 Y98.992 E2.59609
G1 X101.608 Y98.505 E2.62034
G1 X102.564 Y97.947 E2.6638
G1 X103.188 Y98.117 E2.68919
G1 X103.813 Y98.064 E2.71382
G1 X103.864 Y98.056 E2.71585
G1 X104.259 Y97.997 F7800
G92 E0
G1 X101.828 Y99.675
;TYPE:Solid infill
;WIDTH:0.38292
G1 F1058.823
G1 X102.219 Y99.213 E.01985
G1 X102.639 Y98.836 E.03836
;WIDTH:0.41646
G1 F963.754
G1 X102.74 Y98.929 E.04331
;WIDTH:0.449999
G1 F884.349
G1 X102.841 Y99.022 E.0487
G1 X101.828 Y100.035 E.10495
G1 X101.62 Y100.197 E.1153
;WIDTH:0.38292
G1 F1058.823
G1 X101.502 Y100.73 E.1332
;WIDTH:0.41646
G1 F963.754
G1 X101.577 Y100.759 E.1361
;WIDTH:0.449999
G1 F884.349
G1 X101.651 Y100.788 E.13922
G1 X103.335 Y99.104 E.23273
G1 X103.878 Y99.137 E.25409
G1 X101.65 Y101.365 E.37781
G1 X101.747 Y101.843 E.39696
G1 X104.489 Y99.101 E.54922
G1 X105.049 Y99.117 E.57122
G1 X101.893 Y102.273 E.74647
G1 X102.117 Y102.625 E.76285
G1 X105.628 Y99.114 E.95781
G1 X106.305 Y99.012 E.98469
G1 X102.377 Y102.94 E1.20281
G1 X102.655 Y103.239 E1.21884
G1 X106.755 Y99.138 E1.44653
G1 X107.028 Y99.44 E1.46251
G1 X102.956 Y103.512 E1.68862
G1 X103.272 Y103.773 E1.70471
G1 X107.266 Y99.778 E1.92652
G1 X107.44 Y100.18 E1.94372
G1 X103.605 Y104.015 E2.15667
G1 X103.971 Y104.225 E2.17324
G1 X107.546 Y100.65 E2.37175
G1 X107.575 Y101.197 E2.39326
G1 X104.358 Y104.413 E2.57187
G92 E0
G1 X107.366 Y101.933 F7800
;WIDTH:0.382452
G1 F1060.283
G1 X106.838 Y102.461 E.02445
;WIDTH:0.41044
G1 F979.539
G1 X106.394 Y102.925 E.04722
G1 X105.978 Y103.323 E.06763
;WIDTH:0.38417
G1 F1054.947
G1 X105.561 Y103.721 E.0866
;WIDTH:0.357899
G1 F1142.933
G1 X104.816 Y104.466 E.11861
G1 X105.065 Y104.394 E.12648
G1 X105.763 Y103.961 E.15143
;WIDTH:0.396524
G1 F1018.088
G1 X106.289 Y103.519 E.17486
;WIDTH:0.41044
G1 F979.539
G1 X106.646 Y103.192 E.19202
G1 X107.089 Y102.69 E.21575
;WIDTH:0.382452
G1 F1060.283
G1 X107.354 Y102.256 E.2324
G1 X107.51 Y101.79 E.24849
;LAYER_CHANGE
;Z:23.75
;HEIGHT:0.200001
G92 E0
G1 Z23.75 F7800
G1 X103.698 Y98.713
;TYPE:Perimeter
;WIDTH:0.449999
G1 F884.349
G1 X103.805 Y98.735 E.00429
G1 X104.905 Y98.745 E.04748
G1 X105.655 Y98.717 E.07695
G1 X106.219 Y98.547 E.10008
G1 X106.336 Y98.574 E.10479
G1 X106.695 Y98.748 E.12045
G1 X107.064 Y99.012 E.13826
G1 X107.359 Y99.414 E.15784
G1 X107.544 Y99.727 E.17212
G1 X107.734 Y100.227 E.19312
G1 X107.841 Y101.044 E.22547
G1 X107.773 Y101.662 E.24988
G1 X107.564 Y102.313 E.27673
G1 X107.289 Y102.765 E.2975
G1 X106.927 Y103.189 E.31939
G1 X106.444 Y103.655 E.34574
G1 X105.921 Y104.068 E.37191
G1 X105.473 Y104.355 E.3928
G1 X104.999 Y104.59 E.41357
G1 X104.638 Y104.634 E.42785
G1 X104.184 Y104.586 E.44578
G1 X103.344 Y104.117 E.48355
G1 X102.587 Y103.503 E.52182
G1 X102.155 Y103.043 E.5466
G1 X101.868 Y102.678 E.56483
G1 X101.624 Y102.231 E.58483
G1 X101.442 Y101.7 E.60687
G1 X101.374 Y100.939 E.63687
G1 X101.428 Y100.405 E.65794
G1 X101.53 Y100.08 E.67131
G1 X101.728 Y99.606 E.69148
G1 X102.119 Y99.051 E.71814
G1 X102.425 Y98.796 E.73378
G1 X102.88 Y98.518 E.75472
G1 X103.384 Y98.652 E.7752
G1 X103.639 Y98.702 E.7854
G1 X103.744 Y98.311 F7800
G1 F884.349
G1 X103.809 Y98.327 E.78803
G1 X105.213 Y98.341 E.84316
G1 X105.679 Y98.293 E.86155
G1 X106.188 Y98.129 E.88255
G1 X106.429 Y98.178 E.89221
G1 X106.885 Y98.389 E.91194
G1 X107.358 Y98.724 E.9347
G1 X107.687 Y99.173 E.95656
G1 X107.909 Y99.546 E.9736
G1 X108.132 Y100.133 E.99826
G1 X108.251 Y101.039 E1.03414
G1 X108.199 Y101.508 E1.05267
G1 X108.098 Y102.01 E1.07278
G1 X107.93 Y102.495 E1.09293
G1 X107.619 Y103.005 E1.11638
G1 X107.106 Y103.605 E1.14738
G1 X106.707 Y103.966 E1.16851
G1 X106.158 Y104.4 E1.19599
G1 X105.578 Y104.771 E1.22302
G1 X105.116 Y104.985 E1.24301
G1 X104.588 Y105.042 E1.26386
G1 X104.044 Y104.974 E1.28539
G1 X103.115 Y104.456 E1.32715
G1 X102.309 Y103.801 E1.36793
G1 X101.703 Y103.157 E1.40265
G1 X101.381 Y102.687 E1.42502
G1 X101.218 Y102.321 E1.44075
G1 X101.04 Y101.772 E1.46341
G1 X100.965 Y100.937 E1.49633
G1 X101.027 Y100.322 E1.5206
G1 X101.142 Y99.958 E1.53559
G1 X101.373 Y99.403 E1.55919
G1 X101.813 Y98.779 E1.58917
G1 X102.202 Y98.455 E1.60905
G1 X102.784 Y98.117 E1.63548
G1 X103.099 Y98.146 E1.6479
G1 X103.686 Y98.296 E1.67169
G1 X103.797 Y97.874 F7800
;TYPE:External perimeter
G1 F884.349
G1 X103.893 Y97.865 E1.67548
G1 X104.437 Y98.06 E1.69817
G1 X105.033 Y98.097 E1.72162
G1 X105.575 Y97.844 E1.74511
G1 X106.122 Y97.795 E1.76667
G1 X106.635 Y97.864 E1.78699
G1 X107.112 Y97.979 E1.80626
G1 X107.684 Y98.262 E1.83132
G1 X107.834 Y98.786 E1.85272
G1 X108.184 Y99.118 E1.87166
G1 X108.257 Y99.692 E1.89438
G1 X108.689 Y100.28 E1.92303
G1 X108.609 Y100.897 E1.94746
G1 X108.488 Y101.398 E1.9677
G1 X108.442 Y101.774 E1.98257
G1 X108.505 Y102.319 E2.00411
G1 X108.103 Y102.928 E2.03276
G1 X107.816 Y103.452 E2.05622
G1 X107.371 Y103.999 E2.08391
G1 X106.789 Y104.264 E2.10902
M73 P91 R2
G1 X106.27 Y104.631 E2.13398
G1 X106.015 Y105.093 E2.1547
G1 X105.456 Y105.297 E2.17806
G1 X104.982 Y105.308 E2.19668
G1 X104.33 Y105.425 E2.22269
G1 X103.712 Y105.362 E2.24708
M73 Q91 S2
G1 X103.139 Y104.876 E2.27658
G1 X102.471 Y104.576 E2.30533
G1 X101.933 Y104.167 E2.33187
G1 X101.755 Y103.556 E2.35686
G1 X101.147 Y103.316 E2.38253
G1 X100.864 Y102.854 E2.4038
G1 X100.918 Y102.072 E2.43458
G1 X100.759 Y101.61 E2.45376
G1 X100.632 Y100.896 E2.48223
G1 X100.451 Y100.379 E2.50374
G1 X100.871 Y99.95 E2.52731
G1 X100.868 Y99.22 E2.55597
G1 X101.809 Y98.343 E2.60648
G1 X102.262 Y98.102 E2.62663
G1 X102.589 Y97.612 E2.64976
G1 X103.288 Y97.921 E2.67977
G1 X103.738 Y97.88 E2.69751
G1 X104.13 Y97.958 F7800
G92 E0
G1 X102.171 Y102.78
;TYPE:Solid infill
;WIDTH:0.38292
G1 F1058.823
G1 X102.726 Y103.353 E.02616
G1 X103.43 Y103.988 E.05725
;WIDTH:0.449999
G1 F884.349
G1 X104.137 Y104.232 E.08662
;WIDTH:0.38292
G1 F1058.823
G1 X104.118 Y104.303 E.08903
G1 X104.189 Y104.284 E.09144
G1 X104.178 Y104.243 E.09283
;WIDTH:0.41646
G1 F963.754
G1 X104.019 Y104.149 E.09948
;WIDTH:0.449999
G1 F884.349
G1 X103.86 Y104.056 E.10671
G1 X101.896 Y102.092 E.21577
G1 X101.683 Y101.928 E.22633
;WIDTH:0.38292
G1 F1058.823
G1 X101.567 Y101.39 E.24438
;WIDTH:0.41646
G1 F963.754
G1 X101.642 Y101.363 E.24725
;WIDTH:0.449999
G1 F884.349
G1 X101.716 Y101.336 E.25034
G1 X104.705 Y104.325 E.41631
G1 X105.143 Y104.188 E.43433
G1 X101.7 Y100.745 E.62551
G1 X101.793 Y100.262 E.64482
G1 X105.504 Y103.973 E.85089
G1 X105.846 Y103.739 E.86716
G1 X101.955 Y99.848 E1.08322
G1 X102.179 Y99.496 E1.0996
G1 X106.167 Y103.485 E1.32108
G1 X106.475 Y103.216 E1.33714
G1 X102.436 Y99.177 E1.56142
G1 X102.774 Y98.94 E1.57763
G1 X106.755 Y102.92 E1.79866
G1 X107.02 Y102.61 E1.81467
G1 X103.378 Y98.968 E2.0169
G1 X104.027 Y99.041 E2.04254
G1 X107.242 Y102.256 E2.22106
G1 X107.405 Y101.844 E2.23846
G1 X104.607 Y99.046 E2.39383
G1 X105.187 Y99.05 E2.4166
G1 X107.499 Y101.362 E2.54498
G92 E0
G1 X105.964 Y99.181 F7800
;WIDTH:0.549518
G1 F710.623
G1 X106.767 Y100 E.05605
;WIDTH:0.526607
G1 F744.283
G1 X107.447 Y100.68 E.10092
G1 X107.393 Y100.299 E.11887
G1 X107.151 Y99.71 E.14858
;WIDTH:0.564221
G1 F690.58
G1 X106.825 Y99.298 E.175
G1 X106.601 Y99.104 E.1899
;WIDTH:0.549518
G1 F710.623
G1 X106.233 Y98.915 E.21011
G1 X105.82 Y99.037 E.23115
;LAYER_CHANGE
;Z:23.95
;HEIGHT:0.200001
G92 E0
G1 Z23.95 F7800
G1 X103.521 Y98.518
;TYPE:Perimeter
;WIDTH:0.449999
G1 F884.349
G1 X103.597 Y98.543 E.00314
G1 X104.13 Y98.607 E.02422
G1 X104.653 Y98.62 E.04476
G1 X105.336 Y98.62 E.07158
G1 X106.047 Y98.422 E.10056
G1 X106.532 Y98.661 E.12179
G1 X107.012 Y98.998 E.14482
G1 X107.293 Y99.376 E.16331
G1 X107.49 Y99.705 E.17837
G1 X107.691 Y100.238 E.20074
G1 X107.79 Y100.981 E.23017
G1 X107.718 Y101.633 E.25593
G1 X107.542 Y102.215 E.2798
G1 X107.256 Y102.695 E.30174
G1 X106.865 Y103.143 E.32509
G1 X106.414 Y103.583 E.34983
G1 X105.94 Y103.954 E.37346
G1 X105.485 Y104.24 E.39456
G1 X105.014 Y104.476 E.41525
G1 X104.49 Y104.522 E.4359
G1 X104.2 Y104.481 E.4474
G1 X103.385 Y104.036 E.48386
G1 X102.89 Y103.643 E.50868
G1 X102.499 Y103.303 E.52902
G1 X102.013 Y102.775 E.5572
G1 X101.713 Y102.314 E.5788
G1 X101.491 Y101.621 E.60737
G1 X101.426 Y100.977 E.63278
G1 X101.469 Y100.439 E.65397
G1 X101.569 Y100.105 E.66766
G1 X101.778 Y99.589 E.68952
G1 X102.187 Y99.008 E.71742
G1 X102.518 Y98.76 E.73366
G1 X103.157 Y98.402 E.76242
G1 X103.464 Y98.5 E.77507
G1 X103.616 Y98.121 F7800
G1 F884.349
G1 X103.684 Y98.144 E.77789
G1 X104.241 Y98.206 E.7999
G1 X105.201 Y98.221 E.8376
G1 X105.414 Y98.186 E.84608
G1 X106.027 Y97.996 E.87128
G1 X106.203 Y98.046 E.87846
G1 X106.836 Y98.367 E.90633
G1 X107.305 Y98.71 E.92914
G1 X107.756 Y99.316 E.9588
G1 X107.912 Y99.642 E.97299
G1 X108.089 Y100.142 E.99382
G1 X108.2 Y100.976 E1.02686
G1 X108.119 Y101.709 E1.05582
G1 X107.911 Y102.391 E1.08382
G1 X107.587 Y102.935 E1.10868
G1 X107.062 Y103.537 E1.14004
G1 X106.678 Y103.893 E1.1606
G1 X106.175 Y104.288 E1.18571
G1 X105.603 Y104.646 E1.21221
G1 X105.135 Y104.87 E1.23258
G1 X104.5 Y104.929 E1.25762
G1 X104.057 Y104.867 E1.27518
G1 X103.159 Y104.377 E1.31535
G1 X102.613 Y103.943 E1.34274
G1 X102.207 Y103.586 E1.36397
G1 X101.688 Y103.022 E1.39406
G1 X101.342 Y102.491 E1.41895
G1 X101.09 Y101.704 E1.4514
G1 X101.018 Y100.981 E1.47993
G1 X101.067 Y100.363 E1.50427
G1 X101.179 Y99.988 E1.51964
G1 X101.422 Y99.388 E1.54506
G1 X101.886 Y98.73 E1.57667
G1 X102.156 Y98.505 E1.59047
G1 X102.646 Y98.202 E1.61309
G1 X103.062 Y98.002 E1.63121
G1 X103.202 Y97.985 E1.63675
G1 X103.559 Y98.103 E1.65151
G1 X103.677 Y97.868 F7800
;TYPE:External perimeter
G1 F884.349
G1 X103.935 Y97.945 E1.66208
G1 X104.664 Y97.794 E1.69131
G1 X105.428 Y97.931 E1.72179
G1 X105.849 Y97.494 E1.74562
G1 X106.374 Y97.792 E1.76932
G1 X107.083 Y97.942 E1.79777
G1 X107.867 Y98.857 E1.84508
G1 X108.024 Y99.351 E1.86543
G1 X108.549 Y99.84 E1.8936
G1 X108.67 Y100.342 E1.91388
G1 X108.491 Y100.946 E1.93862
G1 X108.528 Y101.481 E1.95968
G1 X108.288 Y101.831 E1.97634
G1 X108.46 Y102.6 E2.00728
G1 X107.697 Y103.465 E2.05257
G1 X107.203 Y103.836 E2.07683
G1 X106.984 Y104.424 E2.10147
G1 X106.466 Y104.694 E2.12441
G1 X106.054 Y104.952 E2.1435
G1 X105.543 Y105.216 E2.16608
G1 X104.827 Y105.244 E2.19421
G1 X104.361 Y105.153 E2.21285
G1 X103.715 Y105.243 E2.23846
G1 X103.334 Y104.996 E2.25629
G1 X102.907 Y104.794 E2.27484
G1 X102.602 Y104.381 E2.295
G1 X102.07 Y103.969 E2.32142
G1 X101.628 Y103.468 E2.34765
G1 X101.384 Y102.942 E2.37042
G1 X100.995 Y102.457 E2.39483
G1 X100.885 Y101.761 E2.4225
G1 X100.456 Y101.266 E2.44822
G1 X100.699 Y100.572 E2.47709
G1 X100.759 Y100.051 E2.49768
G1 X100.996 Y99.397 E2.52499
G1 X101.377 Y98.767 E2.5539
G1 X101.702 Y98.118 E2.5824
G1 X102.363 Y98.002 E2.60875
G1 X102.869 Y97.818 E2.62989
G1 X103.358 Y97.773 E2.64917
G1 X103.619 Y97.85 E2.65985
G1 X104.015 Y97.911 F7800
G1 X102.507 Y98.993
;TYPE:Solid infill
;WIDTH:0.38292
G1 F1058.823
G1 X102.338 Y99.147 E2.66735
G1 X101.957 Y99.6 E2.68676
G1 X101.601 Y100.699 F7800
G1 F1058.823
G1 X101.73 Y100.138 E2.70564
;WIDTH:0.41646
G1 F963.754
G1 X101.836 Y100.056 E2.71047
;WIDTH:0.449999
G1 F884.349
G1 X101.942 Y99.975 E2.71571
G1 X103.181 Y98.736 E2.78451
G1 X103.638 Y98.855 E2.80305
G1 X101.752 Y100.741 E2.90778
G1 X101.766 Y101.302 E2.92981
G1 X104.153 Y98.915 E3.06236
G1 X104.719 Y98.925 E3.08459
G1 X101.863 Y101.781 E3.24318
G1 X102.009 Y102.21 E3.26097
G1 X105.296 Y98.923 E3.44349
G1 X106.005 Y98.577 E3.47447
;WIDTH:0.38292
G1 F1058.823
G1 X105.848 Y98.624 E3.47984
;WIDTH:0.41646
G1 F963.754
G1 X105.946 Y98.688 E3.48406
;WIDTH:0.449999
G1 F884.349
G1 X106.044 Y98.751 E3.48863
G1 X102.237 Y102.558 E3.70003
G1 X102.51 Y102.861 E3.71604
G1 X106.421 Y98.95 E3.93321
G1 X106.758 Y99.188 E3.94941
G1 X102.787 Y103.159 E4.16991
G1 X103.101 Y103.421 E4.18597
G1 X107.012 Y99.51 E4.40314
G1 X107.23 Y99.868 E4.4196
G1 X103.422 Y103.676 E4.63105
G1 X103.773 Y103.9 E4.6474
G1 X107.385 Y100.288 E4.84797
G1 X107.457 Y100.792 E4.86796
G1 X104.146 Y104.104 E5.05184
G1 X104.612 Y104.213 E5.07063
G1 X107.438 Y101.387 E5.22755
G1 X107.374 Y101.925 E5.24882
;WIDTH:0.38292
G1 F1058.823
G1 X107.399 Y102.086 E5.25416
G1 X107.055 Y102.55 E5.2731
G1 X106.578 Y103.062 E5.29605
G1 X105.808 Y103.769 E5.33033
G1 X105.469 Y104.035 E5.34446
G1 X105.295 Y104.047 E5.35018
;WIDTH:0.41646
G1 F963.754
G1 X105.439 Y103.932 E5.35682
;WIDTH:0.449999
G1 F884.349
G1 X105.583 Y103.818 E5.36403
G1 X107.187 Y102.213 E5.45313
;LAYER_CHANGE
;Z:24.15
;HEIGHT:0.199999
G92 E0
G1 Z24.15 F7800
G1 X103.343 Y98.337
;TYPE:Perimeter
G1 F884.349
G1 X103.436 Y98.297 E.00398
G1 X103.707 Y98.372 E.01502
G1 X104.219 Y98.442 E.03531
G1 X104.75 Y98.477 E.0562
G1 X105.283 Y98.433 E.0772
G1 X105.776 Y98.307 E.09718
G1 X106.552 Y98.693 E.13121
G1 X106.961 Y98.986 E.15096
G1 X107.345 Y99.497 E.17606
G1 X107.651 Y100.26 E.20834
G1 X107.741 Y100.896 E.23356
G1 X107.666 Y101.581 E.26062
G1 X107.454 Y102.252 E.28825
G1 X107.231 Y102.616 E.30501
G1 X106.743 Y103.164 E.33382
G1 X105.934 Y103.854 E.37557
G1 X105.497 Y104.123 E.39572
G1 X105.029 Y104.362 E.41635
G1 X104.492 Y104.408 E.43751
G1 X104.181 Y104.366 E.44983
G1 X103.731 Y104.138 E.46964
G1 X103.269 Y103.842 E.49118
G1 X102.683 Y103.382 E.52043
G1 X102.081 Y102.749 E.55473
G1 X101.753 Y102.252 E.57811
G1 X101.539 Y101.556 E.6067
G1 X101.48 Y100.999 E.62869
G1 X101.517 Y100.468 E.64959
G1 X101.608 Y100.136 E.66311
G1 X101.828 Y99.573 E.68684
G1 X102.238 Y98.99 E.71483
G1 X102.929 Y98.519 E.74767
G1 X103.288 Y98.361 E.76307
G1 X103.415 Y97.868 F7800
G1 F884.349
G1 X104.03 Y98.012 E.78787
G1 X104.616 Y98.073 E.811
G1 X105.125 Y98.052 E.831
G1 X105.646 Y97.912 E.85218
G1 X105.878 Y97.906 E.86129
M73 P92 R2
G1 X106.347 Y98.113 E.88142
G1 X106.778 Y98.353 E.90079
G1 X107.254 Y98.697 E.92385
G1 X107.703 Y99.295 E.95321
G1 X108.044 Y100.148 E.98928
G1 X108.15 Y100.9 E1.0191
M73 Q92 S2
G1 X108.066 Y101.665 E1.04932
G1 X107.827 Y102.422 E1.08049
G1 X107.559 Y102.86 E1.10065
G1 X107.029 Y103.456 E1.13197
G1 X106.174 Y104.185 E1.17609
G1 X105.627 Y104.521 E1.2013
G1 X105.154 Y104.755 E1.22202
G1 X104.504 Y104.815 E1.24765
G1 X104.184 Y104.784 E1.26027
G1 X103.764 Y104.62 E1.27797
G1 X103.317 Y104.367 E1.29814
G1 X102.825 Y104.021 E1.32176
G1 X102.405 Y103.68 E1.343
G1 X101.761 Y103.003 E1.37969
G1 X101.382 Y102.427 E1.40676
G1 X101.138 Y101.638 E1.43919
G1 X101.071 Y101.007 E1.46411
G1 X101.114 Y100.399 E1.48804
G1 X101.267 Y99.841 E1.51076
G1 X101.471 Y99.373 E1.53081
G1 X101.948 Y98.695 E1.56336
G1 X102.731 Y98.162 E1.60055
G1 X103.36 Y97.885 E1.62754
G1 X103.516 Y97.47 F7800
;TYPE:External perimeter
G1 F884.349
G1 X103.595 Y97.464 E1.63065
G1 X104.029 Y97.672 E1.64955
G1 X104.499 Y97.634 E1.66806
G1 X105.171 Y97.463 E1.69529
G1 X105.856 Y97.439 E1.7222
G1 X106.389 Y97.734 E1.74612
G1 X107.072 Y97.884 E1.77358
G1 X107.3 Y98.462 E1.79798
G1 X107.714 Y98.697 E1.81667
G1 X107.97 Y99.158 E1.83737
G1 X108.369 Y99.674 E1.86298
G1 X108.605 Y100.788 E1.90769
G1 X108.354 Y101.086 E1.92299
G1 X108.487 Y101.855 E1.95363
G1 X108.363 Y102.553 E1.98147
G1 X108.054 Y103.204 E2.00976
G1 X107.539 Y103.584 E2.03489
G1 X107.162 Y104.048 E2.05836
G1 X106.517 Y104.377 E2.08679
G1 X106.15 Y104.838 E2.10993
G1 X105.678 Y105.076 E2.13069
G1 X104.922 Y105.082 E2.16037
G1 X104.441 Y105.28 E2.18079
G1 X103.93 Y105.33 E2.20095
G1 X103.329 Y104.939 E2.2291
G1 X102.418 Y104.113 E2.27738
G1 X101.996 Y103.682 E2.30106
G1 X101.436 Y103.397 E2.32573
G1 X101.136 Y102.834 E2.35078
G1 X100.903 Y102.281 E2.37434
G1 X100.869 Y101.568 E2.40237
G1 X100.782 Y101.021 E2.42412
G1 X100.524 Y100.319 E2.45349
G1 X100.727 Y99.767 E2.47658
G1 X101.186 Y99.28 E2.50286
G1 X101.404 Y98.76 E2.525
G1 X101.891 Y98.276 E2.55196
G1 X102.474 Y97.864 E2.57999
G1 X102.834 Y97.519 E2.59957
G1 X103.456 Y97.474 E2.62406
G1 X103.839 Y97.589 F7800
G92 E0
G1 X102.233 Y102.628
;TYPE:Solid infill
;WIDTH:0.38292
G1 F1058.823
G1 X102.822 Y103.233 E.02769
G1 X103.441 Y103.779 E.05476
G1 X104.404 Y104.219 F7800
G1 F1058.823
G1 X104.077 Y104.115 E.06601
;WIDTH:0.41646
G1 F963.754
G1 X103.994 Y104.003 E.07103
;WIDTH:0.449999
G1 F884.349
G1 X103.912 Y103.89 E.07651
G1 X101.984 Y101.963 E.18354
G1 X101.779 Y101.802 E.19377
;WIDTH:0.38292
G1 F1058.823
G1 X101.663 Y101.279 E.21134
;WIDTH:0.41646
G1 F963.754
G1 X101.736 Y101.246 E.21423
;WIDTH:0.449999
G1 F884.349
G1 X101.81 Y101.213 E.21741
G1 X104.693 Y104.096 E.3775
G1 X105.14 Y103.967 E.39577
G1 X101.811 Y100.639 E.5806
G1 X101.916 Y100.168 E.59955
G1 X105.507 Y103.759 E.79895
G1 X105.849 Y103.525 E.81522
G1 X102.081 Y99.757 E1.02445
G1 X102.313 Y99.414 E1.04071
G1 X106.16 Y103.261 E1.25433
G1 X106.471 Y102.996 E1.27037
G1 X102.593 Y99.118 E1.48571
G1 X102.935 Y98.884 E1.50198
G1 X106.749 Y102.698 E1.71377
G1 X107.013 Y102.387 E1.72979
G1 X103.311 Y98.685 E1.93536
G1 X103.918 Y98.715 E1.95922
G1 X107.211 Y102.009 E2.1421
G1 X107.349 Y101.571 E2.16013
G1 X104.554 Y98.776 E2.31533
G1 X104.498 Y98.671 E2.32
;WIDTH:0.41646
G1 F963.754
G1 X104.442 Y98.565 E2.32432
;WIDTH:0.38292
G1 F1058.823
G1 X104.453 Y98.606 E2.32571
G1 X104.382 Y98.625 E2.32812
G1 X104.401 Y98.554 E2.33053
;WIDTH:0.449999
G1 F884.349
G1 X105.118 Y98.764 E2.35987
G1 X107.416 Y101.062 E2.48747
G92 E0
G1 X105.746 Y98.809 F7800
;WIDTH:0.460047
G1 F863.046
G1 X107.294 Y100.382 E.08879
;WIDTH:0.425605
G1 F940.722
G1 X107.386 Y100.474 E.09359
G1 X107.365 Y100.335 E.09878
G1 X107.087 Y99.642 E.12634
;WIDTH:0.460047
G1 F863.046
G1 X106.765 Y99.241 E.14703
G1 X106.116 Y98.797 E.17867
G1 X105.717 Y98.636 E.19598
G1 X105.602 Y98.665 E.20075
;LAYER_CHANGE
;Z:24.35
;HEIGHT:0.200001
G1 Z24.35 F7800
G1 X104.034 Y98.225
;TYPE:Perimeter
;WIDTH:0.449999
G1 F884.349
G1 X104.381 Y98.271 E.21449
G1 X104.894 Y98.268 E.23463
G1 X105.461 Y98.18 E.25716
G1 X106.036 Y98.43 E.28178
G1 X106.509 Y98.685 E.30288
G1 X106.929 Y98.995 E.32338
G1 X107.35 Y99.581 E.35171
G1 X107.592 Y100.217 E.37843
G1 X107.687 Y100.862 E.40403
G1 X107.608 Y101.58 E.43239
G1 X107.494 Y101.978 E.44865
G1 X107.195 Y102.548 E.47392
G1 X106.836 Y102.945 E.49494
G1 X106.39 Y103.353 E.51867
G1 X105.703 Y103.885 E.55279
G1 X105.131 Y104.197 E.57837
G1 X104.838 Y104.283 E.59036
G1 X104.292 Y104.276 E.6118
G1 X103.908 Y104.12 E.62807
G1 X103.428 Y103.845 E.64979
G1 X102.714 Y103.304 E.68496
G1 X102.284 Y102.855 E.70937
G1 X101.923 Y102.386 E.73261
G1 X101.703 Y101.948 E.75186
G1 X101.567 Y101.39 E.77441
G1 X101.535 Y100.818 E.7969
G1 X101.604 Y100.282 E.81812
G1 X101.887 Y99.543 E.84919
G1 X102.308 Y98.951 E.87771
G1 X102.61 Y98.744 E.89209
G1 X103.054 Y98.477 E.91243
G1 X103.672 Y98.203 E.93897
G1 X103.896 Y98.207 E.94777
G1 X103.975 Y98.217 E.9509
G1 X104.109 Y97.838 F7800
G1 F884.349
G1 X104.25 Y97.856 E.95648
G1 X104.853 Y97.863 E.98016
G1 X105.43 Y97.759 E1.00318
G1 X105.611 Y97.802 E1.01048
G1 X106.214 Y98.064 E1.03629
G1 X106.733 Y98.345 E1.05946
G1 X107.215 Y98.699 E1.08294
G1 X107.408 Y98.943 E1.09516
G1 X107.715 Y99.395 E1.11661
G1 X107.988 Y100.114 E1.14681
G1 X108.097 Y100.854 E1.17618
G1 X108.044 Y101.335 E1.19518
G1 X107.963 Y101.838 E1.21518
G1 X107.794 Y102.336 E1.23583
G1 X107.524 Y102.791 E1.2566
G1 X106.989 Y103.383 E1.28793
G1 X106.139 Y104.095 E1.33147
G1 X105.663 Y104.388 E1.35342
G1 X105.143 Y104.645 E1.3762
G1 X104.879 Y104.689 E1.38671
G1 X104.368 Y104.708 E1.40679
G1 X104.056 Y104.641 E1.41932
G1 X103.654 Y104.45 E1.4368
G1 X103.201 Y104.184 E1.45743
G1 X102.442 Y103.609 E1.49482
G1 X101.807 Y102.945 E1.53089
G1 X101.461 Y102.428 E1.55532
G1 X101.316 Y102.077 E1.57023
G1 X101.166 Y101.457 E1.59528
G1 X101.127 Y100.795 E1.62132
G1 X101.206 Y100.181 E1.64563
G1 X101.526 Y99.349 E1.68063
G1 X102.018 Y98.657 E1.71397
G1 X102.738 Y98.178 E1.74793
G1 X103.298 Y97.906 E1.77237
G1 X103.714 Y97.788 E1.78935
G1 X104.05 Y97.831 E1.80265
G1 X104.209 Y97.319 F7800
;TYPE:External perimeter
G1 F884.349
G1 X104.479 Y97.319 E1.81325
G1 X104.959 Y97.57 E1.83452
G1 X105.568 Y97.275 E1.86109
G1 X106.743 Y97.986 E1.91501
G1 X107.286 Y98.261 E1.93891
G1 X107.495 Y98.697 E1.95789
G1 X108.083 Y99.088 E1.98562
G1 X108.137 Y99.689 E2.00931
G1 X108.585 Y100.09 E2.03292
G1 X108.401 Y100.623 E2.05506
G1 X108.308 Y101.164 E2.07661
G1 X108.507 Y101.456 E2.09048
G1 X108.147 Y102.087 E2.119
G1 X108.236 Y102.665 E2.14196
G1 X107.899 Y103.082 E2.16301
G1 X107.432 Y103.389 E2.18495
G1 X106.985 Y103.862 E2.2105
G1 X106.739 Y104.275 E2.22937
G1 X106.274 Y104.546 E2.2505
G1 X105.571 Y104.705 E2.2788
G1 X105.118 Y105.181 E2.3046
G1 X104.586 Y105.092 E2.32578
G1 X103.901 Y105.038 E2.35276
G1 X103.382 Y104.755 E2.37597
G1 X102.888 Y104.33 E2.40156
G1 X102.422 Y104.14 E2.42132
G1 X101.98 Y103.824 E2.44265
G1 X101.739 Y103.229 E2.46786
G1 X101.381 Y102.8 E2.4898
G1 X100.768 Y102.296 E2.52096
G1 X100.645 Y101.839 E2.53954
G1 X100.875 Y101.07 E2.57106
G1 X100.798 Y100.463 E2.59508
G1 X100.838 Y99.953 E2.61517
G1 X101.208 Y99.36 E2.64261
G1 X101.411 Y98.849 E2.6642
G1 X101.845 Y98.347 E2.69026
G1 X102.238 Y98.054 E2.70951
G1 X102.79 Y97.551 E2.73883
G1 X103.398 Y97.32 E2.76437
G1 X104.149 Y97.319 E2.79386
G1 X104.545 Y97.373 F7800
G92 E0
G1 X102.453 Y99.098
;TYPE:Solid infill
;WIDTH:0.38292
G1 F1058.823
G1 X102.064 Y99.558 E.01976
;WIDTH:0.449999
G1 F884.349
G1 X102.075 Y99.906 E.03343
G1 X103.269 Y98.712 E.09973
G1 X103.353 Y98.601 E.1052
;WIDTH:0.41646
G1 F963.754
G1 X103.436 Y98.49 E.11019
;WIDTH:0.38292
G1 F1058.823
G1 X103.808 Y98.382 E.12289
;WIDTH:0.449999
G1 F884.349
G1 X104.018 Y98.539 E.13319
G1 X101.858 Y100.699 E.25313
G1 X101.858 Y101.275 E.27575
G1 X104.549 Y98.583 E.4252
G1 X105.467 Y98.331 F7800
;WIDTH:0.38292
G1 F1058.823
G1 X105.396 Y98.312 E.42761
G1 X105.415 Y98.383 E.43002
G1 X105.456 Y98.372 E.43141
;WIDTH:0.41646
G1 F963.754
G1 X105.313 Y98.456 E.43739
;WIDTH:0.449999
G1 F884.349
G1 X105.17 Y98.539 E.44388
G1 X101.965 Y101.743 E.62182
G1 X102.133 Y102.151 E.63914
G1 X105.681 Y98.603 E.83616
G1 X106.072 Y98.788 E.85314
G1 X102.364 Y102.496 E1.05904
G1 X102.645 Y102.79 E1.07501
G1 X106.429 Y99.006 E1.28513
G1 X106.75 Y99.261 E1.30123
G1 X102.928 Y103.083 E1.51346
G1 X103.256 Y103.331 E1.52961
G1 X106.993 Y99.593 E1.73715
G1 X107.177 Y99.985 E1.75415
G1 X103.583 Y103.579 E1.95372
G1 X103.944 Y103.794 E1.97022
G1 X107.314 Y100.425 E2.15732
G1 X107.371 Y100.943 E2.17778
G1 X104.34 Y103.974 E2.34609
G92 E0
G1 X107.184 Y101.671 F7800
;WIDTH:0.396945
G1 F1016.877
G1 X106.957 Y101.895 E.01089
;WIDTH:0.413321
G1 F971.92
G1 X106.247 Y102.617 E.04707
G1 X105.539 Y103.294 E.08207
;WIDTH:0.370059
G1 F1100.45
G1 X104.83 Y104.003 E.11371
G1 X104.944 Y103.991 E.11733
G1 X105.747 Y103.545 E.14631
;WIDTH:0.413321
G1 F971.92
G1 X106.497 Y102.89 E.18189
G1 X106.958 Y102.395 E.20606
;WIDTH:0.396945
G1 F1016.877
G1 X107.176 Y102.028 E.22064
G1 X107.329 Y101.528 E.2385
;LAYER_CHANGE
;Z:24.55
;HEIGHT:0.199999
G92 E0
G1 Z24.55 F7800
G1 X104.954 Y98.062
;TYPE:Perimeter
;WIDTH:0.449999
G1 F884.349
M73 P93 R2
G1 X105.097 Y98.055 E.00562
G1 X105.919 Y98.394 E.04053
G1 X106.44 Y98.67 E.06368
G1 X106.875 Y98.986 E.08479
G1 X107.261 Y99.485 E.10956
M73 Q93 S2
G1 X107.543 Y100.209 E.14007
G1 X107.632 Y100.938 E.16891
G1 X107.576 Y101.419 E.18792
G1 X107.433 Y101.962 E.20997
G1 X107.158 Y102.469 E.23262
G1 X106.66 Y103.021 E.26181
G1 X105.99 Y103.586 E.29622
G1 X105.5 Y103.888 E.31882
G1 X104.955 Y104.143 E.34245
G1 X104.704 Y104.162 E.35233
G1 X104.296 Y104.162 E.36835
G1 X103.823 Y103.961 E.38853
G1 X103.389 Y103.703 E.40835
G1 X102.757 Y103.237 E.43918
G1 X102.488 Y102.957 E.45443
G1 X102.088 Y102.493 E.47848
G1 X101.819 Y102.048 E.4989
G1 X101.677 Y101.594 E.51758
G1 X101.586 Y101.04 E.53962
G1 X101.611 Y100.531 E.55963
G1 X101.692 Y100.186 E.57354
G1 X101.927 Y99.54 E.60053
G1 X102.337 Y98.958 E.62848
G1 X103.121 Y98.466 E.66482
G1 X103.59 Y98.251 E.68508
G1 X104.149 Y98.077 E.70807
G1 X104.592 Y98.082 E.72547
G1 X104.894 Y98.065 E.73735
G1 X104.892 Y97.657 F7800
G1 F884.349
G1 X105.128 Y97.641 E.74664
G1 X105.522 Y97.779 E.76303
G1 X106.098 Y98.029 E.78768
G1 X106.698 Y98.351 E.81442
G1 X107.166 Y98.697 E.83727
G1 X107.619 Y99.283 E.86635
G1 X107.938 Y100.101 E.90082
G1 X107.99 Y100.415 E.91332
G1 X108.04 Y100.945 E.93422
G1 X108.012 Y101.261 E.94668
G1 X107.921 Y101.757 E.96648
G1 X107.748 Y102.27 E.98774
G1 X107.487 Y102.711 E1.00786
G1 X106.944 Y103.314 E1.03972
G1 X106.23 Y103.917 E1.07642
G1 X105.585 Y104.313 E1.10614
G1 X105.055 Y104.544 E1.12884
G1 X104.385 Y104.595 E1.15522
G1 X104.062 Y104.529 E1.16816
G1 X103.63 Y104.32 E1.187
G1 X103.164 Y104.043 E1.20829
G1 X102.487 Y103.544 E1.24131
G1 X102.063 Y103.103 E1.26533
G1 X101.661 Y102.593 E1.29083
G1 X101.447 Y102.213 E1.30795
G1 X101.283 Y101.694 E1.32932
G1 X101.178 Y101.055 E1.35475
G1 X101.207 Y100.474 E1.37759
G1 X101.351 Y99.856 E1.40251
G1 X101.569 Y99.341 E1.42447
G1 X102.074 Y98.644 E1.45827
G1 X102.495 Y98.363 E1.47814
G1 X102.97 Y98.087 E1.49971
G1 X103.445 Y97.87 E1.52021
G1 X104.093 Y97.672 E1.54681
G1 X104.629 Y97.676 E1.56786
G1 X104.833 Y97.662 E1.57589
M73 P93 R1
G1 X104.833 Y97.3 F7800
;TYPE:External perimeter
G1 F884.349
G1 X105.189 Y97.372 E1.59015
G1 X105.826 Y97.358 E1.61517
G1 X106.329 Y97.504 E1.63574
G1 X106.686 Y97.821 E1.65449
G1 X107.187 Y98.342 E1.68287
G1 X107.752 Y98.569 E1.70678
G1 X108.086 Y99.223 E1.73561
G1 X108.222 Y99.747 E1.75687
G1 X108.573 Y100.249 E1.78092
G1 X108.491 Y100.831 E1.804
G1 X108.597 Y101.268 E1.82166
G1 X108.254 Y101.96 E1.85199
G1 X108.272 Y102.55 E1.87517
M73 Q93 S1
G1 X107.848 Y102.861 E1.89582
G1 X107.104 Y103.924 E1.94677
G1 X106.687 Y104.239 E1.96729
G1 X106.178 Y104.418 E1.98848
G1 X105.788 Y104.761 E2.00887
G1 X105.205 Y104.924 E2.03264
G1 X104.613 Y105.186 E2.05806
G1 X104.032 Y104.985 E2.0822
G1 X103.527 Y104.527 E2.10897
G1 X102.964 Y104.363 E2.13199
G1 X102.532 Y103.886 E2.15726
G1 X101.685 Y103.201 E2.20003
G1 X101.324 Y102.771 E2.22207
G1 X100.725 Y101.729 E2.26926
G1 X100.785 Y101.174 E2.29118
G1 X100.801 Y100.651 E2.31172
G1 X100.771 Y100.091 E2.33374
G1 X101.043 Y99.504 E2.35914
G1 X101.741 Y98.516 E2.40664
G1 X102.276 Y98.136 E2.43241
G1 X102.741 Y97.544 E2.46197
G1 X103.214 Y97.329 E2.48237
G1 X103.738 Y97.502 E2.50404
G1 X104.188 Y97.332 E2.52293
G1 X104.668 Y97.267 E2.54195
G1 X104.774 Y97.288 E2.54619
G1 X105.168 Y97.361 F7800
G92 E0
G1 X102.363 Y102.544
;TYPE:Solid infill
;WIDTH:0.38292
G1 F1058.823
G1 X102.891 Y103.084 E.02477
G1 X102.505 Y102.69 E.04286
G1 X102.046 Y101.807 F7800
;WIDTH:0.449999
G1 F884.349
G1 X103.877 Y103.638 E.14453
G1 X104.036 Y103.728 E.1517
;WIDTH:0.41646
G1 F963.754
G1 X104.195 Y103.818 E.15828
;WIDTH:0.38292
G1 F1058.823
G1 X104.206 Y103.859 E.15967
G1 X104.135 Y103.879 E.16209
G1 X104.154 Y103.807 E.16453
;WIDTH:0.449999
G1 F884.349
G1 X104.673 Y103.859 E.18501
G1 X101.9 Y101.085 E.33902
G1 X101.924 Y100.534 E.36068
G1 X105.126 Y103.736 E.53848
G1 X105.497 Y103.531 E.55512
G1 X102.035 Y100.069 E.74736
G1 X102.21 Y99.668 E.76454
G1 X105.849 Y103.307 E.96661
G1 X106.161 Y103.043 E.98266
G1 X102.447 Y99.329 E1.18889
G1 X102.746 Y99.052 E1.20489
G1 X106.47 Y102.776 E1.41168
G1 X106.743 Y102.474 E1.42766
G1 X103.091 Y98.822 E1.63045
G1 X103.478 Y98.633 E1.64736
G1 X106.993 Y102.148 E1.84254
G1 X107.184 Y101.763 E1.85941
G1 X103.885 Y98.465 E2.04257
G1 X104.367 Y98.371 E2.06185
G1 X107.287 Y101.291 E2.22399
G1 X107.339 Y100.141 F7800
;WIDTH:0.38292
G1 F1058.823
G1 X107.471 Y100.71 E2.24315
;WIDTH:0.41646
G1 F963.754
G1 X107.397 Y100.73 E2.24591
;WIDTH:0.449999
G1 F884.349
G1 X107.323 Y100.751 E2.24893
G1 X104.95 Y98.378 E2.3807
G1 X105.547 Y98.456 E2.40434
;WIDTH:0.38292
G1 F1058.823
G1 X105.528 Y98.527 E2.40675
G1 X105.599 Y98.508 E2.40916
G1 X105.588 Y98.467 E2.41055
;WIDTH:0.41646
G1 F963.754
G1 X105.717 Y98.583 E2.4168
;WIDTH:0.449999
G1 F884.349
G1 X107.125 Y99.978 E2.49462
G1 X107.107 Y99.57 E2.51066
;WIDTH:0.38292
G1 F1058.823
G1 X106.724 Y99.135 E2.52967
G1 X106.48 Y98.919 E2.54036
;LAYER_CHANGE
;Z:24.75
;HEIGHT:0.200001
G1 Z24.75 F7800
G1 X104.781 Y97.987
;TYPE:Perimeter
;WIDTH:0.449999
G1 F884.349
G1 X104.813 Y97.986 E2.54162
G1 X105.33 Y98.158 E2.56301
G1 X105.841 Y98.389 E2.58503
G1 X106.428 Y98.686 E2.61086
G1 X106.841 Y98.996 E2.63114
G1 X107.222 Y99.495 E2.65579
G1 X107.455 Y100.08 E2.68051
G1 X107.532 Y100.444 E2.69512
G1 X107.575 Y100.942 E2.71475
G1 X107.51 Y101.46 E2.73525
G1 X107.315 Y102.059 E2.75998
G1 X107.12 Y102.39 E2.77506
G1 X106.751 Y102.802 E2.79678
G1 X106.359 Y103.167 E2.81781
G1 X105.816 Y103.584 E2.84469
G1 X105.387 Y103.843 E2.86437
G1 X104.856 Y104.05 E2.88675
G1 X104.325 Y104.052 E2.9076
G1 X103.799 Y103.831 E2.93
G1 X103.357 Y103.566 E2.95024
G1 X102.772 Y103.134 E2.97879
G1 X102.396 Y102.745 E3.00003
G1 X102.067 Y102.337 E3.02061
G1 X101.812 Y101.871 E3.04147
G1 X101.67 Y101.291 E3.06492
G1 X101.643 Y100.726 E3.08713
G1 X101.732 Y100.152 E3.10994
G1 X101.972 Y99.542 E3.13568
G1 X102.371 Y98.979 E3.16277
G1 X102.806 Y98.668 E3.18377
G1 X103.354 Y98.375 E3.20817
G1 X103.875 Y98.159 E3.23032
G1 X104.369 Y97.992 E3.2508
G1 X104.721 Y97.988 E3.26462
G1 X104.808 Y97.598 F7800
G1 F884.349
G1 X105.053 Y97.615 E3.27426
G1 X105.551 Y97.807 E3.29522
G1 X106.19 Y98.102 E3.32285
G1 X106.644 Y98.34 E3.34298
G1 X107.129 Y98.706 E3.36684
G1 X107.583 Y99.301 E3.39623
G1 X107.851 Y99.977 E3.42478
G1 X107.953 Y100.492 E3.44539
G1 X107.982 Y100.956 E3.46364
G1 X107.907 Y101.554 E3.4873
G1 X107.688 Y102.227 E3.51509
G1 X107.45 Y102.631 E3.5335
G1 X107.054 Y103.074 E3.55683
G1 X106.62 Y103.479 E3.58014
G1 X106.036 Y103.927 E3.60904
G1 X105.559 Y104.213 E3.63088
G1 X104.945 Y104.453 E3.65676
G1 X104.419 Y104.485 E3.67745
G1 X104.073 Y104.417 E3.6913
G1 X103.605 Y104.189 E3.71174
G1 X103.131 Y103.905 E3.73344
G1 X102.503 Y103.441 E3.7641
G1 X101.957 Y102.876 E3.79495
G1 X101.61 Y102.401 E3.81805
G1 X101.426 Y102.008 E3.83509
G1 X101.269 Y101.365 E3.86108
G1 X101.236 Y100.695 E3.88742
G1 X101.337 Y100.045 E3.91325
G1 X101.61 Y99.35 E3.94257
G1 X101.948 Y98.854 E3.96614
G1 X102.163 Y98.61 E3.97891
G1 X102.757 Y98.211 E4.00701
G1 X103.239 Y97.979 E4.02801
G1 X103.728 Y97.78 E4.04874
G1 X104.307 Y97.586 E4.07272
G1 X104.578 Y97.582 E4.08336
G1 X104.748 Y97.594 E4.09005
G1 X104.844 Y97.082 F7800
;TYPE:External perimeter
G1 F884.349
G1 X105.309 Y97.11 E4.10834
G1 X105.956 Y97.327 E4.13513
G1 X106.385 Y97.601 E4.15512
G1 X106.848 Y98.171 E4.18395
G1 X107.443 Y98.263 E4.20759
G1 X107.78 Y98.871 E4.23488
G1 X107.902 Y99.34 E4.25391
G1 X108.216 Y99.908 E4.27939
G1 X108.251 Y100.437 E4.30021
G1 X108.399 Y101.074 E4.32589
G1 X108.303 Y101.569 E4.34569
G1 X108.22 Y102.323 E4.37547
G1 X107.733 Y102.609 E4.39765
G1 X107.441 Y103.24 E4.42495
G1 X106.847 Y103.673 E4.45381
G1 X106.33 Y103.962 E4.47707
G1 X106.038 Y104.553 E4.50295
G1 X105.412 Y104.5 E4.52762
G1 X104.98 Y104.659 E4.54569
G1 X104.379 Y104.795 E4.56988
G1 X103.838 Y104.77 E4.59114
G1 X103.297 Y104.487 E4.61511
G1 X102.684 Y104.268 E4.64067
G1 X102.364 Y103.747 E4.66468
G1 X101.932 Y103.22 E4.69144
G1 X101.338 Y102.941 E4.71721
G1 X101.13 Y102.515 E4.73582
G1 X101 Y101.916 E4.75989
G1 X100.751 Y101.392 E4.78267
G1 X100.66 Y100.715 E4.80949
G1 X100.887 Y100.228 E4.83059
G1 X101.198 Y99.725 E4.85381
G1 X101.263 Y99.225 E4.87361
G1 X101.558 Y98.78 E4.89457
G1 X102.001 Y98.295 E4.92036
G1 X102.477 Y97.996 E4.94243
G1 X102.914 Y97.642 E4.96451
G1 X103.589 Y97.461 E4.99195
G1 X104.563 Y97.065 E5.03323
G1 X104.784 Y97.078 E5.04192
G1 X105.183 Y97.102 F7800
G92 E0
G1 X102.949 Y98.76
;TYPE:Solid infill
;WIDTH:0.38292
G1 F1058.823
G1 X102.475 Y99.164 E.02042
G1 X103.678 Y98.506 F7800
G1 F1058.823
G1 X103.607 Y98.487 E.02283
G1 X103.626 Y98.558 E.02524
G1 X103.667 Y98.547 E.02663
;WIDTH:0.41646
G1 F963.754
G1 X103.511 Y98.63 E.033
;WIDTH:0.449999
G1 F884.349
G1 X103.355 Y98.714 E.03996
G1 X102.153 Y99.915 E.10668
G1 X102.046 Y99.997 E.11197
;WIDTH:0.41646
G1 F963.754
G1 X101.939 Y100.079 E.11683
;WIDTH:0.38292
G1 F1058.823
G1 X101.81 Y100.642 E.13577
;WIDTH:0.449999
G1 F884.349
G1 X101.958 Y100.686 E.14183
G1 X104.319 Y98.326 E.2729
G1 X104.895 Y98.325 E.29552
G1 X101.978 Y101.242 E.4575
G1 X102.087 Y101.709 E.47633
G1 X105.314 Y98.482 E.65552
G1 X105.707 Y98.664 E.67253
G1 X102.272 Y102.099 E.86327
G1 X102.517 Y102.43 E.87944
G1 X106.101 Y98.846 E1.07845
G1 X106.449 Y99.073 E1.09476
G1 X102.8 Y102.723 E1.29741
G1 X103.101 Y102.997 E1.31339
G1 X106.737 Y99.362 E1.51526
G1 X106.975 Y99.699 E1.53146
G1 X103.432 Y103.242 E1.7282
G1 X103.784 Y103.466 E1.74458
G1 X107.139 Y100.111 E1.93088
G1 X107.242 Y100.583 E1.94985
G1 X104.159 Y103.667 E2.12107
G1 X104.644 Y103.758 E2.14045
G1 X107.248 Y101.154 E2.28505
M73 P94 R1
G1 X107.19 Y101.667 E2.30532
M73 Q94 S1
;WIDTH:0.38292
G1 F1058.823
G1 X107.206 Y101.852 E2.31141
G1 X106.925 Y102.247 E2.32731
G1 X106.436 Y102.764 E2.35065
G1 X105.874 Y103.278 E2.37563
G1 X105.545 Y103.535 E2.38932
G1 X105.372 Y103.545 E2.395
;WIDTH:0.41646
G1 F963.754
G1 X105.516 Y103.431 E2.40162
;WIDTH:0.449999
G1 F884.349
G1 X105.66 Y103.317 E2.40883
G1 X107.022 Y101.955 E2.48446
;LAYER_CHANGE
;Z:24.95
;HEIGHT:0.200001
G92 E0
G1 Z24.95 F7800
G1 X104.811 Y98.015
;TYPE:Perimeter
G1 F884.349
G1 X105.147 Y98.111 E.01372
G1 X105.864 Y98.41 E.04422
G1 X106.372 Y98.682 E.06685
G1 X106.798 Y98.999 E.0877
G1 X107.185 Y99.52 E.11318
G1 X107.409 Y100.083 E.13697
G1 X107.471 Y100.413 E.15015
G1 X107.512 Y100.873 E.16828
G1 X107.469 Y101.289 E.1847
G1 X107.332 Y101.815 E.20604
G1 X107.083 Y102.311 E.22783
G1 X106.713 Y102.725 E.24963
G1 X106.287 Y103.118 E.27239
G1 X105.869 Y103.436 E.29301
G1 X105.345 Y103.75 E.317
G1 X104.828 Y103.94 E.33863
G1 X104.608 Y103.955 E.34729
G1 X104.223 Y103.914 E.36249
G1 X103.771 Y103.698 E.38216
G1 X103.322 Y103.427 E.40275
G1 X102.876 Y103.1 E.42446
G1 X102.487 Y102.715 E.44595
G1 X102.136 Y102.308 E.46705
G1 X101.87 Y101.841 E.48815
G1 X101.694 Y101.084 E.51867
G1 X101.697 Y100.679 E.53457
G1 X101.796 Y100.089 E.55806
G1 X102.001 Y99.579 E.57964
G1 X102.244 Y99.204 E.59719
G1 X102.513 Y98.891 E.61339
G1 X102.969 Y98.584 E.63497
G1 X103.517 Y98.319 E.65887
G1 X104.407 Y98.014 E.69581
G1 X104.751 Y98.014 E.70932
G1 X104.853 Y97.607 F7800
G1 F884.349
G1 X105.296 Y97.733 E.7274
G1 X106.042 Y98.044 E.75913
G1 X106.58 Y98.332 E.78309
G1 X107.087 Y98.71 E.80792
G1 X107.55 Y99.336 E.83849
G1 X107.801 Y99.969 E.86523
G1 X107.922 Y100.605 E.89065
G1 X107.916 Y101.094 E.90985
G1 X107.817 Y101.665 E.9326
G1 X107.643 Y102.16 E.9532
G1 X107.413 Y102.552 E.97105
G1 X107.017 Y102.996 E.99441
G1 X106.547 Y103.431 E1.01956
G1 X106.092 Y103.777 E1.042
G1 X105.513 Y104.122 E1.06846
G1 X104.914 Y104.342 E1.09352
G1 X104.449 Y104.374 E1.11182
G1 X104.093 Y104.303 E1.12607
G1 X103.577 Y104.057 E1.14852
G1 X103.096 Y103.766 E1.17059
G1 X102.611 Y103.411 E1.19419
G1 X102.014 Y102.819 E1.2272
G1 X101.684 Y102.387 E1.24855
G1 X101.484 Y101.978 E1.26643
G1 X101.287 Y101.129 E1.30065
G1 X101.29 Y100.644 E1.31969
G1 X101.402 Y99.978 E1.34621
G1 X101.638 Y99.391 E1.37105
G1 X101.902 Y98.983 E1.39013
G1 X102.252 Y98.576 E1.41121
G1 X102.766 Y98.23 E1.43554
G1 X103.362 Y97.942 E1.46153
G1 X104.34 Y97.607 E1.50212
G1 X104.793 Y97.607 E1.51991
G1 X104.906 Y97.084 F7800
;TYPE:External perimeter
G1 F884.349
G1 X105.149 Y97.126 E1.52959
G1 X105.657 Y97.535 E1.5552
G1 X106.069 Y97.786 E1.57414
G1 X106.628 Y97.728 E1.59621
G1 X107.039 Y98.363 E1.62591
G1 X107.488 Y98.563 E1.64521
G1 X107.766 Y98.997 E1.66545
G1 X108.114 Y99.636 E1.69402
G1 X108.241 Y100.285 E1.71999
G1 X108.335 Y100.953 E1.74648
G1 X108.238 Y101.323 E1.7615
G1 X108.073 Y102.009 E1.7892
G1 X108.087 Y102.568 E1.81116
G1 X107.096 Y103.295 E1.85942
G1 X106.71 Y103.736 E1.88243
G1 X106.168 Y104.074 E1.90751
G1 X105.682 Y104.576 E1.93494
G1 X105.141 Y104.836 E1.95851
G1 X104.382 Y104.645 E1.98924
G1 X103.869 Y104.74 E2.00973
G1 X103.205 Y104.391 E2.03918
G1 X102.716 Y104.179 E2.06011
G1 X102.28 Y103.557 E2.08994
G1 X101.846 Y103.333 E2.10912
G1 X101.259 Y102.089 E2.16313
G1 X101.175 Y101.575 E2.18358
G1 X100.717 Y101.073 E2.21026
G1 X101.049 Y100.476 E2.23708
G1 X100.963 Y99.694 E2.26797
G1 X101.46 Y99.236 E2.29451
G1 X101.65 Y98.519 E2.32363
G1 X101.915 Y98.077 E2.34387
G1 X102.688 Y97.999 E2.37438
G1 X103.233 Y97.559 E2.40188
G1 X103.866 Y97.171 E2.43103
G1 X104.43 Y97.001 E2.45416
G1 X104.847 Y97.073 E2.47078
G1 X105.224 Y97.206 F7800
G92 E0
G1 X102.182 Y102.082
;TYPE:Solid infill
;WIDTH:0.38292
G1 F1058.823
G1 X102.474 Y102.415 E.01452
G1 X103.007 Y102.946 E.03919
G1 X103.41 Y103.292 E.05661
;WIDTH:0.449999
G1 F884.349
G1 X103.923 Y103.432 E.07749
G1 X102.138 Y101.648 E.17658
G1 X102 Y100.934 E.20513
G1 X104.708 Y103.642 E.3555
G1 X105.142 Y103.5 E.37343
G1 X102.052 Y100.41 E.54501
G1 X102.177 Y99.959 E.56339
G1 X105.518 Y103.301 E.74894
G1 X105.865 Y103.072 E.76526
G1 X102.368 Y99.574 E.95947
G1 X102.603 Y99.234 E.9757
G1 X106.179 Y102.811 E1.1743
G1 X106.476 Y102.532 E1.1903
G1 X102.926 Y98.981 E1.38745
G1 X103.289 Y98.769 E1.40396
G1 X106.748 Y102.227 E1.59601
G1 X106.979 Y101.883 E1.61228
G1 X103.682 Y98.586 E1.79536
G1 X104.11 Y98.439 E1.81313
G1 X107.129 Y101.458 E1.98077
G1 X107.205 Y100.958 E2.00063
G1 X104.567 Y98.32 E2.14711
G1 X105.338 Y98.515 E2.17834
G1 X107.143 Y100.32 E2.27857
G1 X106.962 Y99.64 E2.3062
;WIDTH:0.425392
G1 F941.245
G1 X106.586 Y99.204 E2.32744
G1 X106.351 Y98.992 E2.33912
;LAYER_CHANGE
;Z:25.15
;HEIGHT:0.199999
G1 Z25.15 F7800
G1 X104.804 Y98.069
;TYPE:Perimeter
;WIDTH:0.449999
G1 F884.349
G1 X105.068 Y98.101 E2.34956
G1 X105.652 Y98.329 E2.37418
G1 X106.329 Y98.678 E2.40409
G1 X106.764 Y99.015 E2.4257
G1 X107.156 Y99.566 E2.45225
G1 X107.388 Y100.154 E2.47707
G1 X107.447 Y100.664 E2.49723
G1 X107.447 Y101.072 E2.51325
G1 X107.339 Y101.579 E2.5336
G1 X107.132 Y102.083 E2.55499
G1 X106.801 Y102.506 E2.57608
G1 X106.366 Y102.935 E2.60007
G1 X105.92 Y103.29 E2.62245
G1 X105.482 Y103.56 E2.64265
G1 X104.968 Y103.775 E2.66453
G1 X104.684 Y103.835 E2.67593
G1 X104.359 Y103.824 E2.6887
G1 X103.832 Y103.608 E2.71106
G1 X103.374 Y103.341 E2.73188
G1 X102.937 Y103.032 E2.75289
G1 X102.544 Y102.653 E2.77433
G1 X102.202 Y102.272 E2.79443
G1 X101.923 Y101.8 E2.81596
G1 X101.749 Y101.058 E2.84588
G1 X101.752 Y100.628 E2.86276
G1 X101.86 Y100.026 E2.88677
G1 X102.03 Y99.616 E2.9042
G1 X102.294 Y99.177 E2.92431
G1 X102.602 Y98.858 E2.94172
G1 X103.189 Y98.505 E2.96861
G1 X103.736 Y98.259 E2.99216
G1 X104.389 Y98.04 E3.0192
G1 X104.585 Y98.043 E3.0269
G1 X104.745 Y98.062 E3.03323
G1 X104.852 Y97.662 F7800
G1 F884.349
G1 X105.186 Y97.71 E3.04648
G1 X105.82 Y97.957 E3.0732
G1 X106.549 Y98.333 E3.10541
G1 X107.051 Y98.723 E3.13037
G1 X107.224 Y98.937 E3.14117
G1 X107.522 Y99.383 E3.16223
G1 X107.782 Y100.045 E3.19016
G1 X107.854 Y100.917 E3.22452
G1 X107.794 Y101.502 E3.24761
G1 X107.591 Y102.103 E3.27252
G1 X107.376 Y102.472 E3.28929
G1 X106.863 Y103.048 E3.31958
G1 X106.416 Y103.426 E3.34257
G1 X105.957 Y103.754 E3.36472
G1 X105.465 Y104.032 E3.38691
G1 X104.915 Y104.224 E3.40978
G1 X104.474 Y104.262 E3.42716
G1 X104.114 Y104.19 E3.44158
G1 X103.659 Y103.976 E3.46132
G1 X103.162 Y103.689 E3.48385
G1 X102.674 Y103.344 E3.50732
G1 X102.073 Y102.765 E3.54009
G1 X101.753 Y102.36 E3.56036
G1 X101.538 Y101.941 E3.57885
G1 X101.341 Y101.103 E3.61265
G1 X101.345 Y100.59 E3.63279
G1 X101.467 Y99.911 E3.65988
G1 X101.665 Y99.431 E3.68027
G1 X101.969 Y98.928 E3.70335
G1 X102.34 Y98.543 E3.72434
G1 X103.008 Y98.14 E3.75497
G1 X103.597 Y97.876 E3.78031
G1 X104.334 Y97.633 E3.81078
G1 X104.671 Y97.636 E3.82401
G1 X104.793 Y97.654 E3.82885
G1 X104.904 Y97.23 F7800
;TYPE:External perimeter
G1 F884.349
G1 X105.567 Y97.251 E3.8549
G1 X106.084 Y97.789 E3.8842
G1 X106.673 Y97.782 E3.90733
G1 X106.903 Y98.322 E3.93038
G1 X107.618 Y98.617 E3.96075
G1 X107.894 Y99.011 E3.97964
G1 X108.073 Y99.662 E4.00615
G1 X108.111 Y100.165 E4.02596
G1 X108.383 Y100.737 E4.05083
G1 X108.232 Y101.107 E4.06652
G1 X108.199 Y101.867 E4.09639
G1 X107.983 Y102.612 E4.12685
G1 X107.281 Y102.948 E4.15741
G1 X106.922 Y103.296 E4.17704
G1 X106.658 Y103.803 E4.19948
G1 X106.321 Y104.199 E4.2199
G1 X105.746 Y104.519 E4.24574
G1 X104.997 Y104.686 E4.27587
G1 X104.449 Y104.639 E4.29747
G1 X103.811 Y104.697 E4.32262
G1 X103.446 Y104.122 E4.34936
G1 X102.72 Y103.951 E4.37865
G1 X102.234 Y103.746 E4.39936
G1 X101.382 Y102.676 E4.45307
G1 X101.21 Y101.997 E4.48057
G1 X100.997 Y101.386 E4.50598
G1 X100.896 Y100.837 E4.5279
G1 X100.841 Y100.148 E4.55504
G1 X101.129 Y99.743 E4.57455
G1 X101.478 Y99.092 E4.60355
G1 X101.643 Y98.59 E4.6243
G1 X102.08 Y98.03 E4.65219
G1 X102.747 Y97.991 E4.67842
G1 X103.219 Y97.375 E4.70889
G1 X103.788 Y97.52 E4.73195
G1 X104.303 Y97.372 E4.75299
G1 X104.845 Y97.243 E4.77487
G1 X105.245 Y97.243 F7800
G1 X103.802 Y98.5
;TYPE:Solid infill
;WIDTH:0.38292
G1 F1058.823
G1 X103.731 Y98.481 E4.77728
G1 X103.75 Y98.553 E4.77972
G1 X103.791 Y98.542 E4.78111
;WIDTH:0.41646
G1 F963.754
G1 X103.633 Y98.623 E4.78751
;WIDTH:0.449999
G1 F884.349
G1 X103.476 Y98.704 E4.79445
G1 X102.216 Y99.964 E4.86442
G1 X102.111 Y100.045 E4.86963
;WIDTH:0.41646
G1 F963.754
G1 X102.006 Y100.127 E4.87443
;WIDTH:0.38292
G1 F1058.823
G1 X101.904 Y100.642 E4.89165
;WIDTH:0.449999
G1 F884.349
G1 X102.057 Y100.699 E4.89806
G1 X104.397 Y98.358 E5.02802
G1 X104.945 Y98.386 E5.04957
G1 X102.102 Y101.228 E5.20741
G1 X102.212 Y101.695 E5.22625
G1 X105.363 Y98.544 E5.40122
G1 X105.756 Y98.726 E5.41823
G1 X102.423 Y102.059 E5.60331
G1 X102.689 Y102.369 E5.61935
G1 X106.136 Y98.922 E5.81076
G1 X106.465 Y99.169 E5.82691
G1 X102.982 Y102.651 E6.02029
G1 X103.295 Y102.915 E6.03637
G1 X106.739 Y99.471 E6.22761
G1 X106.939 Y99.847 E6.24433
G1 X103.64 Y103.145 E6.42749
G1 X104.008 Y103.353 E6.44409
G1 X107.097 Y100.264 E6.61562
G1 X107.142 Y100.795 E6.63654
G1 X104.413 Y103.523 E6.78805
G1 X104.461 Y103.605 E6.79178
;WIDTH:0.41646
G1 F963.754
G1 X104.509 Y103.687 E6.7952
;WIDTH:0.38292
G1 F1058.823
G1 X104.946 Y103.61 E6.80975
;WIDTH:0.449999
G1 F884.349
G1 X105.111 Y103.401 E6.82021
G1 X107.059 Y101.453 E6.92838
G1 X106.866 Y102.102 E6.95497
M73 P95 R1
;WIDTH:0.38292
G1 F1058.823
G1 X106.411 Y102.584 E6.97671
G1 X105.922 Y103.034 E6.9985
;LAYER_CHANGE
;Z:25.35
;HEIGHT:0.200001
G92 E0
G1 Z25.35 F7800
G1 X104.406 Y98.067
M73 Q95 S1
;TYPE:Perimeter
;WIDTH:0.449999
G1 F884.349
G1 X104.785 Y98.075 E.01488
G1 X105.216 Y98.186 E.03236
G1 X105.729 Y98.393 E.05408
G1 X106.212 Y98.64 E.07538
G1 X106.709 Y99.006 E.09962
G1 X106.852 Y99.189 E.10874
G1 X107.127 Y99.61 E.12848
G1 X107.316 Y100.095 E.14892
G1 X107.383 Y100.803 E.17684
G1 X107.339 Y101.335 E.1978
G1 X107.172 Y101.858 E.21936
G1 X106.915 Y102.258 E.23803
G1 X106.58 Y102.634 E.2578
G1 X106.168 Y102.99 E.27918
G1 X105.707 Y103.322 E.30149
G1 X105.257 Y103.566 E.32159
G1 X104.703 Y103.715 E.34412
G1 X104.372 Y103.707 E.35712
G1 X104.095 Y103.609 E.36866
G1 X103.621 Y103.375 E.38942
G1 X103.154 Y103.07 E.41132
G1 X102.668 Y102.658 E.43634
G1 X102.267 Y102.215 E.4598
G1 X101.979 Y101.763 E.48084
G1 X101.819 Y101.094 E.50785
G1 X101.824 Y100.678 E.52419
G1 X101.898 Y100.086 E.54762
G1 X102.064 Y99.646 E.56609
G1 X102.356 Y99.159 E.58839
G1 X102.661 Y98.849 E.60547
G1 X103.235 Y98.516 E.63153
G1 X103.783 Y98.267 E.65516
G1 X104.348 Y98.082 E.6785
G1 X104.35 Y97.658 F7800
G1 F884.349
G1 X104.593 Y97.664 E.68804
G1 X105.049 Y97.715 E.70606
G1 X105.644 Y97.913 E.73068
G1 X106.165 Y98.155 E.75324
G1 X106.611 Y98.397 E.77316
G1 X107.002 Y98.72 E.79307
G1 X107.352 Y99.196 E.81627
G1 X107.587 Y99.67 E.83704
G1 X107.743 Y100.15 E.85686
G1 X107.792 Y100.904 E.88653
G1 X107.736 Y101.432 E.90738
G1 X107.544 Y102.033 E.93215
G1 X107.24 Y102.505 E.95419
G1 X106.867 Y102.924 E.97622
G1 X106.434 Y103.298 E.99869
G1 X105.919 Y103.67 E1.02363
G1 X105.419 Y103.941 E1.04596
G1 X104.921 Y104.104 E1.06653
G1 X104.482 Y104.143 E1.08384
G1 X104.133 Y104.075 E1.0978
G1 X103.523 Y103.793 E1.12419
G1 X103.036 Y103.494 E1.14663
G1 X102.531 Y103.103 E1.17171
G1 X102.185 Y102.742 E1.19134
G1 X101.865 Y102.357 E1.211
G1 X101.596 Y101.913 E1.23138
G1 X101.412 Y101.14 E1.26258
G1 X101.419 Y100.444 E1.28991
G1 X101.504 Y99.977 E1.30855
G1 X101.696 Y99.468 E1.32991
G1 X102.032 Y98.908 E1.35555
G1 X102.403 Y98.531 E1.37632
G1 X103.057 Y98.15 E1.40604
G1 X103.647 Y97.883 E1.43147
G1 X104.293 Y97.675 E1.45812
G1 X104.288 Y97.198 F7800
;TYPE:External perimeter
G1 F884.349
G1 X104.418 Y97.155 E1.4635
G1 X105.102 Y97.419 E1.49229
G1 X105.747 Y97.363 E1.51771
G1 X106.245 Y97.661 E1.5405
G1 X106.776 Y97.828 E1.56236
G1 X107.275 Y98.428 E1.593
G1 X107.522 Y98.919 E1.61458
G1 X108.007 Y99.273 E1.63816
G1 X107.92 Y99.933 E1.6643
G1 X108.201 Y100.539 E1.69053
G1 X108.189 Y100.799 E1.70075
G1 X108.131 Y101.514 E1.72892
G1 X107.948 Y101.982 E1.74865
G1 X107.816 Y102.62 E1.77423
G1 X107.408 Y103.098 E1.79891
G1 X106.935 Y103.404 E1.82103
G1 X106.493 Y103.958 E1.84886
G1 X105.934 Y104.239 E1.87343
G1 X104.765 Y104.405 E1.91979
G1 X104.083 Y104.305 E1.94685
G1 X103.474 Y104.189 E1.97119
G1 X103.026 Y103.893 E1.99227
G1 X102.425 Y103.709 E2.01695
G1 X101.77 Y102.878 E2.0585
G1 X101.331 Y102.615 E2.07859
G1 X101.295 Y101.934 E2.10537
G1 X101.127 Y101.321 E2.13033
G1 X101.135 Y100.798 E2.15087
G1 X101.046 Y100.203 E2.17449
G1 X101.141 Y99.747 E2.19278
G1 X101.2 Y99.161 E2.21591
G1 X101.747 Y98.64 E2.24557
G1 X102.051 Y98.26 E2.26468
G1 X102.586 Y97.898 E2.29004
G1 X103.198 Y97.44 E2.32005
G1 X103.699 Y97.395 E2.3398
G1 X104.231 Y97.217 E2.36183
G1 X104.63 Y97.247 F7800
G92 E0
G1 X102.5 Y102.199
;TYPE:Solid infill
;WIDTH:0.38292
G1 F1058.823
G1 X102.94 Y102.648 E.02062
G1 X103.362 Y103.019 E.03905
G1 X104.23 Y103.359 F7800
G1 F1058.823
G1 X104.241 Y103.4 E.04044
G1 X104.17 Y103.419 E.04285
G1 X104.189 Y103.348 E.04526
;WIDTH:0.41646
G1 F963.754
G1 X104.05 Y103.268 E.05104
;WIDTH:0.449999
G1 F884.349
G1 X103.912 Y103.188 E.0573
G1 X102.232 Y101.508 E.15059
G1 X102.127 Y100.828 E.17761
G1 X104.708 Y103.408 E.3209
G1 X105.151 Y103.276 E.33905
G1 X102.17 Y100.295 E.50458
G1 X102.31 Y99.859 E.52256
G1 X105.525 Y103.073 E.70106
G1 X105.869 Y102.842 E.71733
G1 X102.515 Y99.488 E.90357
G1 X102.773 Y99.17 E.91965
G1 X106.179 Y102.577 E1.10881
G1 X106.473 Y102.295 E1.12481
G1 X103.104 Y98.926 E1.31189
G1 X103.487 Y98.733 E1.32873
G1 X106.732 Y101.978 E1.50892
G1 X106.933 Y101.604 E1.52559
G1 X103.886 Y98.557 E1.69479
G1 X104.318 Y98.413 E1.71267
G1 X107.061 Y101.155 E1.86496
G1 X107.076 Y100.595 E1.88696
G1 X104.89 Y98.409 E2.00835
G1 X106.176 Y99.037 F7800
;WIDTH:0.598772
G1 F647.654
G1 X106.429 Y99.267 E2.02668
;LAYER_CHANGE
;Z:25.55
;HEIGHT:0.199999
G92 E0
G1 Z25.55 F7800
G1 X104.387 Y98.123
;TYPE:Perimeter
;WIDTH:0.449999
G1 F884.349
G1 X104.533 Y98.102 E.00579
G1 X105.031 Y98.164 E.02549
G1 X105.568 Y98.35 E.0478
G1 X106.087 Y98.614 E.07066
G1 X106.525 Y98.89 E.09099
G1 X106.81 Y99.202 E.10758
G1 X107.103 Y99.68 E.12959
G1 X107.26 Y100.158 E.14934
G1 X107.324 Y101.024 E.18344
G1 X107.083 Y101.864 E.21775
G1 X106.774 Y102.291 E.23845
G1 X106.241 Y102.819 E.26791
G1 X105.794 Y103.15 E.28975
G1 X105.211 Y103.474 E.31594
G1 X104.724 Y103.595 E.33564
G1 X104.381 Y103.59 E.34911
G1 X104.014 Y103.453 E.36449
G1 X103.524 Y103.19 E.38633
G1 X103.102 Y102.915 E.40611
G1 X102.693 Y102.563 E.4273
G1 X102.287 Y102.086 E.45189
G1 X102.018 Y101.644 E.47221
G1 X101.89 Y101.128 E.49308
G1 X101.901 Y100.366 E.523
G1 X102.088 Y99.749 E.54831
G1 X102.379 Y99.21 E.57236
G1 X102.669 Y98.888 E.58937
G1 X103.026 Y98.647 E.60628
G1 X103.574 Y98.377 E.63027
G1 X104.193 Y98.15 E.65616
G1 X104.327 Y98.131 E.66147
G1 X104.334 Y97.691 F7800
G1 F884.349
G1 X104.807 Y97.7 E.68005
G1 X105.32 Y97.81 E.70065
G1 X105.872 Y98.034 E.72404
G1 X106.631 Y98.446 E.75795
G1 X106.956 Y98.721 E.77467
G1 X107.297 Y99.202 E.79782
G1 X107.543 Y99.688 E.81921
G1 X107.719 Y100.358 E.84641
G1 X107.732 Y101.071 E.87441
G1 X107.627 Y101.49 E.89137
G1 X107.439 Y102.067 E.9152
G1 X107.085 Y102.557 E.93894
G1 X106.507 Y103.129 E.97087
G1 X106.014 Y103.493 E.99493
G1 X105.371 Y103.851 E1.02383
G1 X105.088 Y103.936 E1.03543
G1 X104.491 Y104.025 E1.05913
G1 X104.15 Y103.96 E1.07276
G1 X103.641 Y103.732 E1.09466
G1 X103.164 Y103.45 E1.11642
G1 X102.698 Y103.115 E1.13895
G1 X102.285 Y102.726 E1.16123
G1 X101.929 Y102.287 E1.18342
G1 X101.636 Y101.792 E1.20601
G1 X101.482 Y101.175 E1.23098
G1 X101.494 Y100.312 E1.26487
G1 X101.576 Y99.995 E1.27773
G1 X101.785 Y99.414 E1.30197
G1 X102.049 Y98.968 E1.32232
G1 X102.4 Y98.579 E1.34289
G1 X102.678 Y98.391 E1.35607
G1 X103.269 Y98.074 E1.3824
G1 X103.807 Y97.858 E1.40516
G1 X104.277 Y97.709 E1.42452
G1 X104.275 Y97.265 F7800
;TYPE:External perimeter
G1 F884.349
G1 X104.758 Y97.425 E1.4445
G1 X105.288 Y97.372 E1.46541
G1 X105.894 Y97.596 E1.49078
G1 X106.467 Y97.983 E1.51793
G1 X107.108 Y98.122 E1.54368
G1 X107.503 Y98.573 E1.56722
G1 X107.558 Y99.205 E1.59213
G1 X108.133 Y99.645 E1.62056
G1 X108.117 Y100.207 E1.64264
G1 X108.03 Y100.935 E1.67143
G1 X108.273 Y101.22 E1.68614
G1 X107.837 Y101.809 E1.71491
G1 X107.62 Y102.183 E1.73189
G1 X107.586 Y102.852 E1.75819
G1 X107.123 Y103.067 E1.77823
G1 X106.53 Y103.397 E1.80488
G1 X106.063 Y103.966 E1.83378
G1 X105.439 Y104.314 E1.86183
G1 X104.721 Y104.214 E1.89029
G1 X104.253 Y104.481 E1.91145
G1 X103.321 Y103.957 E1.95343
G1 X102.712 Y103.755 E1.97862
G1 X101.914 Y103.039 E2.02072
G1 X101.617 Y102.562 E2.04278
G1 X101.155 Y102.01 E2.07104
G1 X101.028 Y101.514 E2.09114
G1 X101.032 Y101.023 E2.11042
G1 X101.241 Y100.507 E2.13228
G1 X101.312 Y99.295 E2.17995
G1 X101.779 Y98.74 E2.20843
G1 X102.06 Y98.101 E2.23584
G1 X102.686 Y97.694 E2.26516
G1 X103.274 Y97.77 E2.28844
G1 X103.744 Y97.577 E2.30839
G1 X104.166 Y97.229 E2.32987
G1 X104.218 Y97.246 E2.33202
G1 X104.597 Y97.372 F7800
G1 X103.873 Y98.526
;TYPE:Solid infill
;WIDTH:0.38292
G1 F1058.823
G1 X103.802 Y98.507 E2.33443
G1 X103.821 Y98.578 E2.33684
G1 X103.862 Y98.567 E2.33823
;WIDTH:0.41646
G1 F963.754
G1 X103.704 Y98.649 E2.34464
;WIDTH:0.449999
G1 F884.349
G1 X103.547 Y98.731 E2.35159
G1 X102.342 Y99.936 E2.4185
G1 X102.238 Y100.017 E2.42368
;WIDTH:0.41646
G1 F963.754
G1 X102.135 Y100.099 E2.42842
;WIDTH:0.38292
G1 F1058.823
G1 X102.069 Y100.389 E2.43817
;WIDTH:0.449999
G1 F884.349
G1 X102.202 Y100.651 E2.44971
G1 X104.448 Y98.406 E2.5744
G1 X104.966 Y98.463 E2.59486
G1 X102.224 Y101.205 E2.74712
G1 X102.364 Y101.641 E2.7651
G1 X105.395 Y98.61 E2.93341
G1 X105.783 Y98.797 E2.95032
G1 X102.593 Y101.987 E3.12746
G1 X102.86 Y102.296 E3.14349
G1 X106.157 Y98.999 E3.32657
G1 X106.471 Y99.26 E3.3426
G1 X103.16 Y102.572 E3.52648
G1 X103.491 Y102.816 E3.54263
G1 X106.706 Y99.602 E3.72113
G1 X106.895 Y99.988 E3.73801
G1 X103.853 Y103.03 E3.90693
G1 X104.239 Y103.22 E3.92382
G1 X107.008 Y100.45 E4.07761
G1 X107.009 Y101.025 E4.10019
G1 X104.749 Y103.286 E4.22571
G1 X105.645 Y102.92 F7800
;WIDTH:0.424635
G1 F943.112
G1 X105.841 Y102.751 E4.23524
;WIDTH:0.463014
G1 F856.951
G1 X106.038 Y102.582 E4.24576
G1 X106.44 Y102.154 E4.26955
;WIDTH:0.427123
G1 F937.005
G1 X106.842 Y101.726 E4.29131
;LAYER_CHANGE
;Z:25.75
;HEIGHT:0.200001
G92 E0
G1 Z25.75 F7800
G1 X104.342 Y98.166
;TYPE:Perimeter
;WIDTH:0.449999
G1 F884.349
G1 X104.744 Y98.139 E.01582
G1 X105.071 Y98.211 E.02897
G1 X105.644 Y98.413 E.05283
G1 X106.13 Y98.658 E.0742
G1 X106.632 Y99.035 E.09885
G1 X106.766 Y99.214 E.10763
G1 X107.055 Y99.712 E.13024
G1 X107.189 Y100.151 E.14826
G1 X107.257 Y101.023 E.1826
G1 X107.064 Y101.723 E.21111
G1 X106.606 Y102.358 E.24185
G1 X106.154 Y102.779 E.2661
G1 X105.583 Y103.135 E.29252
G1 X105.065 Y103.391 E.31521
G1 X104.635 Y103.485 E.33249
G1 X104.296 Y103.455 E.34585
G1 X103.626 Y103.149 E.37477
G1 X103.1 Y102.8 E.39956
G1 X102.7 Y102.42 E.42122
G1 X102.347 Y101.994 E.44294
G1 X102.078 Y101.569 E.46269
G1 X101.963 Y101.029 E.48437
G1 X101.975 Y100.286 E.51355
G1 X102.154 Y99.733 E.53637
G1 X102.373 Y99.337 E.55414
G1 X102.676 Y98.928 E.57413
G1 X103.049 Y98.667 E.59201
G1 X103.58 Y98.408 E.61521
G1 X104.206 Y98.174 E.64145
G1 X104.282 Y98.169 E.64444
G1 X104.294 Y97.759 F7800
G1 F884.349
G1 X104.787 Y97.732 E.66383
G1 X105.374 Y97.861 E.68743
G1 X105.799 Y98.037 E.70549
G1 X106.349 Y98.313 E.72965
G1 X106.923 Y98.745 E.75786
G1 X107.244 Y99.208 E.77998
G1 X107.524 Y99.773 E.80474
G1 X107.652 Y100.362 E.82841
G1 X107.665 Y101.075 E.85641
M73 P96 R1
G1 X107.437 Y101.902 E.89009
G1 X106.913 Y102.628 E.92525
G1 X106.405 Y103.101 E.9525
M73 Q96 S1
G1 X105.999 Y103.364 E.97149
G1 X105.512 Y103.64 E.99347
G1 X104.922 Y103.866 E1.01828
G1 X104.499 Y103.907 E1.03497
G1 X104.173 Y103.846 E1.04799
G1 X103.578 Y103.574 E1.07368
G1 X103.114 Y103.308 E1.09468
G1 X102.608 Y102.927 E1.11955
G1 X102.28 Y102.562 E1.13882
G1 X101.953 Y102.136 E1.15991
G1 X101.688 Y101.694 E1.18015
G1 X101.556 Y101.069 E1.20523
G1 X101.569 Y100.218 E1.23865
G1 X101.778 Y99.57 E1.26538
G1 X102.017 Y99.139 E1.28473
G1 X102.397 Y98.626 E1.3098
G1 X103.008 Y98.234 E1.3383
G1 X103.578 Y97.974 E1.3629
G1 X104.16 Y97.767 E1.38715
G1 X104.234 Y97.763 E1.39006
G1 X104.239 Y97.285 F7800
;TYPE:External perimeter
G1 F884.349
G1 X104.829 Y97.257 E1.41325
G1 X105.391 Y97.437 E1.43642
G1 X105.761 Y97.75 E1.45545
G1 X106.399 Y98.097 E1.48397
G1 X106.848 Y98.23 E1.50236
G1 X107.38 Y98.45 E1.52496
G1 X107.555 Y99.194 E1.55497
G1 X108.026 Y99.772 E1.58425
G1 X107.989 Y100.431 E1.61017
G1 X108.15 Y101.092 E1.63688
G1 X108.067 Y101.69 E1.66059
G1 X107.281 Y102.558 E1.70657
G1 X107.222 Y103.151 E1.72997
G1 X106.611 Y103.341 E1.75509
G1 X106.196 Y103.55 E1.77333
G1 X105.788 Y103.938 E1.79544
G1 X105.22 Y103.995 E1.81785
G1 X104.598 Y104.485 E1.84894
G1 X103.553 Y103.916 E1.89566
G1 X102.855 Y103.783 E1.92356
G1 X102.587 Y103.252 E1.94691
G1 X101.891 Y102.969 E1.97641
G1 X101.754 Y102.267 E2.00449
G1 X101.194 Y101.96 E2.02957
G1 X101.26 Y101.256 E2.05733
G1 X101.03 Y100.814 E2.07689
G1 X101.128 Y100.109 E2.10484
G1 X101.339 Y99.662 E2.12425
G1 X101.603 Y98.687 E2.16391
G1 X102.141 Y98.39 E2.18804
G1 X102.694 Y97.989 E2.21486
G1 X103.149 Y97.693 E2.23617
G1 X103.704 Y97.524 E2.25895
G1 X104.103 Y97.292 E2.27707
G1 X104.179 Y97.288 E2.28006
G1 X104.579 Y97.269 F7800
G92 E0
G1 X102.583 Y102.012
;TYPE:Solid infill
;WIDTH:0.38292
G1 F1058.823
G1 X103.316 Y102.739 E.03386
G1 X104.208 Y103.112 F7800
G1 F1058.823
G1 X104.189 Y103.183 E.03627
G1 X104.26 Y103.164 E.03868
G1 X104.249 Y103.123 E.04007
;WIDTH:0.41646
G1 F963.754
G1 X104.091 Y103.038 E.04653
;WIDTH:0.449999
G1 F884.349
G1 X103.932 Y102.953 E.05361
G1 X102.347 Y101.368 E.14162
G1 X102.274 Y100.719 E.16726
G1 X104.724 Y103.169 E.3033
G1 X105.154 Y103.024 E.32112
G1 X102.325 Y100.195 E.47821
G1 X102.48 Y99.774 E.49583
G1 X105.525 Y102.819 E.66491
G1 X105.876 Y102.595 E.68126
G1 X102.685 Y99.404 E.85845
G1 X102.959 Y99.102 E.87446
G1 X106.188 Y102.33 E1.05373
G1 X106.465 Y102.032 E1.06971
G1 X103.312 Y98.879 E1.24479
G1 X103.699 Y98.69 E1.2617
G1 X106.706 Y101.697 E1.42867
G1 X106.869 Y101.284 E1.4461
G1 X104.118 Y98.533 E1.59886
G1 X104.606 Y98.446 E1.61832
G1 X106.947 Y100.787 E1.74831
G92 E0
G1 X105.318 Y98.646 F7800
;WIDTH:0.358305
G1 F1141.462
G1 X105.531 Y98.86 E.00918
;WIDTH:0.395734
G1 F1020.368
G1 X106.182 Y99.484 E.03987
G1 X106.741 Y100.056 E.06709
;WIDTH:0.378736
G1 F1072.016
G1 X106.935 Y100.249 E.07595
G1 X106.869 Y99.962 E.08549
G1 X106.605 Y99.45 E.10415
;WIDTH:0.395734
G1 F1020.368
G1 X106.448 Y99.254 E.1127
G1 X106 Y98.885 E.13245
;WIDTH:0.358305
G1 F1141.462
G1 X105.174 Y98.501 E.16016
;LAYER_CHANGE
;Z:25.95
;HEIGHT:0.200001
G1 Z25.95 F7800
G1 X104.241 Y98.208
;TYPE:Perimeter
;WIDTH:0.449999
G1 F884.349
G1 X104.729 Y98.173 E.17937
G1 X105.487 Y98.378 E.2102
G1 X105.943 Y98.597 E.23006
G1 X106.44 Y98.942 E.25382
G1 X106.791 Y99.33 E.27436
G1 X107.052 Y99.841 E.29689
G1 X107.174 Y100.395 E.31916
G1 X107.162 Y101.084 E.34622
G1 X106.997 Y101.642 E.36907
G1 X106.5 Y102.325 E.40224
G1 X106.104 Y102.684 E.42323
G1 X105.281 Y103.168 E.46072
G1 X104.944 Y103.306 E.47502
G1 X104.537 Y103.376 E.49124
G1 X104.276 Y103.323 E.5017
G1 X103.674 Y103.05 E.52765
G1 X103.167 Y102.739 E.551
G1 X102.89 Y102.485 E.56576
G1 X102.271 Y101.742 E.60373
G1 X102.117 Y101.421 E.61771
G1 X102.054 Y101.114 E.63002
G1 X102.048 Y100.357 E.65974
G1 X102.193 Y99.797 E.68245
G1 X102.491 Y99.238 E.70732
G1 X102.727 Y98.957 E.72173
G1 X103.087 Y98.68 E.73957
G1 X103.586 Y98.439 E.76133
G1 X104.178 Y98.213 E.78621
G1 X104.181 Y98.213 E.78633
G1 X104.136 Y97.819 F7800
G1 F884.349
G1 X104.256 Y97.779 E.7913
G1 X104.768 Y97.765 E.81141
G1 X105.428 Y97.912 E.83796
G1 X105.975 Y98.141 E.86124
G1 X106.505 Y98.46 E.88553
G1 X106.861 Y98.767 E.90399
G1 X107.134 Y99.107 E.92111
G1 X107.439 Y99.702 E.94736
G1 X107.582 Y100.355 E.97361
G1 X107.568 Y101.146 E1.00467
G1 X107.368 Y101.825 E1.03246
G1 X106.804 Y102.598 E1.07003
G1 X106.35 Y103.01 E1.0941
G1 X105.478 Y103.524 E1.13384
G1 X104.914 Y103.748 E1.15767
G1 X104.516 Y103.787 E1.17337
G1 X104.149 Y103.712 E1.18808
G1 X103.483 Y103.411 E1.21678
G1 X102.921 Y103.066 E1.24267
G1 X102.595 Y102.766 E1.26007
G1 X101.925 Y101.964 E1.3011
G1 X101.728 Y101.552 E1.31903
G1 X101.647 Y101.157 E1.33486
G1 X101.641 Y100.315 E1.36792
G1 X101.818 Y99.636 E1.39547
G1 X102.152 Y99.009 E1.42336
G1 X102.444 Y98.661 E1.4412
G1 X102.872 Y98.332 E1.4624
G1 X103.668 Y97.972 E1.4967
G1 X104.079 Y97.837 E1.51369
G1 X104.019 Y97.407 F7800
;TYPE:External perimeter
G1 F884.349
G1 X104.53 Y97.43 E1.53377
G1 X105.039 Y97.37 E1.55389
G1 X105.487 Y97.562 E1.57303
G1 X105.894 Y97.803 E1.5916
G1 X106.493 Y97.787 E1.61513
G1 X106.965 Y98.316 E1.64297
G1 X107.487 Y98.701 E1.66844
G1 X107.788 Y99.951 E1.71892
G1 X107.792 Y100.617 E1.74507
G1 X108.083 Y101.182 E1.77002
G1 X107.961 Y101.406 E1.78004
G1 X107.661 Y101.923 E1.80351
G1 X107.402 Y102.602 E1.83204
G1 X106.979 Y102.932 E1.85311
G1 X106.549 Y103.505 E1.88124
G1 X106.111 Y103.791 E1.90178
G1 X105.531 Y104.127 E1.9281
G1 X104.921 Y104.258 E1.9526
G1 X104.177 Y104.184 E1.98196
G1 X103.673 Y103.92 E2.0043
G1 X103.175 Y103.565 E2.02831
G1 X102.63 Y103.49 E2.04991
G1 X102.151 Y102.892 E2.07999
G1 X101.591 Y102.429 E2.10852
G1 X101.209 Y101.776 E2.13822
G1 X101.401 Y101.028 E2.16854
G1 X101.28 Y100.48 E2.19058
G1 X101.354 Y99.94 E2.21198
G1 X101.516 Y99.306 E2.23767
G1 X101.819 Y98.729 E2.26326
G1 X102.244 Y98.117 E2.29252
G1 X102.879 Y97.781 E2.32073
G1 X103.327 Y97.672 E2.33883
G1 X103.817 Y97.398 E2.36087
G1 X103.959 Y97.404 E2.36645
G1 X104.359 Y97.422 F7800
G1 X103.178 Y98.832
;TYPE:Solid infill
;WIDTH:0.38292
G1 F1058.823
G1 X102.65 Y99.343 E2.39055
G1 X103.664 Y98.741 F7800
;WIDTH:0.449999
G1 F884.349
G1 X102.468 Y99.936 E2.45693
G1 X102.368 Y100.018 E2.46201
;WIDTH:0.41646
G1 F963.754
G1 X102.267 Y100.099 E2.46667
;WIDTH:0.38292
G1 F1058.823
M73 P96 R0
G1 X102.202 Y100.515 E2.48048
;WIDTH:0.449999
G1 F884.349
G1 X102.356 Y100.625 E2.48791
G1 X104.495 Y98.485 E2.60671
G1 X105.008 Y98.548 E2.627
G1 X102.379 Y101.177 E2.77298
G1 X102.541 Y101.59 E2.7904
M73 Q96 S0
G1 X105.442 Y98.69 E2.95146
G1 X105.825 Y98.882 E2.96828
G1 X102.803 Y101.904 E3.13609
G1 X103.065 Y102.218 E3.15215
G1 X106.171 Y99.112 E3.32462
G1 X106.457 Y99.402 E3.34061
G1 X103.36 Y102.499 E3.51258
G1 X103.717 Y102.718 E3.52902
G1 X106.67 Y99.764 E3.69302
G1 X106.817 Y100.193 E3.71083
G1 X104.102 Y102.909 E3.86162
G1 X104.524 Y103.062 E3.87925
G1 X106.863 Y100.723 E4.00913
G1 X106.699 Y101.495 E4.04012
;WIDTH:0.53431
G1 F732.616
G1 X106.536 Y101.685 E4.05199
;WIDTH:0.57311
G1 F679.002
G1 X106.374 Y101.875 E4.06476
;WIDTH:0.61191
G1 F632.7
G1 X106.211 Y102.065 E4.0785
G1 X105.88 Y102.381 E4.10361
;LAYER_CHANGE
;Z:26.15
;HEIGHT:0.199999
G92 E0
G1 Z26.15 F7800
G1 X104.228 Y98.248
;TYPE:Perimeter
;WIDTH:0.449999
G1 F884.349
G1 X104.727 Y98.21 E.01965
G1 X105.142 Y98.304 E.03636
G1 X105.57 Y98.445 E.05405
G1 X106.023 Y98.686 E.0742
G1 X106.489 Y99.061 E.09769
G1 X106.743 Y99.4 E.11432
G1 X106.964 Y99.856 E.13422
G1 X107.095 Y100.514 E.16056
G1 X107.067 Y101.145 E.18536
G1 X106.928 Y101.573 E.20303
G1 X106.624 Y102.015 E.22409
G1 X106.312 Y102.342 E.24184
G1 X105.894 Y102.673 E.26278
G1 X105.453 Y102.938 E.28298
G1 X104.987 Y103.16 E.30325
G1 X104.577 Y103.25 E.31973
G1 X104.216 Y103.17 E.33425
G1 X103.762 Y102.957 E.35394
G1 X103.254 Y102.656 E.37712
G1 X102.756 Y102.19 E.4039
G1 X102.332 Y101.669 E.43028
G1 X102.255 Y101.485 E.43811
G1 X102.135 Y101.056 E.4556
G1 X102.116 Y100.51 E.47705
G1 X102.285 Y99.762 E.50716
G1 X102.525 Y99.302 E.52753
G1 X102.786 Y98.985 E.54365
G1 X103.126 Y98.706 E.56092
G1 X103.594 Y98.471 E.58148
G1 X104.169 Y98.259 E.60554
G1 X104.125 Y97.848 F7800
G1 F884.349
G1 X104.757 Y97.799 E.63043
G1 X105.48 Y97.963 E.65954
G1 X105.972 Y98.175 E.68058
G1 X106.438 Y98.465 E.70213
G1 X106.791 Y98.786 E.72086
G1 X107.092 Y99.187 E.74055
G1 X107.354 Y99.726 E.76408
G1 X107.504 Y100.483 E.79438
G1 X107.471 Y101.218 E.82327
G1 X107.298 Y101.755 E.84542
G1 X107.131 Y101.997 E.85696
G1 X106.747 Y102.496 E.88168
G1 X106.315 Y102.888 E.90458
G1 X105.467 Y103.396 E.94339
G1 X105.014 Y103.582 E.96262
G1 X104.553 Y103.662 E.98099
G1 X104.084 Y103.557 E.99986
G1 X103.572 Y103.317 E1.02206
G1 X103.009 Y102.983 E1.04776
G1 X102.458 Y102.469 E1.07735
G1 X101.98 Y101.881 E1.1071
G1 X101.88 Y101.643 E1.11724
G1 X101.731 Y101.112 E1.13889
G1 X101.71 Y100.461 E1.16446
G1 X101.9 Y99.62 E1.19831
G1 X102.184 Y99.076 E1.22241
G1 X102.497 Y98.696 E1.24174
G1 X102.903 Y98.363 E1.26236
G1 X103.432 Y98.097 E1.28561
G1 X104.067 Y97.863 E1.31218
G1 X104.064 Y97.614 F7800
;TYPE:External perimeter
G1 F884.349
G1 X104.26 Y97.594 E1.31992
G1 X104.904 Y97.431 E1.346
G1 X105.627 Y97.452 E1.3744
G1 X106.184 Y97.986 E1.4047
G1 X106.713 Y98.357 E1.43007
G1 X107.166 Y98.88 E1.45724
G1 X107.472 Y99.354 E1.47939
G1 X107.948 Y99.926 E1.50861
G1 X107.833 Y101.105 E1.55512
G1 X107.951 Y101.456 E1.56966
G1 X107.709 Y101.862 E1.58822
G1 X107.545 Y102.456 E1.61242
G1 X107.082 Y102.838 E1.63599
G1 X106.582 Y103.199 E1.6602
G1 X106.04 Y103.548 E1.68551
G1 X105.664 Y103.962 E1.70747
G1 X104.949 Y103.896 E1.73566
G1 X104.553 Y104.243 E1.75633
G1 X103.835 Y103.915 E1.78732
G1 X103.386 Y103.539 E1.81031
G1 X102.648 Y103.39 E1.83987
G1 X102.464 Y102.887 E1.8609
G1 X101.932 Y102.434 E1.88834
G1 X101.666 Y101.799 E1.91537
G1 X101.556 Y101.339 E1.93394
G1 X101.404 Y100.919 E1.95148
G1 X101.495 Y100.451 E1.9702
G1 X101.434 Y99.951 E1.98998
G1 X101.463 Y99.222 E2.01863
G1 X101.891 Y98.619 E2.04766
G1 X102.382 Y98.299 E2.07067
G1 X102.939 Y98.041 E2.09477
G1 X103.581 Y97.664 E2.124
G1 X104.004 Y97.62 E2.1407
G1 X104.398 Y97.554 F7800
G92 E0
G1 X103.371 Y102.501
;TYPE:Solid infill
;WIDTH:0.38292
G1 F1058.823
G1 X102.905 Y102.051 E.02124
G1 X102.482 Y101.582 E.04195
;WIDTH:0.41646
G1 F963.754
G1 X102.481 Y101.388 E.04894
;WIDTH:0.449999
G1 F884.349
G1 X102.48 Y101.194 E.05656
G1 X104.276 Y102.996 E.15646
;WIDTH:0.38292
G1 F1058.823
M73 P97 R0
G1 X104.587 Y103.065 E.16691
;WIDTH:0.41646
G1 F963.754
G1 X104.68 Y102.988 E.17126
;WIDTH:0.449999
G1 F884.349
G1 X104.773 Y102.911 E.176
G1 X102.422 Y100.56 E.30655
G1 X102.524 Y100.087 E.32555
M73 Q97 S0
G1 X105.179 Y102.741 E.47295
G1 X105.546 Y102.532 E.48953
G1 X102.679 Y99.666 E.6487
G1 X102.907 Y99.318 E.66504
G1 X105.896 Y102.307 E.83101
G1 X106.198 Y102.033 E.84702
G1 X103.203 Y99.038 E1.01333
G1 X103.567 Y98.826 E1.02987
G1 X106.458 Y101.718 E1.19043
G1 X106.676 Y101.36 E1.20689
G1 X103.973 Y98.657 E1.35698
G1 X104.43 Y98.539 E1.37551
G1 X106.773 Y100.881 E1.50559
G92 E0
G1 X105.172 Y98.722 F7800
;WIDTH:0.425116
G1 F941.925
G1 X106.212 Y99.774 E.05453
;WIDTH:0.40882
G1 F983.875
G1 X106.768 Y100.33 E.08228
G1 X106.686 Y99.934 E.09655
G1 X106.488 Y99.535 E.11227
;WIDTH:0.425116
G1 F941.925
G1 X106.027 Y99.037 E.13729
G1 X105.637 Y98.793 E.15425
G1 X105.256 Y98.63 E.16953
G1 X105.028 Y98.578 E.17815
;LAYER_CHANGE
;Z:26.35
;HEIGHT:0.200001
G1 Z26.35 F7800
G1 X104.221 Y98.288
;TYPE:Perimeter
;WIDTH:0.449999
G1 F884.349
G1 X104.224 Y98.286 E.17829
G1 X104.674 Y98.262 E.19598
G1 X105.322 Y98.387 E.22189
G1 X105.669 Y98.537 E.23673
G1 X106.135 Y98.807 E.25788
G1 X106.29 Y98.955 E.26629
G1 X106.686 Y99.459 E.29146
G1 X106.868 Y99.893 E.30994
G1 X106.974 Y100.479 E.33332
G1 X106.982 Y100.982 E.35307
G1 X106.844 Y101.526 E.37511
G1 X106.576 Y101.899 E.39314
G1 X106.222 Y102.27 E.41327
G1 X105.809 Y102.586 E.43369
G1 X105.281 Y102.899 E.45779
G1 X104.879 Y103.058 E.47476
G1 X104.511 Y103.107 E.48934
G1 X104.188 Y103.026 E.50242
G1 X103.328 Y102.548 E.54105
G1 X102.826 Y102.111 E.56718
G1 X102.416 Y101.598 E.59297
G1 X102.223 Y100.998 E.61772
G1 X102.209 Y100.518 E.63658
G1 X102.358 Y99.826 E.66437
G1 X102.555 Y99.396 E.68294
G1 X102.848 Y99.014 E.70184
G1 X103.027 Y98.864 E.71101
G1 X103.444 Y98.58 E.73082
G1 X104.165 Y98.309 E.76106
G1 X104.137 Y97.884 F7800
G1 F884.349
G1 X104.14 Y97.883 E.76118
G1 X104.702 Y97.852 E.78328
G1 X105.443 Y97.996 E.81292
G1 X105.853 Y98.173 E.83045
G1 X106.382 Y98.479 E.85445
G1 X106.723 Y98.806 E.873
G1 X107.044 Y99.26 E.89483
G1 X107.26 Y99.773 E.91669
G1 X107.413 Y100.808 E.95777
G1 X107.364 Y101.209 E.97363
G1 X107.217 Y101.698 E.99368
G1 X107.016 Y102.011 E1.00829
G1 X106.671 Y102.411 E1.02903
G1 X106.281 Y102.767 E1.04976
G1 X105.812 Y103.068 E1.07164
G1 X105.333 Y103.336 E1.09319
G1 X104.836 Y103.5 E1.11374
G1 X104.47 Y103.516 E1.12812
G1 X104.037 Y103.408 E1.14564
G1 X103.093 Y102.883 E1.18805
G1 X102.833 Y102.657 E1.20158
G1 X102.4 Y102.234 E1.22535
G1 X102.046 Y101.778 E1.24802
G1 X101.818 Y101.068 E1.2773
G1 X101.801 Y100.481 E1.30036
G1 X101.969 Y99.697 E1.33184
G1 X102.204 Y99.184 E1.354
G1 X102.552 Y98.73 E1.37646
G1 X102.801 Y98.522 E1.3892
G1 X103.267 Y98.212 E1.41118
G1 X104.081 Y97.906 E1.44533
G1 X104.03 Y97.371 F7800
;TYPE:External perimeter
G1 F884.349
G1 X104.434 Y97.267 E1.46171
G1 X104.939 Y97.547 E1.48438
G1 X105.684 Y97.489 E1.51372
G1 X105.982 Y97.957 E1.5355
G1 X106.447 Y98.088 E1.55447
G1 X106.881 Y98.655 E1.58251
G1 X107.353 Y99.008 E1.60565
G1 X107.499 Y99.713 E1.63392
G1 X107.843 Y100.182 E1.65676
G1 X107.925 Y100.712 E1.67782
G1 X107.905 Y100.958 E1.68751
G1 X107.661 Y101.439 E1.70869
G1 X107.481 Y102.15 E1.73749
G1 X107.05 Y102.592 E1.76173
G1 X106.483 Y102.907 E1.7872
G1 X106.155 Y103.501 E1.81384
G1 X105.452 Y103.682 E1.84234
G1 X104.888 Y103.993 E1.86763
G1 X104.342 Y103.728 E1.89146
G1 X103.659 Y103.881 E1.91894
G1 X103.223 Y103.365 E1.94546
G1 X102.84 Y103.011 E1.96594
G1 X102.382 Y102.541 E1.99171
G1 X101.825 Y102.361 E2.01469
G1 X101.658 Y101.702 E2.04138
G1 X101.433 Y101.163 E2.06431
G1 X101.577 Y100.553 E2.08892
G1 X101.617 Y99.994 E2.11093
G1 X101.69 Y99.402 E2.13435
G1 X101.874 Y98.855 E2.15701
G1 X102.175 Y98.51 E2.17499
G1 X102.668 Y98.214 E2.19757
G1 X103.18 Y97.824 E2.22284
G1 X103.783 Y97.435 E2.25102
G1 X103.972 Y97.386 E2.25869
G1 X104.36 Y97.286 F7800
G1 X103.283 Y98.892
;TYPE:Solid infill
;WIDTH:0.38292
G1 F1058.823
G1 X102.707 Y99.485 E2.2858
;WIDTH:0.449999
G1 F884.349
G1 X102.646 Y99.936 E2.30367
G1 X103.816 Y98.767 E2.36861
G1 X103.897 Y98.66 E2.37388
;WIDTH:0.41646
G1 F963.754
G1 X103.978 Y98.554 E2.37869
;WIDTH:0.38292
G1 F1058.823
G1 X104.262 Y98.465 E2.38845
;WIDTH:0.449999
G1 F884.349
G1 X104.586 Y98.572 E2.40185
G1 X102.518 Y100.64 E2.51668
G1 X102.465 Y100.469 E2.52371
;WIDTH:0.41646
G1 F963.754
G1 X102.412 Y100.299 E2.53013
;WIDTH:0.38292
G1 F1058.823
G1 X102.365 Y100.532 E2.53793
;WIDTH:0.449999
G1 F884.349
G1 X102.591 Y101.143 E2.56351
G1 X105.082 Y98.652 E2.70183
G1 X105.509 Y98.8 E2.71957
G1 X102.763 Y101.546 E2.87205
G1 X103.02 Y101.865 E2.88813
G1 X105.876 Y99.009 E3.04672
G1 X106.184 Y99.277 E3.06275
G1 X103.322 Y102.138 E3.22164
G92 E0
G1 X106.277 Y99.759 F7800
G1 F884.349
G1 X103.656 Y102.381 E.14557
G1 X104.301 Y102.739 E.17454
G1 X104.628 Y102.796 E.18757
G1 X105.042 Y102.682 E.20443
G1 X105.847 Y102.198 E.24131
G1 X106.11 Y101.959 E.25526
G1 X106.488 Y101.49 E.27891
G1 X106.603 Y101.266 E.2888
G1 X106.696 Y100.803 E.30734
G1 X106.573 Y99.978 E.34009
G1 X106.421 Y99.615 E.35554
G92 E0
G1 X105.71 Y101.679 F7800
;WIDTH:0.551007
G1 F708.54
G1 X106.135 Y101.216 E.0308
;WIDTH:0.528327
G1 F741.646
G1 X106.228 Y100.952 E.0439
G1 X106.243 Y100.788 E.05161
G1 X106.196 Y100.472 E.06657
G1 X105.772 Y100.896 E.09464
;WIDTH:0.55159
G1 F707.728
G1 X104.409 Y102.275 E.18977
G1 X104.623 Y102.338 E.20072
G1 X104.864 Y102.254 E.21324
G1 X105.573 Y101.829 E.2538
;LAYER_CHANGE
;Z:26.55
;HEIGHT:0.199999
G92 E0
G1 Z26.55 F7800
G1 X104.234 Y98.327
;TYPE:Perimeter
;WIDTH:0.449999
G1 F884.349
G1 X104.24 Y98.325 E.00025
G1 X104.919 Y98.337 E.02691
G1 X105.48 Y98.509 E.04995
G1 X105.959 Y98.797 E.0719
G1 X106.325 Y99.131 E.09136
G1 X106.609 Y99.545 E.11107
G1 X106.833 Y100.291 E.14165
G1 X106.848 Y101.062 E.17193
G1 X106.736 Y101.439 E.18737
G1 X106.523 Y101.762 E.20256
G1 X106.166 Y102.167 E.22376
G1 X105.774 Y102.467 E.24314
G1 X105.26 Y102.771 E.26659
G1 X104.828 Y102.934 E.28472
G1 X104.502 Y102.967 E.29759
G1 X104.078 Y102.834 E.31504
G1 X103.415 Y102.453 E.34506
G1 X102.951 Y102.084 E.36834
G1 X102.651 Y101.702 E.38741
G1 X102.471 Y101.404 E.40108
G1 X102.353 Y101.002 E.41753
G1 X102.356 Y100.243 E.44733
G1 X102.438 Y99.89 E.46156
G1 X102.67 Y99.408 E.48256
G1 X102.876 Y99.135 E.49599
G1 X103.205 Y98.796 E.51454
G1 X103.764 Y98.494 E.53949
G1 X104.177 Y98.347 E.5567
G1 X104.162 Y97.92 F7800
G1 F884.349
G1 X104.165 Y97.919 E.55682
G1 X104.995 Y97.935 E.58942
G1 X105.647 Y98.135 E.6162
G1 X106.204 Y98.469 E.6417
G1 X106.634 Y98.862 E.66457
G1 X106.976 Y99.362 E.68836
G1 X107.14 Y99.85 E.70857
G1 X107.279 Y100.491 E.73432
G1 X107.253 Y101.13 E.75943
G1 X107.11 Y101.607 E.77898
G1 X106.71 Y102.179 E.80639
G1 X106.246 Y102.645 E.83221
G1 X105.776 Y102.953 E.85427
G1 X105.307 Y103.209 E.87525
G1 X104.784 Y103.375 E.89679
G1 X104.439 Y103.373 E.91034
G1 X103.913 Y103.209 E.93197
G1 X103.186 Y102.791 E.9649
G1 X102.661 Y102.373 E.99125
G1 X102.187 Y101.77 E1.02137
G1 X102.098 Y101.567 E1.03007
G1 X101.946 Y101.048 E1.0513
G1 X101.95 Y100.196 E1.08475
G1 X102.051 Y99.754 E1.10255
G1 X102.321 Y99.195 E1.12693
G1 X102.551 Y98.89 E1.14193
G1 X102.966 Y98.462 E1.16534
G1 X103.598 Y98.121 E1.19354
G1 X104.105 Y97.941 E1.21466
G1 X104.099 Y97.557 F7800
;TYPE:External perimeter
G1 F884.349
G1 X104.409 Y97.426 E1.22787
G1 X105.069 Y97.525 E1.25407
G1 X105.775 Y97.777 E1.2835
G1 X106.405 Y97.898 E1.30869
G1 X106.817 Y98.432 E1.33517
G1 X107.196 Y99.028 E1.3629
G1 X107.522 Y99.902 E1.39953
G1 X107.63 Y100.511 E1.42382
G1 X107.659 Y101.197 E1.45078
G1 X107.617 Y101.804 E1.47467
G1 X107.151 Y102.105 E1.49645
G1 X106.867 Y102.688 E1.52191
G1 X106.033 Y103.475 E1.56693
G1 X105.369 Y103.613 E1.59356
G1 X104.721 Y103.796 E1.62
G1 X104.202 Y103.88 E1.64064
G1 X103.625 Y103.565 E1.66645
G1 X103.082 Y103.424 E1.68848
G1 X102.48 Y102.954 E1.71847
G1 X102.129 Y102.589 E1.73835
G1 X102.042 Y102.048 E1.75987
G1 X101.501 Y101.537 E1.78909
G1 X101.501 Y101.007 E1.8099
G1 X101.357 Y100.54 E1.82909
G1 X101.703 Y100.031 E1.85326
G1 X101.664 Y99.501 E1.87413
G1 X101.953 Y98.806 E1.90368
G1 X102.306 Y98.307 E1.92768
G1 X102.804 Y98.172 E1.94794
G1 X103.282 Y97.654 E1.97562
G1 X103.911 Y97.636 E2.00033
G1 X104.043 Y97.58 E2.00596
G1 X104.422 Y97.452 F7800
G92 E0
G1 X102.661 Y100.482
;TYPE:Solid infill
G1 F884.349
G1 X102.659 Y100.958 E.01869
G1 X102.809 Y101.408 E.03731
G1 X103.169 Y101.868 E.06025
G1 X103.587 Y102.2 E.08121
G1 X104.201 Y102.552 E.109
G1 X104.611 Y102.662 E.12567
G1 X105.026 Y102.551 E.14254
G1 X105.607 Y102.212 E.16895
G1 X106.062 Y101.849 E.1918
G1 X106.457 Y101.305 E.2182
G1 X106.55 Y100.882 E.23521
G1 X106.536 Y100.368 E.2554
G1 X106.333 Y99.683 E.28345
G1 X106.093 Y99.333 E.30011
G1 X105.549 Y98.907 E.32724
G1 X105.355 Y98.79 E.33614
G1 X104.867 Y98.641 E.35617
G1 X104.292 Y98.63 E.37875
G1 X103.778 Y98.834 E.40046
G1 X103.384 Y99.046 E.41803
G1 X103.041 Y99.423 E.43804
G1 X102.791 Y99.86 E.45781
G1 X102.662 Y100.278 E.47499
G1 X103.067 Y100.729 E.49879
G1 X103.091 Y100.227 E.51852
G1 X103.282 Y99.781 E.53757
G1 X103.544 Y99.453 E.55405
G1 X103.883 Y99.239 E.56979
G1 X104.359 Y99.039 E.59006
G1 X104.803 Y99.047 E.6075
G1 X105.188 Y99.165 E.62331
G1 X105.676 Y99.503 E.64662
G1 X105.965 Y99.866 E.66484
G1 X106.13 Y100.407 E.68705
G1 X106.143 Y100.865 E.70504
G1 X106.087 Y101.122 E.71537
G1 X105.757 Y101.576 E.73741
G1 X105.384 Y101.871 E.75608
G1 X104.919 Y102.145 E.77727
G1 X104.613 Y102.253 E.79001
G1 X104.365 Y102.177 E.80019
G1 X103.909 Y101.915 E.82084
G1 X103.46 Y101.579 E.84286
G1 X103.173 Y101.213 E.86112
G1 X103.079 Y100.931 E.87279
G1 X103.474 Y100.632 E.89224
G1 X103.474 Y100.827 E.8999
G1 X103.6 Y101.098 E.91163
G1 X103.879 Y101.391 E.92752
G1 X104.501 Y101.786 E.95645
G1 X104.612 Y101.828 E.96111
G1 X105.015 Y101.626 E.97881
G1 X105.452 Y101.303 E1.00015
G1 X105.735 Y100.876 E1.02026
G1 X105.717 Y100.405 E1.03877
G1 X105.53 Y99.952 E1.05801
G1 X105.364 Y99.77 E1.06768
G1 X105.021 Y99.54 E1.0839
G1 X104.738 Y99.453 E1.09553
G1 X104.426 Y99.447 E1.10778
G1 X103.912 Y99.687 E1.13005
G1 X103.771 Y99.808 E1.13735
G1 X103.525 Y100.214 E1.15599
G1 X103.475 Y100.428 E1.16462
G1 X103.882 Y100.42 E1.1806
G1 X104.096 Y100.053 E1.19728
G1 X104.357 Y99.909 E1.20898
G1 X104.572 Y99.857 E1.21767
G1 X104.854 Y99.914 E1.22897
G1 X105.165 Y100.139 E1.24404
G1 X105.309 Y100.468 E1.25814
G1 X105.332 Y100.776 E1.27027
G1 X105.057 Y101.112 E1.28732
G1 X104.617 Y101.383 E1.30761
G1 X104.187 Y101.116 E1.32748
G1 X103.9 Y100.821 E1.34364
G1 X103.891 Y100.623 E1.35142
G1 X104.328 Y100.603 E1.3686
;WIDTH:0.527823
G1 F742.416
G1 X104.373 Y100.426 E1.37714
G1 X104.59 Y100.303 E1.38881
;WIDTH:0.529418
G1 F739.983
G1 X104.788 Y100.4 E1.39916
G1 X104.885 Y100.611 E1.41006
G1 X104.825 Y100.713 E1.41561
G1 X104.616 Y100.867 E1.42779
G1 X104.456 Y100.753 E1.43701
;LAYER_CHANGE
;Z:26.75
;HEIGHT:0.200001
G92 E0
G1 Z26.75 F7800
G1 X104.218 Y98.42
;TYPE:Perimeter
;WIDTH:0.449999
G1 F884.349
G1 X104.463 Y98.395 E.00967
G1 X104.966 Y98.417 E.02944
G1 X105.287 Y98.54 E.04294
G1 X105.782 Y98.796 E.06482
G1 X106.187 Y99.163 E.08628
G1 X106.521 Y99.691 E.11081
G1 X106.719 Y100.306 E.13618
G1 X106.711 Y100.847 E.15742
G1 X106.624 Y101.348 E.17739
G1 X106.401 Y101.687 E.19332
G1 X106.055 Y102.093 E.21427
G1 X105.679 Y102.382 E.23289
G1 X105.171 Y102.646 E.25537
G1 X104.675 Y102.837 E.27624
G1 X104.464 Y102.824 E.28454
G1 X103.992 Y102.647 E.30433
G1 X103.523 Y102.369 E.32574
G1 X103.036 Y101.979 E.35024
G1 X102.745 Y101.615 E.36854
G1 X102.536 Y101.258 E.38478
G1 X102.482 Y100.973 E.39617
G1 X102.489 Y100.398 E.41875
G1 X102.586 Y100.037 E.43343
G1 X102.813 Y99.474 E.45727
G1 X103.108 Y99.062 E.47717
G1 X103.392 Y98.82 E.49182
G1 X104.16 Y98.435 E.52555
G1 X104.116 Y98.019 F7800
G1 F884.349
G1 X104.611 Y97.972 E.54507
G1 X105.061 Y98.018 E.56283
G1 X105.432 Y98.159 E.57841
G1 X106.022 Y98.463 E.60447
G1 X106.501 Y98.899 E.6299
G1 X106.893 Y99.517 E.65864
G1 X107.124 Y100.234 E.68822
G1 X107.135 Y100.509 E.69903
G1 X107.101 Y101.015 E.71894
G1 X107.001 Y101.513 E.73888
G1 X106.596 Y102.101 E.76691
G1 X106.177 Y102.537 E.79065
G1 X105.76 Y102.819 E.81042
G1 X105.201 Y103.082 E.83468
G1 X104.727 Y103.248 E.8544
G1 X104.378 Y103.227 E.86813
G1 X103.815 Y103.016 E.89174
G1 X103.29 Y102.705 E.9157
G1 X102.746 Y102.269 E.94307
G1 X102.307 Y101.719 E.9707
M73 P98 R0
G1 X102.146 Y101.387 E.98519
G1 X102.074 Y101.008 E1.00034
M73 Q98 S0
G1 X102.083 Y100.342 E1.02649
G1 X102.248 Y99.726 E1.05153
G1 X102.46 Y99.268 E1.07135
G1 X102.806 Y98.785 E1.09468
G1 X103.165 Y98.478 E1.11323
G1 X104.061 Y98.04 E1.15239
G1 X104.062 Y97.803 F7800
;TYPE:External perimeter
G1 F884.349
G1 X104.09 Y97.796 E1.15352
G1 X104.546 Y97.424 E1.17663
G1 X105.101 Y97.768 E1.20227
G1 X105.754 Y97.84 E1.22807
G1 X106.229 Y97.988 E1.24761
G1 X106.437 Y98.514 E1.26982
G1 X106.892 Y98.729 E1.28958
G1 X107.068 Y99.273 E1.31203
G1 X107.367 Y99.69 E1.33218
G1 X107.684 Y100.349 E1.36089
G1 X107.57 Y100.683 E1.37475
G1 X107.449 Y101.303 E1.39955
G1 X107.143 Y101.703 E1.41932
G1 X106.849 Y102.172 E1.44105
G1 X106.588 Y102.649 E1.4624
G1 X106.14 Y103.129 E1.48818
G1 X105.719 Y103.49 E1.50996
G1 X104.956 Y103.425 E1.54003
G1 X104.561 Y103.53 E1.55608
G1 X103.979 Y103.652 E1.57943
G1 X103.451 Y103.28 E1.60479
G1 X103.136 Y102.932 E1.62322
G1 X102.55 Y102.774 E1.64705
G1 X102.324 Y102.254 E1.66931
G1 X101.825 Y101.948 E1.69229
G1 X101.535 Y101.243 E1.72222
G1 X101.526 Y100.614 E1.74692
G1 X101.798 Y100.112 E1.76934
G1 X101.739 Y99.504 E1.79332
G1 X102.296 Y99.127 E1.81973
G1 X102.549 Y98.588 E1.84311
G1 X103.027 Y98.048 E1.87143
G1 X103.706 Y97.901 E1.89871
G1 X104.004 Y97.819 E1.91085
G1 X104.333 Y97.592 F7800
G1 X104.739 Y98.701
;TYPE:Solid infill
G1 F884.349
G1 X105.105 Y98.797 E1.92571
G1 X105.602 Y99.045 E1.94752
G1 X105.951 Y99.362 E1.96603
G1 X106.243 Y99.822 E1.98742
G1 X106.416 Y100.36 E2.00961
G1 X106.428 Y100.642 E2.02069
G1 X106.336 Y101.228 E2.04398
G1 X106.116 Y101.537 E2.05887
G1 X105.73 Y101.979 E2.08191
G1 X105.295 Y102.25 E2.10203
G1 X104.635 Y102.529 E2.13016
G1 X104.212 Y102.404 E2.14748
G1 X103.697 Y102.118 E2.17061
G1 X103.253 Y101.762 E2.19296
G1 X102.874 Y101.257 E2.21775
G1 X102.787 Y100.946 E2.23043
G1 X102.794 Y100.44 E2.2503
G1 X102.984 Y99.832 E2.27531
G1 X103.247 Y99.392 E2.29544
G1 X103.562 Y99.076 E2.31296
G1 X104.269 Y98.722 E2.34401
G1 X104.536 Y98.71 E2.3545
G1 X104.596 Y99.12 E2.37077
G1 X104.374 Y99.125 E2.37949
G1 X103.788 Y99.418 E2.40521
G1 X103.578 Y99.629 E2.4169
G1 X103.353 Y100.003 E2.43404
G1 X103.201 Y100.496 E2.4543
G1 X103.218 Y101.033 E2.4754
G1 X103.543 Y101.473 E2.49688
G1 X104.002 Y101.825 E2.51959
G1 X104.503 Y102.078 E2.54163
G1 X104.597 Y102.113 E2.54557
G1 X105.122 Y101.882 E2.56809
G1 X105.548 Y101.592 E2.58832
G1 X105.949 Y101.07 E2.61417
G1 X106.016 Y100.54 E2.63515
G1 X105.871 Y99.996 E2.65726
G1 X105.637 Y99.626 E2.67445
G1 X105.24 Y99.308 E2.69442
G1 X104.8 Y99.116 E2.71327
G1 X104.709 Y99.517 E2.72942
G1 X104.937 Y99.605 E2.73902
G1 X105.231 Y99.807 E2.75303
G1 X105.431 Y100.062 E2.76575
G1 X105.607 Y100.504 E2.78443
G1 X105.561 Y100.912 E2.80055
G1 X105.269 Y101.296 E2.81949
G1 X105.053 Y101.454 E2.83
G1 X104.598 Y101.679 E2.84993
G1 X104.458 Y101.622 E2.85587
G1 X103.899 Y101.237 E2.88252
G1 X103.62 Y100.917 E2.89919
G1 X103.607 Y100.552 E2.91353
G1 X103.785 Y100.04 E2.93481
G1 X104.015 Y99.76 E2.94904
G1 X104.505 Y99.526 E2.97036
G1 X104.613 Y99.929 E2.98674
G1 X104.84 Y100.017 E2.9963
G1 X105.045 Y100.213 E3.00744
G1 X105.202 Y100.575 E3.02293
G1 X105.174 Y100.754 E3.03004
G1 X104.99 Y100.999 E3.04207
G1 X104.595 Y101.23 E3.06004
G1 X104.288 Y101.027 E3.07449
G1 X104.011 Y100.755 E3.08973
G1 X104.061 Y100.432 E3.10256
G1 X104.24 Y100.104 E3.11723
G1 X104.429 Y100.015 E3.12543
G1 X104.528 Y100.175 E3.13282
;WIDTH:0.424234
G1 F944.104
G1 X104.627 Y100.335 E3.13974
;WIDTH:0.398469
G1 F1012.519
G1 X104.701 Y100.391 E3.14292
G1 X104.809 Y100.606 E3.15117
G1 X104.729 Y100.721 E3.15597
G1 X104.618 Y100.796 E3.16056
G1 X104.402 Y100.63 E3.1699
G1 X104.462 Y100.453 E3.17631
;LAYER_CHANGE
;Z:26.95
;HEIGHT:0.200001
G1 Z26.95 F7800
G1 X104.628 Y98.495
;TYPE:Perimeter
;WIDTH:0.449999
G1 F884.349
G1 X104.755 Y98.51 E3.18133
G1 X105.155 Y98.628 E3.1977
G1 X105.599 Y98.859 E3.21735
G1 X105.794 Y99.041 E3.22782
G1 X106.106 Y99.414 E3.24691
G1 X106.402 Y99.927 E3.27017
G1 X106.562 Y100.673 E3.30013
G1 X106.467 Y101.287 E3.32453
G1 X106.356 Y101.48 E3.33327
G1 X106.051 Y101.873 E3.3528
G1 X105.593 Y102.251 E3.37612
G1 X104.845 Y102.615 E3.40878
G1 X104.577 Y102.692 E3.41973
G1 X104.045 Y102.485 E3.44214
G1 X103.595 Y102.253 E3.46202
G1 X103.184 Y101.924 E3.48269
G1 X102.952 Y101.633 E3.4973
G1 X102.717 Y101.251 E3.51491
G1 X102.637 Y100.821 E3.53208
G1 X102.666 Y100.459 E3.54634
G1 X102.82 Y99.88 E3.56986
G1 X103.271 Y99.133 E3.60412
G1 X103.638 Y98.828 E3.62286
G1 X104.108 Y98.617 E3.64309
G1 X104.569 Y98.496 E3.6618
G1 X104.597 Y98.082 F7800
G1 F884.349
G1 X104.995 Y98.127 E3.67753
G1 X105.304 Y98.249 E3.69057
G1 X105.84 Y98.527 E3.71428
G1 X106.251 Y98.911 E3.73637
G1 X106.494 Y99.258 E3.753
G1 X106.779 Y99.772 E3.77608
G1 X106.931 Y100.357 E3.79981
G1 X106.973 Y100.678 E3.81252
G1 X106.858 Y101.424 E3.84216
G1 X106.637 Y101.809 E3.85959
G1 X106.214 Y102.275 E3.8843
G1 X105.797 Y102.605 E3.90518
G1 X105.327 Y102.833 E3.92569
G1 X104.741 Y103.079 E3.95064
G1 X104.484 Y103.092 E3.96074
G1 X103.877 Y102.857 E3.9863
G1 X103.372 Y102.596 E4.00862
G1 X102.894 Y102.213 E4.03267
G1 X102.595 Y101.84 E4.05144
G1 X102.33 Y101.388 E4.07201
G1 X102.275 Y101.14 E4.08198
G1 X102.217 Y100.626 E4.10229
G1 X102.293 Y100.249 E4.11739
G1 X102.442 Y99.72 E4.13897
G1 X102.713 Y99.245 E4.16044
G1 X102.997 Y98.824 E4.18038
G1 X103.423 Y98.478 E4.20193
G1 X104.116 Y98.167 E4.23175
G1 X104.538 Y98.086 E4.24862
G1 X104.569 Y97.709 F7800
;TYPE:External perimeter
G1 F884.349
G1 X104.84 Y97.738 E4.25932
G1 X105.286 Y97.835 E4.27724
G1 X105.872 Y97.928 E4.30054
G1 X106.383 Y98.366 E4.32697
G1 X106.841 Y98.908 E4.35483
G1 X106.997 Y99.355 E4.37342
G1 X107.297 Y100.019 E4.40203
G1 X107.286 Y100.54 E4.42249
G1 X107.4 Y100.813 E4.43411
G1 X107.203 Y101.52 E4.46293
G1 X106.91 Y101.896 E4.48165
G1 X106.712 Y102.41 E4.50328
G1 X106.19 Y102.941 E4.53252
G1 X105.517 Y103.058 E4.55934
G1 X104.858 Y103.345 E4.58756
G1 X104.396 Y103.491 E4.60658
G1 X103.8 Y103.292 E4.63125
G1 X103.091 Y102.992 E4.66148
G1 X102.524 Y102.565 E4.68935
G1 X102.287 Y101.853 E4.71881
G1 X102.104 Y101.449 E4.73622
G1 X101.657 Y100.952 E4.76247
G1 X102.044 Y100.39 E4.78926
G1 X102.146 Y99.746 E4.81486
G1 X102.486 Y98.665 E4.85935
G1 X102.977 Y98.263 E4.88427
G1 X104.147 Y97.663 E4.9359
G1 X104.509 Y97.702 E4.9502
G1 X104.906 Y97.757 F7800
G92 E0
G1 X102.937 Y100.671
;TYPE:Solid infill
G1 F884.349
G1 X103.104 Y99.999 E.02719
G1 X103.515 Y99.321 E.05832
G1 X103.799 Y99.09 E.07269
G1 X104.239 Y98.893 E.09162
G1 X104.5 Y98.819 E.10227
G1 X104.814 Y98.824 E.1146
G1 X105.423 Y99.112 E.14105
G1 X105.599 Y99.276 E.1505
G1 X105.976 Y99.761 E.17462
G1 X106.153 Y100.152 E.19147
G1 X106.254 Y100.67 E.21219
G1 X106.174 Y101.185 E.23265
G1 X106.054 Y101.393 E.24208
G1 X105.576 Y101.891 E.26918
G1 X104.675 Y102.354 E.30896
G1 X104.538 Y102.349 E.31434
G1 X103.894 Y102.064 E.34199
G1 X103.526 Y101.807 E.35961
G1 X103.225 Y101.487 E.37686
G1 X103.01 Y101.154 E.39242
G1 X102.967 Y100.873 E.40358
G1 X103.351 Y100.691 E.42027
G1 X103.484 Y100.157 E.44188
G1 X103.755 Y99.71 E.4624
G1 X103.933 Y99.505 E.47306
G1 X104.175 Y99.368 E.48398
G1 X104.617 Y99.211 E.5024
G1 X105.045 Y99.384 E.52053
G1 X105.31 Y99.563 E.53309
G1 X105.465 Y99.74 E.54233
G1 X105.741 Y100.198 E.56333
G1 X105.843 Y100.665 E.5821
G1 X105.794 Y100.979 E.59458
G1 X105.726 Y101.148 E.60173
G1 X105.329 Y101.561 E.62422
G1 X104.602 Y101.937 E.65636
G1 X104.08 Y101.702 E.67884
G1 X103.781 Y101.49 E.69323
G1 X103.439 Y101.103 E.71351
G1 X103.394 Y100.89 E.72206
G1 X103.806 Y100.907 E.73825
G1 X104.099 Y101.223 E.75517
G1 X104.578 Y101.491 E.77672
G1 X105.082 Y101.23 E.79901
G1 X105.393 Y100.907 E.81662
G1 X105.417 Y100.553 E.83055
G1 X105.275 Y100.179 E.84626
G1 X105.032 Y99.861 E.86197
G1 X104.608 Y99.627 E.88099
G1 X104.19 Y99.821 E.89908
G1 X103.864 Y100.315 E.92232
G1 X103.766 Y100.71 E.9383
G1 X104.181 Y100.727 E.95461
G1 X104.229 Y100.534 E.96242
G1 X104.448 Y100.137 E.98022
G1 X104.595 Y100.071 E.98655
G1 X104.754 Y100.158 E.99367
G1 X104.944 Y100.426 E1.00657
G1 X105.017 Y100.675 E1.01676
G1 X104.879 Y100.854 E1.02563
G1 X104.569 Y101.038 E1.03978
G1 X104.453 Y100.978 E1.04491
G1 X104.331 Y100.865 E1.05144
;LAYER_CHANGE
;Z:27.15
;HEIGHT:0.199999
G92 E0
G1 Z27.15 F7800
G1 X104.625 Y98.672
;TYPE:Perimeter
G1 F884.349
G1 X104.664 Y98.665 E.00156
G1 X104.965 Y98.74 E.01374
G1 X105.315 Y98.91 E.02902
G1 X105.698 Y99.204 E.04798
G1 X105.993 Y99.62 E.068
G1 X106.262 Y100.144 E.09113
G1 X106.312 Y100.458 E.10361
G1 X106.307 Y101.164 E.13133
G1 X106.011 Y101.655 E.15384
G1 X105.654 Y102.01 E.17361
G1 X105.032 Y102.322 E.20093
G1 X104.575 Y102.506 E.22027
G1 X104.072 Y102.301 E.2416
G1 X103.344 Y101.855 E.27512
G1 X102.979 Y101.353 E.29949
G1 X102.878 Y101.097 E.3103
G1 X102.851 Y100.618 E.32914
G1 X102.966 Y100.088 E.35043
G1 X103.239 Y99.575 E.37325
G1 X103.541 Y99.17 E.39309
G1 X103.695 Y99.037 E.40108
G1 X104.253 Y98.734 E.42601
G1 X104.566 Y98.682 E.43847
G1 X104.574 Y98.275 F7800
G1 F884.349
G1 X104.825 Y98.265 E.44833
G1 X105.101 Y98.356 E.45974
G1 X105.673 Y98.645 E.4849
G1 X106.001 Y98.929 E.50194
G1 X106.342 Y99.408 E.52503
G1 X106.654 Y100.016 E.55186
G1 X106.757 Y100.662 E.57755
G1 X106.706 Y101.281 E.60194
G1 X106.53 Y101.61 E.61659
G1 X106.299 Y101.946 E.6326
G1 X105.885 Y102.35 E.65531
G1 X104.991 Y102.797 E.69456
G1 X104.553 Y102.934 E.71258
G1 X103.962 Y102.705 E.73747
G1 X103.498 Y102.448 E.7583
G1 X103.06 Y102.153 E.77903
G1 X102.794 Y101.813 E.79598
G1 X102.526 Y101.384 E.81584
G1 X102.449 Y101.049 E.82934
G1 X102.467 Y100.437 E.85338
G1 X102.584 Y99.947 E.87316
G1 X102.775 Y99.56 E.89011
G1 X103.112 Y99.056 E.91392
G1 X103.423 Y98.724 E.93178
G1 X103.92 Y98.434 E.95437
G1 X104.411 Y98.282 E.97455
G1 X104.514 Y98.278 E.9786
G1 X104.505 Y97.738 F7800
;TYPE:External perimeter
G1 F884.349
G1 X104.607 Y97.705 E.98281
G1 X105.196 Y97.869 E1.00682
G1 X105.558 Y98.172 E1.02536
G1 X106 Y98.383 E1.04459
G1 X106.583 Y98.744 E1.07151
G1 X106.826 Y99.425 E1.0999
G1 X107.275 Y100.055 E1.13028
G1 X107.331 Y100.814 E1.16016
G1 X107.15 Y101.393 E1.18398
G1 X107.152 Y101.569 E1.19089
G1 X107.001 Y102.009 E1.20916
G1 X106.45 Y102.512 E1.23845
G1 X105.862 Y102.665 E1.26231
G1 X105.437 Y102.922 E1.28181
G1 X105.018 Y103.044 E1.29895
G1 X104.51 Y103.27 E1.32078
G1 X103.901 Y103.225 E1.34476
G1 X103.369 Y103.032 E1.36698
G1 X102.792 Y102.589 E1.39554
G1 X102.378 Y101.95 E1.42544
G1 X102.034 Y101.558 E1.44592
G1 X102.025 Y101.01 E1.46744
G1 X102.241 Y100.339 E1.49512
G1 X102.17 Y99.871 E1.51371
G1 X102.465 Y99.179 E1.54325
G1 X102.961 Y98.664 E1.57132
G1 X103.548 Y98.337 E1.5977
G1 X104.096 Y97.871 E1.62594
G1 X104.448 Y97.757 E1.64047
G1 X104.847 Y97.781 F7800
G1 X104.646 Y98.976
;TYPE:Solid infill
G1 F884.349
G1 X105.059 Y99.115 E1.65758
G1 X105.47 Y99.411 E1.67747
G1 X105.731 Y99.779 E1.69518
G1 X105.968 Y100.241 E1.71557
G1 X106.019 Y100.558 E1.72818
G1 X106.008 Y101.076 E1.74852
G1 X105.77 Y101.449 E1.76589
G1 X105.474 Y101.759 E1.78272
G1 X104.592 Y102.185 E1.82118
G1 X104.22 Y102.034 E1.83694
G1 X103.561 Y101.635 E1.86719
G1 X103.194 Y101.111 E1.89231
G1 X103.157 Y100.639 E1.9109
G1 X103.252 Y100.195 E1.92873
G1 X103.463 Y99.795 E1.94649
G1 X103.792 Y99.345 E1.96838
G1 X104.228 Y99.08 E1.98841
G1 X104.449 Y99.025 E1.99735
G1 X104.642 Y99.397 E2.01381
G1 X104.754 Y99.427 E2.01836
G1 X105.025 Y99.564 E2.03028
G1 X105.3 Y99.875 E2.04658
G1 X105.576 Y100.369 E2.0688
G1 X105.617 Y100.622 E2.07886
G1 X105.609 Y100.958 E2.09206
G1 X105.475 Y101.168 E2.10184
G1 X105.228 Y101.427 E2.11589
G1 X104.588 Y101.747 E2.14399
G1 X104.418 Y101.678 E2.15119
G1 X103.855 Y101.344 E2.17689
G1 X103.569 Y100.925 E2.19681
G1 X103.601 Y100.424 E2.21652
G1 X103.739 Y100.128 E2.22934
G1 X104.065 Y99.655 E2.2519
G1 X104.309 Y99.507 E2.26311
G1 X104.449 Y99.461 E2.2689
G1 X104.628 Y99.82 E2.28465
G1 X104.863 Y99.963 E2.29545
G1 X105.138 Y100.406 E2.31592
G1 X105.22 Y100.721 E2.3287
G1 X105.181 Y100.887 E2.3354
G1 X104.983 Y101.094 E2.34665
G1 X104.573 Y101.299 E2.36465
G1 X104.214 Y101.1 E2.38077
G1 X103.973 Y100.803 E2.39579
G1 X103.971 Y100.696 E2.39999
G1 X104.055 Y100.394 E2.4123
G1 X104.339 Y99.966 E2.43247
G1 X104.447 Y99.911 E2.43723
G1 X104.599 Y100.273 E2.45265
;WIDTH:0.425771
G1 F940.314
G1 X104.69 Y100.401 E2.45845
G1 X104.817 Y100.697 E2.47034
G1 X104.583 Y100.853 E2.48073
G1 X104.431 Y100.769 E2.48714
G1 X104.38 Y100.638 E2.49233
G1 X104.494 Y100.447 E2.50054
;LAYER_CHANGE
;Z:27.35
;HEIGHT:0.200001
G1 Z27.35 F7800
G1 X104.582 Y98.854
;TYPE:Perimeter
;WIDTH:0.449999
G1 F884.349
G1 X105.114 Y99.053 E2.52284
G1 X105.392 Y99.237 E2.53593
G1 X105.646 Y99.541 E2.55148
G1 X105.956 Y100.057 E2.57512
G1 X106.117 Y100.534 E2.59489
G1 X106.087 Y101.072 E2.61605
G1 X105.784 Y101.625 E2.64081
G1 X105.375 Y101.975 E2.66195
G1 X104.593 Y102.306 E2.69529
G1 X104.123 Y102.127 E2.71504
G1 X103.614 Y101.815 E2.73848
G1 X103.232 Y101.361 E2.76178
G1 X103.078 Y100.989 E2.77759
G1 X103.078 Y100.787 E2.78552
G1 X103.135 Y100.355 E2.80263
G1 X103.354 Y99.786 E2.82657
G1 X103.719 Y99.309 E2.85015
G1 X104.197 Y99.022 E2.87204
G1 X104.527 Y98.875 E2.88622
G1 X104.526 Y98.442 F7800
G1 F884.349
G1 X104.989 Y98.556 E2.90494
G1 X105.494 Y98.781 E2.92665
G1 X105.802 Y99.058 E2.94291
G1 X106.154 Y99.555 E2.96682
G1 X106.39 Y100.011 E2.98698
G1 X106.538 Y100.607 E3.01109
G1 X106.486 Y101.185 E3.03388
G1 X106.339 Y101.48 E3.04682
G1 X106.085 Y101.903 E3.06619
G1 X105.598 Y102.32 E3.09136
G1 X104.957 Y102.62 E3.11915
G1 X104.573 Y102.729 E3.13482
G1 X104.034 Y102.547 E3.15716
G1 X103.465 Y102.213 E3.18307
G1 X103.103 Y101.86 E3.20292
G1 X102.853 Y101.519 E3.21952
G1 X102.67 Y101.052 E3.23921
G1 X102.672 Y100.574 E3.25798
G1 X102.779 Y100.072 E3.27813
G1 X103.002 Y99.576 E3.29948
G1 X103.443 Y99 E3.32796
G1 X104.077 Y98.619 E3.357
G1 X104.47 Y98.46 E3.37365
G1 X104.483 Y98.13 F7800
;TYPE:External perimeter
G1 F884.349
G1 X104.866 Y98.167 E3.38876
G1 X105.423 Y98.384 E3.41223
G1 X106.62 Y99.166 E3.46837
G1 X106.885 Y99.749 E3.49352
G1 X106.92 Y100.412 E3.51959
G1 X106.728 Y101.096 E3.54748
G1 X106.807 Y101.785 E3.57471
G1 X106.226 Y102.1 E3.60066
G1 X105.916 Y102.637 E3.62501
G1 X105.342 Y102.889 E3.64962
G1 X104.632 Y103.039 E3.67811
G1 X104.202 Y102.898 E3.69588
G1 X103.571 Y102.583 E3.72357
G1 X102.966 Y102.446 E3.74793
G1 X102.406 Y101.459 E3.79249
G1 X102.346 Y100.338 E3.83657
G1 X102.57 Y99.863 E3.85719
G1 X102.699 Y99.172 E3.88479
G1 X103.262 Y98.779 E3.91175
G1 X103.911 Y98.461 E3.94013
G1 X104.357 Y98.118 E3.96222
G1 X104.423 Y98.125 E3.96483
G1 X104.821 Y98.166 F7800
G92 E0
G1 X103.383 Y100.843
;TYPE:Solid infill
G1 F884.349
G1 X103.434 Y100.418 E.01681
G1 X103.618 Y99.944 E.03677
G1 X103.926 Y99.541 E.05669
G1 X104.575 Y99.177 E.08591
G1 X104.973 Y99.335 E.10272
G1 X105.204 Y99.478 E.11339
G1 X105.397 Y99.718 E.12548
G1 X105.662 Y100.153 E.14548
G1 X105.821 Y100.631 E.16526
G1 X105.789 Y100.983 E.17914
G1 X105.548 Y101.426 E.19894
G1 X105.208 Y101.716 E.21649
G1 X104.655 Y101.975 E.24047
G1 X104.332 Y101.896 E.25353
G1 X103.838 Y101.605 E.27604
G1 X103.63 Y101.38 E.28807
G1 X103.434 Y101.101 E.30146
G1 X103.423 Y101.042 E.30382
G1 X103.802 Y100.641 E.32548
G1 X103.936 Y100.229 E.34249
G1 X104.202 Y99.85 E.36067
G1 X104.586 Y99.619 E.37827
G1 X104.931 Y99.78 E.39322
G1 X105.196 Y100.139 E.41074
G1 X105.385 Y100.578 E.42951
G1 X105.391 Y100.863 E.4407
G1 X105.226 Y101.165 E.45421
G1 X105.057 Y101.31 E.46295
G1 X104.594 Y101.555 E.48352
G1 X104.096 Y101.285 E.50576
G1 X103.808 Y100.934 E.52359
G1 X103.806 Y100.845 E.52709
G1 X104.199 Y100.796 E.54264
G1 X104.238 Y100.549 E.55246
G1 X104.459 Y100.185 E.56918
G1 X104.602 Y100.085 E.57603
M73 P99 R0
G1 X104.66 Y100.086 E.57831
G1 X104.922 Y100.495 E.59738
G1 X104.993 Y100.742 E.60747
M73 Q99 S0
G1 X104.857 Y100.945 E.61706
G1 X104.593 Y101.105 E.62918
G1 X104.465 Y101.03 E.63501
G1 X104.352 Y100.931 E.64091
G1 X104.488 Y100.786 E.64872
;WIDTH:0.416057
G1 F964.794
G1 X104.624 Y100.642 E.65585
;WIDTH:0.382114
G1 F1061.34
G1 X104.635 Y100.683 E.65724
G1 X104.564 Y100.702 E.65964
G1 X104.583 Y100.631 E.66204
;LAYER_CHANGE
;Z:27.55
;HEIGHT:0.199999
G1 Z27.55 F7800
G1 X104.621 Y99.136
;TYPE:Perimeter
;WIDTH:0.449999
G1 F884.349
G1 X104.708 Y99.15 E.6655
G1 X104.932 Y99.235 E.67491
G1 X105.277 Y99.501 E.69202
G1 X105.601 Y99.894 E.71202
G1 X105.843 Y100.466 E.73641
G1 X105.874 Y100.725 E.74665
G1 X105.853 Y101.004 E.75764
G1 X105.684 Y101.378 E.77375
G1 X105.103 Y101.887 E.80408
G1 X104.685 Y102.077 E.82211
G1 X104.52 Y102.09 E.82861
G1 X103.875 Y101.729 E.85763
G1 X103.408 Y101.192 E.88557
G1 X103.367 Y101.045 E.89156
G1 X103.316 Y100.601 E.90911
G1 X103.47 Y100.092 E.92999
G1 X103.837 Y99.558 E.95543
G1 X104.123 Y99.331 E.96977
G1 X104.563 Y99.143 E.98856
G1 X104.601 Y98.736 F7800
G1 F884.349
G1 X104.896 Y98.767 E1.00021
G1 X105.245 Y98.934 E1.0154
G1 X105.545 Y99.194 E1.03099
G1 X105.956 Y99.689 E1.05625
G1 X106.108 Y100.047 E1.07152
G1 X106.293 Y100.582 E1.09375
G1 X106.253 Y101.107 E1.11442
G1 X106.01 Y101.634 E1.13721
G1 X105.326 Y102.233 E1.17291
G1 X104.853 Y102.447 E1.19329
G1 X104.614 Y102.512 E1.20302
G1 X104.355 Y102.464 E1.21336
G1 X103.622 Y102.053 E1.24636
G1 X103.39 Y101.808 E1.25961
G1 X103.036 Y101.372 E1.28166
G1 X102.924 Y100.977 E1.29778
G1 X102.906 Y100.549 E1.3146
G1 X103.099 Y99.914 E1.34066
G1 X103.531 Y99.285 E1.37062
G1 X103.982 Y98.943 E1.39284
G1 X104.51 Y98.727 E1.41524
G1 X104.541 Y98.73 E1.41646
G1 X104.573 Y98.188 F7800
;TYPE:External perimeter
G1 F884.349
G1 X105.211 Y98.331 E1.44213
G1 X105.572 Y98.877 E1.46783
G1 X106.119 Y99.215 E1.49308
G1 X106.499 Y99.726 E1.51808
G1 X106.613 Y100.474 E1.54779
G1 X106.59 Y101.156 E1.57458
G1 X106.546 Y101.425 E1.58528
G1 X106.492 Y101.911 E1.60448
G1 X106.1 Y102.312 E1.6265
G1 X105.601 Y102.703 E1.65139
G1 X105.083 Y102.756 E1.67184
G1 X104.513 Y102.901 E1.69493
G1 X103.936 Y102.655 E1.71956
G1 X103.345 Y102.444 E1.7442
G1 X102.892 Y102.004 E1.769
G1 X102.569 Y101.505 E1.79234
G1 X102.56 Y100.829 E1.81889
G1 X102.505 Y100.255 E1.84153
G1 X102.832 Y99.797 E1.86363
G1 X103.282 Y99.258 E1.8912
G1 X103.586 Y98.942 E1.90842
G1 X104.024 Y98.406 E1.9356
G1 X104.516 Y98.184 E1.95679
G1 X104.908 Y98.264 F7800
G1 X104.603 Y99.452
;TYPE:Solid infill
G1 F884.349
G1 X104.858 Y99.541 E1.96739
G1 X105.077 Y99.731 E1.97877
G1 X105.334 Y100.047 E1.99476
G1 X105.553 Y100.564 E2.01681
G1 X105.552 Y100.928 E2.0311
G1 X105.433 Y101.192 E2.04247
G1 X105.001 Y101.57 E2.06501
G1 X104.594 Y101.78 E2.08299
G1 X104.069 Y101.487 E2.1066
G1 X103.685 Y101.048 E2.1295
G1 X103.623 Y100.639 E2.14574
G1 X103.748 Y100.226 E2.16268
G1 X104.061 Y99.771 E2.18436
G1 X104.328 Y99.576 E2.19734
G1 X104.417 Y99.536 E2.20117
G1 X104.651 Y99.9 E2.21816
G1 X104.947 Y100.209 E2.23496
G1 X105.131 Y100.61 E2.25228
G1 X105.152 Y100.825 E2.26076
G1 X104.943 Y101.08 E2.27371
G1 X104.614 Y101.325 E2.28982
G1 X104.329 Y101.166 E2.30263
G1 X104.037 Y100.798 E2.32108
G1 X104.097 Y100.48 E2.33379
G1 X104.325 Y100.105 E2.35102
G1 X104.475 Y99.982 E2.35864
G1 X104.598 Y100.349 E2.37384
;WIDTH:0.362304
G1 F1127.17
G1 X104.788 Y100.733 E2.38704
G1 X104.597 Y100.9 E2.39486
G1 X104.408 Y100.705 E2.40323
G1 X104.492 Y100.523 E2.40941
;LAYER_CHANGE
;Z:27.75
;HEIGHT:0.200001
G1 Z27.75 F7800
G1 X104.619 Y99.451
;TYPE:Perimeter
;WIDTH:0.449999
G1 F884.349
G1 X104.786 Y99.492 E2.41616
G1 X105.15 Y99.755 E2.43379
G1 X105.394 Y100.035 E2.44837
G1 X105.595 Y100.555 E2.47026
G1 X105.582 Y100.891 E2.48346
G1 X105.404 Y101.284 E2.5004
G1 X105.013 Y101.645 E2.5213
G1 X104.537 Y101.826 E2.5413
G1 X104.082 Y101.568 E2.56184
G1 X103.754 Y101.231 E2.5803
G1 X103.606 Y100.866 E2.59576
G1 X103.65 Y100.339 E2.61652
G1 X103.917 Y99.899 E2.63673
G1 X104.315 Y99.524 E2.6582
G1 X104.544 Y99.432 E2.66789
G1 X104.561 Y99.437 E2.66859
G1 X104.652 Y99.007 F7800
G1 F884.349
G1 X105.076 Y99.166 E2.68637
G1 X105.409 Y99.44 E2.7033
G1 X105.752 Y99.833 E2.72378
G1 X106.004 Y100.512 E2.75222
G1 X105.986 Y100.986 E2.77084
G1 X105.741 Y101.527 E2.79416
G1 X105.238 Y101.992 E2.82106
G1 X104.629 Y102.253 E2.84708
G1 X104.4 Y102.216 E2.85619
G1 X103.846 Y101.902 E2.88119
G1 X103.418 Y101.464 E2.90524
G1 X103.194 Y100.921 E2.9283
G1 X103.284 Y100.142 E2.95909
G1 X103.6 Y99.638 E2.98245
G1 X104.092 Y99.175 E3.00898
G1 X104.251 Y99.111 E3.01571
G1 X104.594 Y99.019 E3.02965
G1 X104.674 Y98.701 F7800
;TYPE:External perimeter
G1 F884.349
G1 X105.457 Y98.708 E3.0604
G1 X105.778 Y99.345 E3.08841
G1 X106.301 Y99.622 E3.11165
G1 X106.421 Y100.32 E3.13946
G1 X106.46 Y100.926 E3.1633
G1 X106.251 Y101.385 E3.1831
G1 X105.927 Y101.983 E3.20981
G1 X105.327 Y102.259 E3.23574
G1 X104.264 Y102.624 E3.27987
G1 X103.683 Y102.358 E3.30496
G1 X103.254 Y101.882 E3.33012
G1 X102.969 Y101.426 E3.35123
G1 X102.768 Y100.893 E3.3736
G1 X102.652 Y100.379 E3.39429
G1 X102.946 Y99.967 E3.41416
G1 X103.263 Y99.326 E3.44224
G1 X103.765 Y99.069 E3.46438
G1 X104.152 Y98.696 E3.48548
G1 X104.614 Y98.7 E3.50362
G1 X105.014 Y98.704 F7800
G92 E0
G1 X103.916 Y100.823
;TYPE:Solid infill
G1 F884.349
G1 X103.946 Y100.428 E.01555
G1 X104.109 Y100.167 E.02763
G1 X104.441 Y99.825 E.04635
G1 X104.588 Y99.744 E.05294
G1 X104.678 Y99.778 E.05672
G1 X105.073 Y100.12 E.07724
G1 X105.288 Y100.607 E.09814
G1 X105.279 Y100.819 E.10647
G1 X105.152 Y101.102 E.11865
G1 X104.899 Y101.335 E.13215
G1 X104.579 Y101.499 E.14627
G1 X104.333 Y101.359 E.15738
G1 X104.008 Y101.054 E.17488
G1 X103.991 Y101.013 E.17662
G1 X104.381 Y100.772 E.19462
;WIDTH:0.511413
G1 F768.421
G1 X104.382 Y100.812 E.19643
G1 X104.605 Y101.01 E.20991
G1 X104.813 Y100.788 E.22366
G1 X104.84 Y100.663 E.22944
G1 X104.694 Y100.345 E.24525
G1 X104.607 Y100.27 E.25044
G1 X104.374 Y100.569 E.26757
;LAYER_CHANGE
;Z:27.95
;HEIGHT:0.200001
G1 Z27.95 F7800
G1 X104.761 Y100.005
;TYPE:Perimeter
;WIDTH:0.449999
G1 F884.349
G1 X104.915 Y99.967 E.2738
G1 X105.032 Y100.08 E.28019
G1 X105.225 Y100.456 E.29678
G1 X105.263 Y100.75 E.30842
G1 X105.098 Y101.191 E.32691
G1 X104.908 Y101.356 E.33679
G1 X104.586 Y101.527 E.35111
G1 X104.319 Y101.403 E.36267
G1 X104.043 Y101.108 E.37853
G1 X103.927 Y100.8 E.39145
G1 X103.922 Y100.605 E.39911
G1 X104.145 Y100.154 E.41886
G1 X104.264 Y100.028 E.42567
G1 X104.559 Y100.056 E.43731
G1 X104.703 Y100.02 E.44314
G1 X104.695 Y99.61 F7800
G1 F884.349
G1 X104.916 Y99.509 E.45268
G1 X105.189 Y99.664 E.46501
G1 X105.43 Y99.938 E.47934
G1 X105.648 Y100.43 E.50047
G1 X105.675 Y100.701 E.51116
G1 X105.628 Y100.952 E.52119
G1 X105.436 Y101.437 E.54167
G1 X105.08 Y101.746 E.56018
G1 X104.634 Y101.953 E.57949
G1 X104.5 Y101.934 E.5848
G1 X104.165 Y101.783 E.59923
G1 X103.798 Y101.481 E.61789
G1 X103.616 Y101.196 E.63117
G1 X103.518 Y100.849 E.64533
G1 X103.525 Y100.49 E.65943
G1 X103.831 Y99.869 E.68661
G1 X104.159 Y99.576 E.70388
G1 X104.408 Y99.644 E.71401
G1 X104.64 Y99.632 E.72313
G1 X104.605 Y99.131 F7800
;TYPE:External perimeter
G1 F884.349
G1 X104.806 Y99.099 E.73112
G1 X105.388 Y99.313 E.75547
G1 X105.616 Y99.745 E.77465
G1 X105.882 Y100.145 E.79351
G1 X105.999 Y100.706 E.81601
G1 X106.009 Y100.938 E.82513
G1 X105.831 Y101.563 E.85065
G1 X105.472 Y101.842 E.8685
G1 X105.079 Y102.024 E.88551
G1 X104.486 Y102.442 E.914
G1 X103.763 Y102.193 E.94402
G1 X103.388 Y101.683 E.96888
G1 X103.044 Y101.023 E.9981
G1 X103.228 Y100.436 E1.02225
G1 X103.193 Y99.936 E1.04193
G1 X103.512 Y99.46 E1.06443
G1 X104.089 Y99.212 E1.08909
G1 X104.545 Y99.14 E1.10722
G1 X104.945 Y99.164 F7800
G1 X104.775 Y100.396
;TYPE:Solid infill
;WIDTH:0.591976
G1 F655.671
G1 X104.888 Y100.644 E1.12165
G1 X104.863 Y100.77 E1.12845
G1 X104.745 Y101 E1.14214
G1 X104.577 Y101.116 E1.15295
G1 X104.384 Y100.943 E1.16668
G1 X104.307 Y100.676 E1.1814
G1 X104.43 Y100.426 E1.19616
G1 X104.572 Y100.414 E1.20371
;LAYER_CHANGE
;Z:28.15
;HEIGHT:0.199999
G1 Z28.15 F7800
G1 X104.325 Y100.825
;TYPE:Perimeter
;WIDTH:0.365194
G1 F900
G1 X104.556 Y100.818 E1.21089
G1 X104.872 Y100.694 E1.22144
G1 X104.879 Y100.872 E1.22698
G1 X104.592 Y101.178 E1.24002
G1 X104.493 Y101.109 E1.24377
G1 X104.355 Y100.877 E1.25216
G1 X104.333 Y100.461 F7800
;WIDTH:0.449999
G1 F884.349
G1 X104.623 Y100.42 E1.26366
G1 X105.029 Y100.114 E1.28362
G1 X105.095 Y100.184 E1.2874
G1 X105.245 Y100.673 E1.30748
G1 X105.217 Y101.034 E1.3217
G1 X104.921 Y101.397 E1.34009
G1 X104.562 Y101.603 E1.35634
G1 X104.172 Y101.322 E1.37521
G1 X103.934 Y100.865 E1.39544
G1 X103.953 Y100.537 E1.40834
G1 X104.038 Y100.339 E1.4168
G1 X104.142 Y100.42 E1.42198
G1 X104.274 Y100.455 E1.42734
G1 X104.344 Y100.113 F7800
;TYPE:External perimeter
G1 F884.349
G1 X104.383 Y100.128 E1.42898
G1 X104.851 Y99.76 E1.45236
G1 X105.502 Y99.79 E1.47795
G1 X105.534 Y100.618 E1.51049
G1 X105.451 Y101.081 E1.52896
G1 X105.266 Y101.306 E1.5404
G1 X105.016 Y101.628 E1.55641
G1 X104.461 Y102.01 E1.58286
G1 X103.889 Y101.721 E1.60802
G1 X103.73 Y101.056 E1.63487
G1 X103.528 Y100.509 E1.65777
G1 X103.821 Y99.905 E1.68413
G1 X104.288 Y100.091 E1.70387
G1 X104.648 Y99.915 F7800
;LAYER_CHANGE
;Z:28.35
;HEIGHT:0.200001
G1 Z28.35 F7800
G1 X104.591 Y101.195
;WIDTH:0.63909
G1 F603.855
G1 X104.782 Y101.064 E1.71719
;WIDTH:0.59475
G1 F652.375
G1 X104.845 Y101.029 E1.72103
;WIDTH:0.56071
G1 F695.263
G1 X104.908 Y100.993 E1.72465
;WIDTH:0.52667
G1 F744.186
G1 X104.971 Y100.957 E1.72804
; stop printing object Lil Dick.stl id:0 copy 0
G92 E0
M107
;TYPE:Custom
; Filament-specific end gcode
#M104 S0 ; turn off temperature
G00 Z100; Z Axis to safe point
G00 Y100; Y Axis to Front
G28 X0  ; home X axis
M84     ; disable motors
M73 P100 R0
M73 Q100 S0
; objects_info = {"objects":[{"name":"Lil Dick.stl id:0 copy 0","polygon":[[101.386,94.487],[102.239,94.697],[102.887,94.970],[104.664,95.885],[105.110,95.854],[107.227,94.863],[108.069,94.600],[109.102,94.462],[109.871,94.467],[111.332,94.777],[111.634,94.878],[112.785,95.601],[113.327,96.041],[113.851,96.606],[114.299,97.358],[114.840,98.826],[114.874,100.263],[114.648,101.438],[114.278,102.338],[113.803,103.033],[113.311,103.568],[112.829,103.926],[110.919,104.879],[110.214,105.584],[109.101,108.216],[108.640,108.977],[108.298,109.357],[107.647,109.946],[106.610,110.634],[105.527,111.056],[104.595,111.200],[102.977,110.976],[102.563,110.861],[101.560,110.220],[101.008,109.638],[100.335,108.577],[99.529,106.642],[99.104,105.207],[98.745,104.930],[96.990,103.931],[96.402,103.444],[95.572,102.426],[95.152,101.482],[94.994,100.923],[94.900,100.169],[94.972,98.410],[95.289,97.694],[95.962,96.566],[96.566,95.925],[97.340,95.298],[98.030,94.886],[98.723,94.625],[99.781,94.423],[100.527,94.400]]}]}
; filament used [mm] = 969.54
; filament used [cm3] = 2.33
; filament used [g] = 2.82
; filament cost = 98.76
; total filament used [g] = 2.82
; total filament cost = 98.76
; total filament used for wipe tower [g] = 0.00
; estimated printing time (normal mode) = 29m 6s
; estimated printing time (silent mode) = 29m 11s
; estimated first layer printing time (normal mode) = 39s
; estimated first layer printing time (silent mode) = 39s

; prusaslicer_config = begin
; arc_fitting = disabled
; autoemit_temperature_commands = 1
; automatic_extrusion_widths = 0
; automatic_infill_combination = 1
; automatic_infill_combination_max_layer_height = 100%
; avoid_crossing_curled_overhangs = 0
; avoid_crossing_perimeters = 0
; avoid_crossing_perimeters_max_detour = 0
; bed_custom_model = 
; bed_custom_texture = 
; bed_shape = 0x0,210x0,210x210,0x210
; bed_temperature = 30
; bed_temperature_extruder = 0
; before_layer_gcode = 
; between_objects_gcode = 
; binary_gcode = 0
; bottom_fill_pattern = monotonic
; bottom_solid_layers = 3
; bottom_solid_min_thickness = 0
; bridge_acceleration = 0
; bridge_angle = 0
; bridge_fan_speed = 80
; bridge_flow_ratio = 1
; bridge_speed = 60
; brim_separation = 0
; brim_type = outer_only
; brim_width = 0
; chamber_minimal_temperature = 0
; chamber_temperature = 0
; color_change_gcode = M600
; colorprint_heights = 
; compatible_printers_condition_cummulative = ;"printer_notes!~/.*NO_TEMPLATES.*/ and printer_notes!~/.*PRINTER_VENDOR_TRILAB.*/ and printer_notes!~/.*PRINTER_MODEL_MK4IS.*/ and ! (printer_notes=~/.*PRINTER_VENDOR_PRUSA3D.*/ and num_extruders>1)"
; complete_objects = 1
; cooling = 0
; cooling_perimeter_transition_distance = 0
; cooling_slowdown_logic = uniform_cooling
; cooling_tube_length = 5
; cooling_tube_retraction = 91.5
; custom_parameters_filament = ""
; custom_parameters_print = 
; custom_parameters_printer = 
; default_acceleration = 0
; default_filament_profile = 
; default_print_profile = 
; deretract_speed = 0
; disable_fan_first_layers = 3
; dont_support_bridges = 1
; draft_shield = disabled
; duplicate_distance = 6
; elefant_foot_compensation = 0
; enable_dynamic_fan_speeds = 0
; enable_dynamic_overhang_speeds = 0
; end_filament_gcode = "; Filament-specific end gcode"
; end_gcode = #M104 S0 ; turn off temperature\nG00 Z100; Z Axis to safe point\nG00 Y100; Y Axis to Front\nG28 X0  ; home X axis\nM84     ; disable motors\n
; ensure_vertical_shell_thickness = enabled
; external_perimeter_acceleration = 0
; external_perimeter_extrusion_width = 0
; external_perimeter_speed = 50%
; external_perimeters_first = 0
; extra_loading_move = -2
; extra_perimeters = 1
; extra_perimeters_on_overhangs = 0
; extruder_clearance_height = 20
; extruder_clearance_radius = 25
; extruder_colour = #FF0000
; extruder_offset = 0x0
; extrusion_axis = E
; extrusion_multiplier = 1.16
; extrusion_width = 0
; fan_always_on = 0
; fan_below_layer_time = 100
; filament_abrasive = 0
; filament_colour = #000000
; filament_cooling_final_speed = 2
; filament_cooling_initial_speed = 3
; filament_cooling_moves = 1
; filament_cost = 35000
; filament_density = 1.21
; filament_deretract_speed = nil
; filament_diameter = 1.75
; filament_infill_max_crossing_speed = 0
; filament_infill_max_speed = 0
; filament_load_time = 0
; filament_loading_speed = 14
; filament_loading_speed_start = 19
; filament_max_volumetric_speed = 1.2
; filament_minimal_purge_on_wipe_tower = 0
; filament_multitool_ramming = 0
; filament_multitool_ramming_flow = 10
; filament_multitool_ramming_volume = 10
; filament_notes = ""
; filament_purge_multiplier = 100%
; filament_ramming_parameters = "130 120 2.70968 2.93548 3.32258 3.83871 4.58065 5.54839 6.51613 7.35484 7.93548 8.16129| 0.05 2.66451 0.45 3.05805 0.95 4.05807 1.45 5.97742 1.95 7.69999 2.45 8.1936 2.95 11.342 3.45 11.4065 3.95 7.6 4.45 7.6 4.95 7.6"
; filament_retract_before_travel = nil
; filament_retract_before_wipe = nil
; filament_retract_layer_change = nil
; filament_retract_length = 0
; filament_retract_length_toolchange = nil
; filament_retract_lift = nil
; filament_retract_lift_above = nil
; filament_retract_lift_below = nil
; filament_retract_restart_extra = nil
; filament_retract_restart_extra_toolchange = nil
; filament_retract_speed = nil
; filament_seam_gap_distance = nil
; filament_settings_id = "TPU Local"
; filament_shrinkage_compensation_xy = 0%
; filament_shrinkage_compensation_z = 0%
; filament_soluble = 0
; filament_spool_weight = 1000
; filament_stamping_distance = 0
; filament_stamping_loading_speed = 20
; filament_toolchange_delay = 0
; filament_travel_lift_before_obstacle = nil
; filament_travel_max_lift = nil
; filament_travel_ramping_lift = nil
; filament_travel_slope = nil
; filament_type = FLEX
; filament_unload_time = 0
; filament_unloading_speed = 20
; filament_unloading_speed_start = 100
; filament_vendor = Eolas Prints
; filament_wipe = nil
; fill_angle = 45
; fill_density = 15%
; fill_pattern = gyroid
; first_layer_acceleration = 0
; first_layer_acceleration_over_raft = 0
; first_layer_bed_temperature = 40
; first_layer_extrusion_width = 200%
; first_layer_height = 0.25
; first_layer_infill_speed = 0
; first_layer_speed = 30
; first_layer_speed_over_raft = 30
; first_layer_temperature = 200
; full_fan_speed_layer = 0
; fuzzy_skin = none
; fuzzy_skin_point_dist = 0.8
; fuzzy_skin_thickness = 0.3
; gap_fill_enabled = 1
; gap_fill_speed = 20
; gcode_comments = 0
; gcode_flavor = marlin
; gcode_label_objects = octoprint
; gcode_resolution = 0.0125
; gcode_substitutions = 
; high_current_on_filament_swap = 0
; host_type = prusalink
; idle_temperature = nil
; infill_acceleration = 0
; infill_anchor = 600%
; infill_anchor_max = 50
; infill_every_layers = 1
; infill_extruder = 1
; infill_extrusion_width = 0
; infill_first = 0
; infill_overlap = 25%
; infill_speed = 80
; inherits_cummulative = ;"Eolas Prints TPU 93A @Template";
; interface_shells = 0
; interlocking_beam = 0
; interlocking_beam_layer_count = 2
; interlocking_beam_width = 0.8
; interlocking_boundary_avoidance = 2
; interlocking_depth = 2
; interlocking_orientation = 22.5
; ironing = 0
; ironing_flowrate = 15%
; ironing_spacing = 0.1
; ironing_speed = 15
; ironing_type = top
; layer_gcode = 
; layer_height = 0.2
; machine_limits_usage = time_estimate_only
; machine_max_acceleration_e = 10000,5000
; machine_max_acceleration_extruding = 1500,1250
; machine_max_acceleration_retracting = 1500,1250
; machine_max_acceleration_travel = 1500,1250
; machine_max_acceleration_x = 9000,1000
; machine_max_acceleration_y = 9000,1000
; machine_max_acceleration_z = 500,200
; machine_max_feedrate_e = 120,120
; machine_max_feedrate_x = 500,200
; machine_max_feedrate_y = 500,200
; machine_max_feedrate_z = 12,12
; machine_max_jerk_e = 2.5,2.5
; machine_max_jerk_x = 10,10
; machine_max_jerk_y = 10,10
; machine_max_jerk_z = 0.2,0.4
; machine_max_junction_deviation = 0,0
; machine_min_extruding_rate = 0,0
; machine_min_travel_rate = 0,0
; max_fan_speed = 90
; max_layer_height = 0
; max_print_height = 200
; max_print_speed = 80
; max_volumetric_extrusion_rate_slope_negative = 0
; max_volumetric_extrusion_rate_slope_positive = 0
; max_volumetric_speed = 0
; min_bead_width = 85%
; min_fan_speed = 70
; min_feature_size = 25%
; min_layer_height = 0.05
; min_print_speed = 10
; min_skirt_length = 0
; mmu_segmented_region_interlocking_depth = 0
; mmu_segmented_region_max_width = 0
; multimaterial_purging = 140
; notes = 
; nozzle_diameter = 0.4
; nozzle_high_flow = 0
; only_one_perimeter_first_layer = 0
; only_retract_when_crossing_perimeters = 0
; ooze_prevention = 0
; output_filename_format = [print_time],[filament_type],[input_filename_base].gcode
; over_bridge_speed = 0
; overhang_fan_speed_0 = 0
; overhang_fan_speed_1 = 0
; overhang_fan_speed_2 = 0
; overhang_fan_speed_3 = 0
; overhang_speed_0 = 15
; overhang_speed_1 = 15
; overhang_speed_2 = 20
; overhang_speed_3 = 25
; overhangs = 1
; parking_pos_retraction = 92
; pause_print_gcode = M601
; perimeter_acceleration = 0
; perimeter_extruder = 1
; perimeter_extrusion_width = 0
; perimeter_generator = arachne
; perimeter_speed = 60
; perimeters = 3
; physical_printer_settings_id = 
; post_process = 
; prefer_clockwise_movements = 0
; print_settings_id = Anet
; printer_model = 
; printer_notes = 
; printer_settings_id = Anet
; printer_technology = FFF
; printer_variant = 
; printer_vendor = 
; raft_contact_distance = 0.1
; raft_expansion = 1.5
; raft_first_layer_density = 90%
; raft_first_layer_expansion = 3
; raft_layers = 0
; remaining_times = 1
; resolution = 0
; retract_before_travel = 2
; retract_before_wipe = 0%
; retract_layer_change = 0
; retract_length = 2
; retract_length_toolchange = 10
; retract_lift = 0
; retract_lift_above = 0
; retract_lift_below = 0
; retract_restart_extra = 0
; retract_restart_extra_toolchange = 0
; retract_speed = 40
; scarf_seam_entire_loop = 0
; scarf_seam_length = 20
; scarf_seam_max_segment_length = 1
; scarf_seam_on_inner_perimeters = 0
; scarf_seam_only_on_smooth = 1
; scarf_seam_placement = nowhere
; scarf_seam_start_height = 0%
; seam_gap_distance = 15%
; seam_position = aligned
; silent_mode = 1
; single_extruder_multi_material = 0
; single_extruder_multi_material_priming = 1
; skirt_distance = 6
; skirt_height = 1
; skirts = 0
; slice_closing_radius = 0.049
; slicing_mode = regular
; slowdown_below_layer_time = 10
; small_perimeter_speed = 15
; solid_infill_acceleration = 0
; solid_infill_below_area = 70
; solid_infill_every_layers = 0
; solid_infill_extruder = 1
; solid_infill_extrusion_width = 0
; solid_infill_speed = 20
; spiral_vase = 0
; staggered_inner_seams = 0
; standby_temperature_delta = -5
; start_filament_gcode = "; Filament gcode\n"
; start_gcode = G28 ; home all axes\nG1 Z5 F5000 ; lift nozzle\n
; support_material = 0
; support_material_angle = 0
; support_material_auto = 1
; support_material_bottom_contact_distance = 0
; support_material_bottom_interface_layers = -1
; support_material_buildplate_only = 0
; support_material_closing_radius = 2
; support_material_contact_distance = 0.2
; support_material_enforce_layers = 0
; support_material_extruder = 1
; support_material_extrusion_width = 0
; support_material_interface_contact_loops = 0
; support_material_interface_extruder = 1
; support_material_interface_layers = 3
; support_material_interface_pattern = rectilinear
; support_material_interface_spacing = 0
; support_material_interface_speed = 100%
; support_material_pattern = rectilinear
; support_material_spacing = 2.5
; support_material_speed = 60
; support_material_style = grid
; support_material_synchronize_layers = 0
; support_material_threshold = 0
; support_material_with_sheath = 1
; support_material_xy_spacing = 50%
; support_tree_angle = 40
; support_tree_angle_slow = 25
; support_tree_branch_diameter = 2
; support_tree_branch_diameter_angle = 5
; support_tree_branch_diameter_double_wall = 3
; support_tree_branch_distance = 1
; support_tree_tip_diameter = 0.8
; support_tree_top_rate = 15%
; temperature = 190
; template_custom_gcode = 
; thick_bridges = 1
; thin_walls = 1
; thumbnails = 
; thumbnails_format = PNG
; toolchange_gcode = 
; top_fill_pattern = monotonic
; top_infill_extrusion_width = 0
; top_one_perimeter_type = none
; top_solid_infill_acceleration = 0
; top_solid_infill_speed = 15
; top_solid_layers = 3
; top_solid_min_thickness = 0
; travel_acceleration = 0
; travel_lift_before_obstacle = 0
; travel_max_lift = 0
; travel_ramping_lift = 0
; travel_short_distance_acceleration = 0
; travel_slope = 0
; travel_speed = 130
; travel_speed_z = 0
; use_firmware_retraction = 0
; use_relative_e_distances = 0
; use_volumetric_e = 0
; variable_layer_height = 1
; wall_distribution_count = 1
; wall_transition_angle = 10
; wall_transition_filter_deviation = 25%
; wall_transition_length = 100%
; wipe = 0
; wipe_into_infill = 0
; wipe_into_objects = 0
; wipe_tower = 1
; wipe_tower_acceleration = 0
; wipe_tower_bridging = 10
; wipe_tower_brim_width = 2
; wipe_tower_cone_angle = 0
; wipe_tower_extra_flow = 100%
; wipe_tower_extra_spacing = 100%
; wipe_tower_extruder = 0
; wipe_tower_no_sparse_layers = 0
; wipe_tower_width = 60
; wiping_volumes_matrix = 0
; wiping_volumes_use_custom_matrix = 0
; xy_size_compensation = 0
; z_offset = 0.3
; prusaslicer_config = end
